review_id,trip_id,reviewer_id,reviewee_id,rating,comment,reviewed_at,review_month
1,1,1958,1001,4,Very comfortable ride.,2024-06-24 14:52:11,2024-06
2,1,1001,1958,4,Super friendly and helpful.,2024-06-24 16:09:11,2024-06
3,3,324,373,4,Very clean car.,2023-08-17 11:08:06,2023-08
4,4,373,5,4,,2022-11-21 11:30:31,2022-11
5,5,680,1356,3,,2022-01-15 15:25:56,2022-01
6,10,680,690,4,,2022-06-13 11:02:29,2022-06
7,13,553,680,3,"Great driver, very professional!",2023-06-27 01:25:43,2023-06
8,14,680,1649,3,Fine driver.,2024-03-17 22:45:46,2024-03
9,18,1970,833,5,Fast and safe driver.,2022-08-11 08:39:45,2022-08
10,20,1970,1301,4,,2023-09-01 16:57:27,2023-09
11,20,1301,1970,4,,2023-09-01 15:36:27,2023-09
12,23,1970,1623,3,,2023-04-16 05:10:04,2023-04
13,24,1970,1956,3,,2023-09-09 16:40:07,2023-09
14,25,1970,1606,3,,2023-05-22 12:58:26,2023-05
15,25,1606,1970,2,Super friendly and helpful.,2023-05-22 12:59:26,2023-05
16,26,1443,1970,3,Super friendly and helpful.,2024-05-29 05:10:02,2024-05
17,27,1970,199,4,,2024-05-31 11:25:24,2024-05
18,27,199,1970,3,Super friendly and helpful.,2024-05-31 12:45:24,2024-05
19,30,1970,1437,3,,2024-01-30 20:27:32,2024-01
20,32,1970,811,4,,2023-11-26 22:07:02,2023-11
21,33,1970,1562,4,,2024-04-23 07:41:24,2024-04
22,35,1970,334,3,Nothing to complain about.,2022-12-22 23:24:45,2022-12
23,36,748,1970,3,Super friendly and helpful.,2023-12-17 02:44:16,2023-12
24,38,1970,1210,4,"Great rider, very polite.",2022-12-19 10:30:01,2022-12
25,40,1970,164,4,Fast and safe driver.,2022-11-24 21:42:11,2022-11
26,41,1970,1135,3,Nothing to complain about.,2023-12-15 22:06:40,2023-12
27,43,1970,1492,3,Trip was okay.,2023-11-30 08:43:30,2023-11
28,43,1492,1970,3,Very clean car.,2023-11-30 10:10:30,2023-11
29,44,1970,162,5,Car was spotless.,2023-06-17 06:56:47,2023-06
30,46,1970,1590,3,,2024-04-09 13:08:41,2024-04
31,48,1970,728,4,"Great rider, very polite.",2023-09-23 00:44:25,2023-09
32,49,1970,1380,4,,2022-12-25 18:26:10,2022-12
33,50,1970,1548,4,,2022-08-19 10:13:27,2022-08
34,51,677,1970,4,Super friendly and helpful.,2024-02-03 07:37:07,2024-02
35,53,1302,1970,3,"Smooth ride, on time.",2023-10-11 06:36:32,2023-10
36,54,1970,1830,3,Trip was okay.,2022-01-31 22:08:45,2022-01
37,55,619,898,4,,2022-08-11 15:02:47,2022-08
38,56,436,619,5,Super friendly and helpful.,2023-12-03 14:30:41,2023-12
39,57,619,1651,4,,2023-01-22 05:26:40,2023-01
40,59,619,1023,4,,2022-10-12 16:00:43,2022-10
41,61,619,1196,4,,2023-04-27 23:18:10,2023-04
42,62,619,1955,5,,2023-08-05 13:01:16,2023-08
43,64,619,1623,3,,2023-02-19 10:32:25,2023-02
44,66,1617,1653,3,Fine driver.,2024-01-26 13:09:14,2024-01
45,68,1617,485,4,,2023-06-02 14:48:32,2023-06
46,68,485,1617,3,"Smooth ride, on time.",2023-06-02 17:22:32,2023-06
47,69,1617,1206,4,Car was spotless.,2024-03-11 00:21:21,2024-03
48,69,1206,1617,4,"Great driver, very professional!",2024-03-10 22:39:21,2024-03
49,70,1617,1041,2,,2022-04-26 16:57:52,2022-04
50,70,1041,1617,3,"Smooth ride, on time.",2022-04-26 16:28:52,2022-04
51,71,1617,44,5,"5 stars, highly recommend!",2023-11-09 01:56:17,2023-11
52,72,1617,1702,4,Very courteous driver.,2023-10-15 13:50:17,2023-10
53,73,1617,97,4,Super friendly and helpful.,2022-02-28 23:55:50,2022-02
54,73,97,1617,4,Very clean car.,2022-03-01 00:44:50,2022-03
55,74,1617,868,4,,2024-03-08 16:15:20,2024-03
56,76,1693,1617,3,Very clean car.,2022-03-13 02:30:54,2022-03
57,78,1617,1371,4,,2023-03-28 04:37:04,2023-03
58,79,1617,1131,3,,2022-12-11 19:54:48,2022-12
59,80,1617,1141,4,,2023-03-18 07:44:39,2023-03
60,81,1617,585,4,,2024-03-11 05:20:01,2024-03
61,81,585,1617,4,"Excellent service, will ride again.",2024-03-11 05:46:01,2024-03
62,82,1817,327,4,Very comfortable ride.,2023-11-01 19:00:45,2023-11
63,84,1817,510,4,,2023-05-30 15:36:58,2023-05
64,84,510,1817,3,"Great driver, very professional!",2023-05-30 16:53:58,2023-05
65,86,475,1091,4,Very comfortable ride.,2022-08-12 03:18:01,2022-08
66,86,1091,475,4,Very clean car.,2022-08-12 02:05:01,2022-08
67,87,475,1776,3,,2023-04-05 14:03:12,2023-04
68,90,679,318,4,,2023-05-02 01:33:21,2023-05
69,90,318,679,2,"Excellent service, will ride again.",2023-05-02 02:46:21,2023-05
70,92,679,1011,4,Super friendly and helpful.,2022-06-05 02:34:20,2022-06
71,93,679,5,3,,2022-07-17 22:52:14,2022-07
72,95,1127,2,5,,2022-01-19 15:07:44,2022-01
73,95,2,1127,4,"Excellent service, will ride again.",2022-01-19 15:10:44,2022-01
74,98,1437,1500,4,,2022-08-20 18:44:25,2022-08
75,100,1500,515,4,"5 stars, highly recommend!",2022-07-09 05:35:15,2022-07
76,101,327,1500,3,"Smooth ride, on time.",2022-05-24 19:49:17,2022-05
77,104,5,1500,4,Very clean car.,2023-06-16 00:21:07,2023-06
78,105,1500,542,3,Nothing to complain about.,2022-03-01 23:00:14,2022-03
79,106,448,1500,4,Super friendly and helpful.,2023-12-14 17:42:01,2023-12
80,107,1500,1987,4,"Great driver, very professional!",2022-08-25 22:00:05,2022-08
81,107,1987,1500,3,"Great driver, very professional!",2022-08-25 21:18:05,2022-08
82,110,1500,458,3,,2023-08-22 14:54:08,2023-08
83,111,212,1497,4,"5 stars, highly recommend!",2023-06-25 04:37:34,2023-06
84,112,421,40,3,Acceptable ride.,2023-09-23 20:38:23,2023-09
85,112,40,421,3,"Smooth ride, on time.",2023-09-23 20:42:23,2023-09
86,113,421,24,4,"Great driver, very professional!",2022-04-06 11:11:56,2022-04
87,113,24,421,4,"Excellent service, will ride again.",2022-04-06 12:47:56,2022-04
88,114,421,235,4,"Perfect trip, no issues.",2023-02-27 00:40:19,2023-02
89,115,421,97,4,Car was spotless.,2023-12-29 21:33:45,2023-12
90,116,421,1081,4,,2023-11-22 00:54:26,2023-11
91,117,421,1975,3,Decent experience.,2022-02-06 18:46:35,2022-02
92,117,1975,421,4,"Excellent service, will ride again.",2022-02-06 17:33:35,2022-02
93,118,421,997,4,"Quick and efficient, thanks!",2023-11-27 15:00:59,2023-11
94,119,421,1993,3,,2022-12-22 13:42:18,2022-12
95,120,421,947,4,,2024-06-28 21:51:58,2024-06
96,120,947,421,4,"Smooth ride, on time.",2024-06-28 22:34:58,2024-06
97,121,421,1795,4,Very courteous driver.,2024-01-13 02:15:30,2024-01
98,122,421,146,4,,2024-02-27 00:20:41,2024-02
99,124,421,389,4,,2024-06-14 15:55:12,2024-06
100,127,421,319,3,,2024-04-11 08:59:28,2024-04
101,128,421,1162,5,Very comfortable ride.,2022-01-08 16:33:53,2022-01
102,128,1162,421,3,Very clean car.,2022-01-08 15:09:53,2022-01
103,130,421,97,4,Super friendly and helpful.,2022-03-25 06:50:08,2022-03
104,131,421,542,4,,2023-05-23 14:36:07,2023-05
105,132,421,1584,5,,2024-03-09 23:30:33,2024-03
106,134,142,421,3,Super friendly and helpful.,2024-01-13 17:35:25,2024-01
107,136,421,1293,2,,2022-08-06 02:31:02,2022-08
108,139,421,104,3,Got there safely.,2022-08-17 22:16:19,2022-08
109,139,104,421,3,,2022-08-18 00:12:19,2022-08
110,140,421,1492,4,,2024-04-09 02:04:56,2024-04
111,140,1492,421,3,"Excellent service, will ride again.",2024-04-09 02:21:56,2024-04
112,141,1409,515,4,,2023-12-18 08:01:53,2023-12
113,142,551,1237,5,Fast and safe driver.,2023-02-04 16:37:36,2023-02
114,143,551,995,4,"Great driver, very professional!",2024-02-28 01:49:06,2024-02
115,144,1590,551,2,"Smooth ride, on time.",2024-03-18 10:21:32,2024-03
116,147,551,1825,4,Very comfortable ride.,2023-09-09 12:09:17,2023-09
117,148,551,1248,5,"Easy pickup, no problems.",2023-05-12 09:40:19,2023-05
118,149,551,1210,4,,2023-07-12 18:48:05,2023-07
119,150,551,120,4,"5 stars, highly recommend!",2022-05-13 14:06:47,2022-05
120,150,120,551,3,Super friendly and helpful.,2022-05-13 15:17:47,2022-05
121,151,551,494,4,,2023-07-06 18:39:57,2023-07
122,152,551,1100,5,,2022-11-20 03:48:20,2022-11
123,152,1100,551,3,"Great driver, very professional!",2022-11-20 04:36:20,2022-11
124,153,551,1984,3,Got there safely.,2022-09-16 02:04:47,2022-09
125,153,1984,551,4,"Excellent service, will ride again.",2022-09-16 04:10:47,2022-09
126,155,455,1830,4,,2023-06-27 02:32:58,2023-06
127,156,455,1956,4,Very clean car.,2024-01-01 04:17:22,2024-01
128,157,907,995,3,Average experience.,2022-09-01 22:19:46,2022-09
129,159,907,488,4,,2022-03-16 01:52:34,2022-03
130,160,907,66,4,,2022-01-05 09:37:29,2022-01
131,161,907,1302,5,Fast and safe driver.,2022-08-08 22:45:37,2022-08
132,163,207,907,3,"Smooth ride, on time.",2022-01-30 09:16:51,2022-01
133,167,65,907,4,Very clean car.,2022-09-10 19:03:00,2022-09
134,168,907,434,4,Loved the music selection!,2023-01-01 03:14:09,2023-01
135,168,434,907,4,"Excellent service, will ride again.",2023-01-01 03:34:09,2023-01
136,169,907,1555,3,Decent experience.,2023-07-20 17:57:24,2023-07
137,174,309,778,3,Got there safely.,2023-09-24 22:34:16,2023-09
138,176,309,612,4,"Great rider, very polite.",2022-01-01 22:10:56,2022-01
139,176,612,309,2,,2022-01-01 23:33:56,2022-01
140,177,309,1310,3,,2022-09-18 20:28:16,2022-09
141,177,1310,309,4,"Excellent service, will ride again.",2022-09-18 21:16:16,2022-09
142,179,309,1775,5,"Perfect trip, no issues.",2024-02-10 08:38:54,2024-02
143,180,309,1889,4,,2022-07-16 19:17:54,2022-07
144,182,309,467,4,Super friendly and helpful.,2024-03-07 05:30:08,2024-03
145,183,309,677,3,Trip was okay.,2024-06-02 04:20:19,2024-06
146,184,309,2,4,Super friendly and helpful.,2023-12-20 14:44:34,2023-12
147,184,2,309,4,"Great driver, very professional!",2023-12-20 15:30:34,2023-12
148,185,309,448,5,Loved the music selection!,2023-10-24 20:57:34,2023-10
149,189,1056,1248,2,,2023-04-26 17:24:15,2023-04
150,194,1056,351,4,"Smooth ride, on time.",2022-10-20 16:56:46,2022-10
151,195,1056,1495,4,,2022-02-21 21:46:24,2022-02
152,196,1056,469,2,Took too long.,2022-03-05 17:30:41,2022-03
153,196,469,1056,3,,2022-03-05 16:33:41,2022-03
154,197,1056,539,3,,2023-03-02 21:33:31,2023-03
155,199,1056,271,4,,2022-02-11 03:14:42,2022-02
156,200,1056,664,3,Decent experience.,2023-07-29 08:57:32,2023-07
157,202,1056,1558,4,,2023-09-29 22:03:54,2023-09
158,203,1056,288,3,"OK trip, nothing special.",2024-05-28 16:07:47,2024-05
159,204,564,1056,3,"Great driver, very professional!",2024-05-26 13:19:35,2024-05
160,206,308,1937,4,,2023-04-26 13:49:59,2023-04
161,207,308,759,4,,2022-10-28 20:33:30,2022-10
162,207,759,308,2,"Great driver, very professional!",2022-10-28 19:58:30,2022-10
163,210,308,1386,4,,2022-03-26 04:41:29,2022-03
164,211,308,506,4,"Perfect trip, no issues.",2022-08-14 19:18:42,2022-08
165,212,1890,308,4,Super friendly and helpful.,2024-06-15 08:58:28,2024-06
166,213,1623,308,3,"Great driver, very professional!",2023-09-27 09:19:41,2023-09
167,214,308,1108,3,Nothing to complain about.,2022-10-02 19:33:53,2022-10
168,214,1108,308,2,Very clean car.,2022-10-02 21:09:53,2022-10
169,215,308,271,5,"Great rider, very polite.",2023-11-17 22:10:55,2023-11
170,217,697,310,3,Very clean car.,2024-03-22 16:54:51,2024-03
171,221,310,1117,4,,2024-05-14 17:43:25,2024-05
172,225,1162,1697,4,"Smooth ride, on time.",2022-05-10 09:56:07,2022-05
173,227,1697,1311,3,,2024-01-06 16:58:24,2024-01
174,228,1697,40,3,Nothing to complain about.,2024-01-02 05:24:24,2024-01
175,229,1697,338,4,,2023-10-19 00:15:45,2023-10
176,231,1697,194,4,"5 stars, highly recommend!",2023-07-24 05:07:01,2023-07
177,233,1697,192,4,"Easy pickup, no problems.",2023-05-13 13:36:48,2023-05
178,234,1697,957,2,Not very clean.,2023-04-09 11:35:07,2023-04
179,235,1697,1131,3,Fine driver.,2024-02-21 22:47:17,2024-02
180,236,1697,393,3,,2023-11-10 12:07:47,2023-11
181,237,1697,920,3,,2024-03-15 21:44:16,2024-03
182,239,1697,1243,4,,2024-02-16 23:24:14,2024-02
183,240,409,433,3,Acceptable ride.,2022-03-04 00:57:11,2022-03
184,241,1270,1443,3,,2023-06-05 08:29:34,2023-06
185,241,1443,1270,4,"Great driver, very professional!",2023-06-05 08:56:34,2023-06
186,242,1270,125,4,"Smooth ride, on time.",2022-08-07 23:19:05,2022-08
187,243,1270,1544,4,Very comfortable ride.,2023-04-19 23:01:48,2023-04
188,245,139,1270,4,"Great driver, very professional!",2022-10-09 02:31:45,2022-10
189,246,1270,485,4,,2024-03-26 04:12:59,2024-03
190,248,1270,1993,2,Took a longer route.,2023-05-26 02:43:34,2023-05
191,249,1270,860,4,,2023-01-23 04:28:24,2023-01
192,249,860,1270,3,"Excellent service, will ride again.",2023-01-23 03:19:24,2023-01
193,250,1270,293,4,"Easy pickup, no problems.",2023-06-27 22:32:05,2023-06
194,250,293,1270,3,"Smooth ride, on time.",2023-06-27 22:41:05,2023-06
195,254,1270,341,4,,2022-04-29 22:01:59,2022-04
196,255,1270,1135,4,"Great rider, very polite.",2023-09-06 19:24:41,2023-09
197,257,1946,1561,3,,2023-06-11 01:32:44,2023-06
198,258,1946,602,4,,2023-02-28 09:49:04,2023-02
199,258,602,1946,4,Super friendly and helpful.,2023-02-28 10:20:04,2023-02
200,259,506,1946,4,Super friendly and helpful.,2023-11-29 13:30:49,2023-11
201,263,1286,1021,2,"Great driver, very professional!",2022-05-05 07:04:33,2022-05
202,264,1021,1311,4,Very courteous driver.,2023-01-13 03:12:41,2023-01
203,267,1021,201,5,"Great driver, very professional!",2022-08-25 19:24:21,2022-08
204,268,1021,1713,4,,2023-11-30 22:37:02,2023-11
205,268,1713,1021,4,,2023-11-30 22:28:02,2023-11
206,269,1021,1479,5,,2024-06-25 22:23:41,2024-06
207,270,1021,1128,3,Trip was okay.,2022-01-16 20:09:45,2022-01
208,270,1128,1021,3,"Smooth ride, on time.",2022-01-16 21:43:45,2022-01
209,272,1021,996,3,Got there safely.,2023-12-24 18:01:19,2023-12
210,273,1021,1794,5,,2023-03-10 13:24:30,2023-03
211,273,1794,1021,4,"Smooth ride, on time.",2023-03-10 13:48:30,2023-03
212,274,391,327,3,,2023-01-16 13:31:22,2023-01
213,276,391,1207,4,,2024-04-20 06:12:23,2024-04
214,277,391,1035,5,"5 stars, highly recommend!",2023-09-20 03:32:01,2023-09
215,278,391,1965,3,Average experience.,2023-07-23 09:09:47,2023-07
216,280,391,1623,4,"Great driver, very professional!",2022-07-28 05:19:17,2022-07
217,281,225,1062,4,,2023-06-21 00:30:52,2023-06
218,286,482,1494,3,,2023-03-20 22:31:10,2023-03
219,288,482,201,5,"Great driver, very professional!",2023-05-08 12:40:18,2023-05
220,288,201,482,3,"Great driver, very professional!",2023-05-08 12:47:18,2023-05
221,289,482,1001,4,,2023-05-20 20:12:07,2023-05
222,290,851,1450,4,Very clean car.,2024-02-20 09:45:27,2024-02
223,292,1293,381,4,,2022-11-13 16:58:20,2022-11
224,293,381,585,4,Loved the music selection!,2022-03-20 21:46:52,2022-03
225,297,1553,119,4,,2022-05-24 08:39:13,2022-05
226,297,119,1553,4,Very clean car.,2022-05-24 10:00:13,2022-05
227,298,1553,630,2,Had trouble finding the pickup spot.,2022-02-05 15:29:09,2022-02
228,299,1553,1584,4,,2023-08-31 05:25:29,2023-08
229,301,1553,1443,4,,2022-05-25 07:09:18,2022-05
230,301,1443,1553,3,"Excellent service, will ride again.",2022-05-25 08:16:18,2022-05
231,303,1929,1955,5,Very courteous driver.,2023-03-13 12:47:52,2023-03
232,307,1929,986,4,Car was spotless.,2022-01-09 02:52:30,2022-01
233,309,1929,1350,4,,2023-04-28 22:14:12,2023-04
234,309,1350,1929,4,Super friendly and helpful.,2023-04-28 22:57:12,2023-04
235,311,1929,1654,2,,2023-07-20 17:08:31,2023-07
236,311,1654,1929,2,"Great driver, very professional!",2023-07-20 15:25:31,2023-07
237,312,1929,539,3,,2024-02-02 22:32:11,2024-02
238,314,974,1929,4,"Excellent service, will ride again.",2023-11-14 15:10:51,2023-11
239,316,1929,1001,5,Loved the music selection!,2023-09-13 22:32:35,2023-09
240,316,1001,1929,3,"Excellent service, will ride again.",2023-09-13 23:20:35,2023-09
241,318,1929,593,4,"5 stars, highly recommend!",2023-02-28 15:53:44,2023-02
242,320,1929,1207,5,,2023-08-08 18:58:46,2023-08
243,320,1207,1929,3,Very clean car.,2023-08-08 21:10:46,2023-08
244,321,1929,202,4,,2023-08-30 19:44:07,2023-08
245,322,5,1929,3,Very clean car.,2022-10-29 00:05:54,2022-10
246,323,1929,1197,5,"5 stars, highly recommend!",2023-10-02 19:51:30,2023-10
247,324,974,1929,3,,2024-01-07 06:01:33,2024-01
248,326,1929,488,3,"OK trip, nothing special.",2022-08-03 17:24:42,2022-08
249,327,417,1060,5,,2023-06-17 13:39:19,2023-06
250,328,417,1649,2,Driver was rude.,2023-02-25 21:08:46,2023-02
251,328,1649,417,4,,2023-02-25 20:59:46,2023-02
252,329,417,1558,5,Fast and safe driver.,2022-11-27 17:07:35,2022-11
253,330,417,155,4,,2022-03-24 10:24:33,2022-03
254,331,417,833,5,,2023-06-09 20:26:16,2023-06
255,332,417,1981,5,,2023-03-25 03:05:51,2023-03
256,334,417,957,3,Nothing to complain about.,2022-07-13 18:12:33,2022-07
257,335,417,1356,5,"5 stars, highly recommend!",2022-05-09 16:21:44,2022-05
258,335,1356,417,3,"Great driver, very professional!",2022-05-09 17:08:44,2022-05
259,338,417,136,4,,2023-07-19 08:38:02,2023-07
260,338,136,417,3,Super friendly and helpful.,2023-07-19 08:24:02,2023-07
261,340,417,1011,4,"5 stars, highly recommend!",2024-05-20 12:59:59,2024-05
262,341,1198,417,4,"Smooth ride, on time.",2024-05-12 03:26:04,2024-05
263,345,417,1373,5,Super friendly and helpful.,2022-04-05 11:35:50,2022-04
264,346,651,1386,4,Very courteous driver.,2022-09-13 03:04:59,2022-09
265,347,651,1654,5,,2022-08-29 03:37:44,2022-08
266,348,651,782,2,,2022-04-03 03:19:57,2022-04
267,352,651,24,3,,2022-09-24 23:34:18,2022-09
268,354,651,1281,4,,2022-07-09 20:17:22,2022-07
269,355,136,651,3,,2023-09-13 13:34:08,2023-09
270,356,1592,1471,3,Nothing to complain about.,2023-09-14 19:22:01,2023-09
271,357,1592,62,4,Car was spotless.,2024-06-19 16:22:13,2024-06
272,357,62,1592,3,"Smooth ride, on time.",2024-06-19 16:06:13,2024-06
273,358,1592,461,3,,2024-06-26 09:40:36,2024-06
274,358,461,1592,3,Very clean car.,2024-06-26 07:59:36,2024-06
275,359,1592,1328,4,"Smooth ride, on time.",2024-04-14 21:22:12,2024-04
276,359,1328,1592,4,"Smooth ride, on time.",2024-04-14 22:11:12,2024-04
277,360,412,627,4,Very clean car.,2022-01-20 16:56:08,2022-01
278,361,627,883,4,"Quick and efficient, thanks!",2023-10-17 00:15:05,2023-10
279,361,883,627,3,"Smooth ride, on time.",2023-10-17 00:19:05,2023-10
280,362,627,1968,5,Very comfortable ride.,2023-07-26 04:01:05,2023-07
281,363,1923,52,4,,2022-08-15 01:17:58,2022-08
282,364,217,1053,2,Driver was rude.,2024-05-13 22:03:15,2024-05
283,364,1053,217,4,Very clean car.,2024-05-13 22:44:15,2024-05
284,365,1149,452,3,Nothing to complain about.,2022-11-25 04:17:33,2022-11
285,365,452,1149,3,,2022-11-25 03:57:33,2022-11
286,367,913,104,4,,2022-02-27 07:28:52,2022-02
287,367,104,913,4,"Excellent service, will ride again.",2022-02-27 08:37:52,2022-02
288,368,1290,1438,2,,2024-06-15 09:35:41,2024-06
289,369,1290,506,4,,2024-03-30 21:15:01,2024-03
290,370,1290,1700,4,Very courteous driver.,2023-09-15 02:41:20,2023-09
291,370,1700,1290,4,"Excellent service, will ride again.",2023-09-15 03:53:20,2023-09
292,371,1290,1736,4,"Easy pickup, no problems.",2023-06-08 07:52:36,2023-06
293,372,766,1290,3,"Smooth ride, on time.",2022-04-26 18:16:17,2022-04
294,373,1290,1948,5,Very clean car.,2022-11-14 00:50:44,2022-11
295,374,1937,1290,4,Very clean car.,2023-03-19 21:35:27,2023-03
296,375,1290,318,5,Very courteous driver.,2022-01-17 04:19:53,2022-01
297,376,1555,1290,4,Super friendly and helpful.,2023-10-05 05:28:03,2023-10
298,377,1290,643,5,,2023-07-19 02:05:47,2023-07
299,378,1290,664,4,"Perfect trip, no issues.",2024-02-10 01:51:41,2024-02
300,378,664,1290,5,"Great driver, very professional!",2024-02-10 00:42:41,2024-02
301,379,1290,929,3,Decent experience.,2023-02-27 11:20:21,2023-02
302,380,1290,1410,5,"Smooth ride, on time.",2023-11-16 07:32:57,2023-11
303,381,1290,957,4,"Excellent service, will ride again.",2022-05-17 13:45:40,2022-05
304,381,957,1290,4,,2022-05-17 13:16:40,2022-05
305,382,1290,510,2,Driver was rude.,2023-11-23 11:21:39,2023-11
306,382,510,1290,4,Very clean car.,2023-11-23 10:50:39,2023-11
307,383,1290,553,4,,2024-02-22 01:01:01,2024-02
308,384,1290,1983,3,,2023-03-12 16:53:12,2023-03
309,385,1290,1839,4,,2023-05-28 16:36:14,2023-05
310,388,164,1694,4,"Great driver, very professional!",2022-05-07 02:04:37,2022-05
311,389,1302,1694,3,"Excellent service, will ride again.",2023-06-30 13:23:24,2023-06
312,391,1694,1651,5,"Easy pickup, no problems.",2022-06-06 01:41:25,2022-06
313,393,138,1607,4,,2022-05-24 23:40:56,2022-05
314,396,1546,376,5,,2022-01-27 20:23:07,2022-01
315,397,108,741,4,,2022-10-30 12:49:12,2022-10
316,397,741,108,4,"Smooth ride, on time.",2022-10-30 13:54:12,2022-10
317,399,536,1795,2,,2024-04-20 08:33:43,2024-04
318,400,536,822,3,,2022-04-03 14:30:09,2022-04
319,401,1429,1091,4,"5 stars, highly recommend!",2022-07-03 03:59:20,2022-07
320,402,1164,1544,5,,2022-12-11 08:49:08,2022-12
321,402,1544,1164,3,Super friendly and helpful.,2022-12-11 10:35:08,2022-12
322,405,1164,1196,3,,2022-02-17 23:48:20,2022-02
323,405,1196,1164,4,Very clean car.,2022-02-17 22:48:20,2022-02
324,408,1164,1035,4,"Great rider, very polite.",2023-09-20 13:40:39,2023-09
325,409,1164,728,5,,2023-02-12 11:45:50,2023-02
326,411,1164,957,4,Very clean car.,2023-07-12 22:24:22,2023-07
327,413,1164,1011,3,,2022-07-11 20:33:34,2022-07
328,414,1164,789,3,Trip was okay.,2023-11-24 21:59:35,2023-11
329,414,789,1164,4,Super friendly and helpful.,2023-11-24 20:58:35,2023-11
330,415,1164,866,4,"Great driver, very professional!",2023-04-25 05:34:59,2023-04
331,415,866,1164,4,"Excellent service, will ride again.",2023-04-25 04:12:59,2023-04
332,417,1164,908,3,,2024-02-12 11:25:49,2024-02
333,418,1869,1164,4,Super friendly and helpful.,2022-02-22 16:20:18,2022-02
334,420,1164,412,5,,2022-11-06 13:50:20,2022-11
335,421,1413,1257,3,Super friendly and helpful.,2023-03-24 16:41:48,2023-03
336,427,1257,1373,4,,2024-01-06 13:32:33,2024-01
337,428,1257,1981,5,"Excellent service, will ride again.",2022-10-31 14:57:53,2022-10
338,429,1257,1471,5,,2023-05-23 22:53:32,2023-05
339,431,1257,693,3,Nothing to complain about.,2023-09-09 08:26:29,2023-09
340,432,1257,1981,4,Fast and safe driver.,2022-05-03 19:01:04,2022-05
341,435,40,1257,3,Super friendly and helpful.,2022-08-10 03:39:37,2022-08
342,436,1257,1198,4,,2024-01-14 22:42:10,2024-01
343,438,1257,1134,3,Decent experience.,2023-04-03 13:30:16,2023-04
344,439,1257,1724,3,Acceptable ride.,2024-03-24 05:48:51,2024-03
345,440,1257,834,4,,2024-02-15 11:13:40,2024-02
346,441,860,1257,4,"Great driver, very professional!",2022-11-30 02:30:03,2022-11
347,442,1257,1947,5,,2023-03-27 07:08:01,2023-03
348,443,1257,15,4,Loved the music selection!,2023-09-08 18:29:54,2023-09
349,447,1990,271,5,,2023-11-01 09:59:38,2023-11
350,447,271,1990,3,,2023-11-01 11:57:38,2023-11
351,448,1720,1267,4,,2022-12-26 20:04:42,2022-12
352,450,1720,759,4,Car was spotless.,2023-01-01 05:07:15,2023-01
353,450,759,1720,4,Very clean car.,2023-01-01 06:01:15,2023-01
354,451,1720,1400,4,,2023-01-28 03:59:35,2023-01
355,453,702,741,3,,2023-09-04 22:01:02,2023-09
356,455,702,1205,2,,2024-06-27 13:10:37,2024-06
357,457,702,1197,3,Acceptable ride.,2022-06-15 03:42:37,2022-06
358,458,702,647,4,Car was spotless.,2022-08-31 19:35:04,2022-08
359,458,647,702,4,Very clean car.,2022-08-31 19:27:04,2022-08
360,459,702,142,3,,2023-01-24 12:18:15,2023-01
361,460,702,1684,3,Got there safely.,2023-12-07 14:49:25,2023-12
362,461,702,230,3,,2022-03-12 01:37:14,2022-03
363,463,702,1700,4,,2022-10-31 16:17:19,2022-10
364,463,1700,702,4,,2022-10-31 18:21:19,2022-10
365,466,702,571,5,,2023-04-01 18:52:10,2023-04
366,468,702,1081,5,,2024-03-16 02:31:03,2024-03
367,470,702,1207,4,"Great rider, very polite.",2024-02-09 06:38:57,2024-02
368,470,1207,702,4,Super friendly and helpful.,2024-02-09 05:59:57,2024-02
369,471,702,866,2,,2023-02-06 23:31:12,2023-02
370,472,702,1293,4,,2022-01-12 09:16:32,2022-01
371,472,1293,702,1,"Great driver, very professional!",2022-01-12 10:39:32,2022-01
372,475,702,119,4,,2023-05-04 04:59:49,2023-05
373,478,1608,872,3,,2023-06-06 13:13:46,2023-06
374,479,872,1741,4,,2022-05-18 23:51:15,2022-05
375,479,1741,872,4,,2022-05-19 00:31:15,2022-05
376,480,872,630,2,Driver was late.,2022-06-28 15:57:23,2022-06
377,481,872,190,4,"Excellent service, will ride again.",2023-10-26 13:34:46,2023-10
378,481,190,872,4,"Great driver, very professional!",2023-10-26 13:15:46,2023-10
379,483,1269,1084,3,,2023-12-28 00:59:45,2023-12
380,483,1084,1269,5,"Smooth ride, on time.",2023-12-28 03:04:45,2023-12
381,484,1269,136,4,,2022-07-06 02:36:29,2022-07
382,488,1999,1909,3,"Excellent service, will ride again.",2023-11-17 16:02:17,2023-11
383,492,622,1984,3,"OK trip, nothing special.",2024-05-05 19:06:39,2024-05
384,493,622,7,3,,2023-12-18 12:38:32,2023-12
385,493,7,622,4,,2023-12-18 11:09:32,2023-12
386,494,622,1608,3,Trip was okay.,2023-07-16 19:13:18,2023-07
387,495,622,957,5,Very comfortable ride.,2022-12-07 04:47:22,2022-12
388,497,1549,878,4,Car was spotless.,2022-09-11 19:35:08,2022-09
389,498,1549,408,2,Had trouble finding the pickup spot.,2022-11-08 10:57:30,2022-11
390,498,408,1549,3,Super friendly and helpful.,2022-11-08 12:08:30,2022-11
391,499,1549,1227,5,Super friendly and helpful.,2023-04-13 13:31:10,2023-04
392,499,1227,1549,3,"Great driver, very professional!",2023-04-13 13:29:10,2023-04
393,502,1549,1607,3,,2024-01-26 03:04:15,2024-01
394,503,1549,2,5,,2022-06-03 00:28:03,2022-06
395,505,1549,1544,4,,2023-04-17 05:41:50,2023-04
396,507,1549,52,4,"Perfect trip, no issues.",2023-01-04 17:04:42,2023-01
397,509,1186,334,4,,2023-11-26 10:54:59,2023-11
398,511,1186,1881,4,,2022-03-01 21:56:53,2022-03
399,513,1186,393,4,,2022-07-02 11:17:07,2022-07
400,513,393,1186,3,Super friendly and helpful.,2022-07-02 11:28:07,2022-07
401,514,1186,1206,5,"Quick and efficient, thanks!",2022-02-02 09:30:05,2022-02
402,515,1186,412,3,Nothing to complain about.,2023-07-26 10:48:40,2023-07
403,516,705,1186,3,Super friendly and helpful.,2023-06-07 16:49:39,2023-06
404,517,1186,1380,3,Trip was okay.,2023-10-21 15:38:26,2023-10
405,518,1186,1881,5,Very clean car.,2022-03-25 21:00:31,2022-03
406,521,1186,1727,4,,2023-01-12 20:49:32,2023-01
407,523,1186,544,5,"Easy pickup, no problems.",2022-03-09 22:56:40,2022-03
408,524,1186,1574,2,,2023-11-05 10:24:27,2023-11
409,525,1186,1400,5,,2022-09-21 12:08:39,2022-09
410,528,1186,293,4,"Excellent service, will ride again.",2023-04-22 21:06:39,2023-04
411,529,1186,1117,4,Super friendly and helpful.,2023-09-24 11:56:59,2023-09
412,530,1186,1343,4,"Excellent service, will ride again.",2024-05-30 01:26:34,2024-05
413,531,1186,645,4,,2023-06-05 09:06:34,2023-06
414,534,1186,759,4,"Great driver, very professional!",2022-08-15 16:07:31,2022-08
415,534,759,1186,4,"Smooth ride, on time.",2022-08-15 17:25:31,2022-08
416,535,1186,1324,3,Got there safely.,2023-12-28 14:57:27,2023-12
417,536,1186,1477,4,Fast and safe driver.,2024-02-04 06:47:43,2024-02
418,538,1186,1606,4,Very comfortable ride.,2024-02-20 13:21:52,2024-02
419,539,1606,1186,3,Very clean car.,2023-02-10 17:12:25,2023-02
420,541,1186,1492,4,,2022-08-23 12:44:43,2022-08
421,541,1492,1186,3,Very clean car.,2022-08-23 14:54:43,2022-08
422,542,1186,498,4,Car was spotless.,2022-03-20 19:59:30,2022-03
423,543,1186,570,5,,2023-09-28 04:42:18,2023-09
424,543,570,1186,3,"Smooth ride, on time.",2023-09-28 05:40:18,2023-09
425,544,1186,1841,4,"Easy pickup, no problems.",2022-10-16 10:14:32,2022-10
426,545,1186,1324,3,Got there safely.,2022-03-16 01:26:11,2022-03
427,546,1186,1709,3,,2022-03-09 04:17:30,2022-03
428,549,1186,1991,3,"OK trip, nothing special.",2022-07-11 22:29:53,2022-07
429,550,1186,898,4,,2023-03-23 17:07:12,2023-03
430,550,898,1186,2,,2023-03-23 17:33:12,2023-03
431,551,1186,202,3,,2023-03-17 08:07:29,2023-03
432,552,1186,1492,3,,2023-09-11 12:03:48,2023-09
433,552,1492,1186,3,Super friendly and helpful.,2023-09-11 12:58:48,2023-09
434,553,1186,940,5,Very clean car.,2023-01-25 07:46:30,2023-01
435,553,940,1186,3,"Smooth ride, on time.",2023-01-25 07:35:30,2023-01
436,554,1186,1507,4,,2024-01-05 22:22:10,2024-01
437,554,1507,1186,3,"Great driver, very professional!",2024-01-05 23:58:10,2024-01
438,555,1186,1060,3,Got there safely.,2024-01-28 06:15:30,2024-01
439,558,1186,65,5,,2024-06-22 15:21:53,2024-06
440,559,1987,1186,4,,2023-10-03 12:11:51,2023-10
441,561,1186,1812,3,"OK trip, nothing special.",2023-07-22 01:48:29,2023-07
442,566,1186,132,3,Trip was okay.,2022-05-27 16:46:14,2022-05
443,571,1186,176,3,,2022-06-21 22:53:59,2022-06
444,571,176,1186,3,,2022-06-21 23:45:59,2022-06
445,572,1186,957,4,Very comfortable ride.,2023-11-09 13:31:33,2023-11
446,573,1186,147,4,Very comfortable ride.,2022-04-16 18:23:37,2022-04
447,575,1410,1186,4,Very clean car.,2022-05-12 13:57:01,2022-05
448,577,1186,1099,4,"Smooth ride, on time.",2023-07-17 10:17:16,2023-07
449,578,1186,585,4,"5 stars, highly recommend!",2023-07-27 09:34:29,2023-07
450,580,1186,1999,4,,2023-07-19 02:15:39,2023-07
451,584,1373,1186,2,"Smooth ride, on time.",2022-05-19 10:51:06,2022-05
452,585,1186,1941,3,,2024-05-12 10:20:52,2024-05
453,589,1186,1739,3,,2023-06-06 11:55:51,2023-06
454,590,1186,1141,4,Loved the music selection!,2023-05-21 21:51:51,2023-05
455,592,1186,199,4,Super friendly and helpful.,2023-07-01 10:22:44,2023-07
456,593,585,1186,3,,2023-08-03 18:17:29,2023-08
457,595,1186,1117,4,,2023-02-28 11:51:42,2023-02
458,598,1186,1775,5,"Quick and efficient, thanks!",2023-05-14 15:57:17,2023-05
459,599,1186,1547,5,Very courteous driver.,2023-12-13 15:07:57,2023-12
460,600,665,1186,3,Super friendly and helpful.,2022-10-19 05:32:57,2022-10
461,601,1186,408,4,,2022-12-25 03:32:02,2022-12
462,603,1186,1380,4,,2022-03-19 02:42:03,2022-03
463,603,1380,1186,3,"Great driver, very professional!",2022-03-19 03:53:03,2022-03
464,604,1186,117,3,,2022-06-18 10:21:45,2022-06
465,605,1186,1492,3,,2022-06-15 19:47:34,2022-06
466,606,1186,974,4,,2023-06-06 15:06:21,2023-06
467,608,1186,498,4,,2024-05-02 13:38:21,2024-05
468,609,1186,1825,5,Very clean car.,2022-06-09 12:21:49,2022-06
469,610,1352,1186,3,"Smooth ride, on time.",2022-01-11 18:55:28,2022-01
470,612,726,738,3,Super friendly and helpful.,2023-12-01 10:50:22,2023-12
471,616,738,1400,3,,2022-06-02 21:20:47,2022-06
472,616,1400,738,3,Very clean car.,2022-06-02 23:27:47,2022-06
473,617,738,898,3,Acceptable ride.,2023-01-02 09:34:08,2023-01
474,618,738,608,5,,2022-09-28 15:29:57,2022-09
475,620,738,1795,4,,2022-11-04 11:51:35,2022-11
476,624,738,1084,3,,2022-04-11 14:57:51,2022-04
477,625,738,1205,3,,2024-06-21 13:15:38,2024-06
478,626,738,1825,4,"Great rider, very polite.",2022-10-24 08:07:06,2022-10
479,627,738,176,3,,2022-03-03 17:54:04,2022-03
480,628,738,1088,3,,2023-07-25 13:14:40,2023-07
481,630,408,738,4,Very clean car.,2022-01-10 15:01:28,2022-01
482,631,738,1413,4,"Excellent service, will ride again.",2023-06-23 07:50:19,2023-06
483,631,1413,738,2,"Excellent service, will ride again.",2023-06-23 09:39:19,2023-06
484,632,738,1574,3,Average experience.,2024-06-18 05:08:54,2024-06
485,632,1574,738,3,"Great driver, very professional!",2024-06-18 06:58:54,2024-06
486,633,738,1555,4,,2024-06-24 06:44:34,2024-06
487,634,738,436,5,Very comfortable ride.,2024-06-22 22:45:56,2024-06
488,635,738,97,4,Very courteous driver.,2023-04-25 11:24:44,2023-04
489,636,738,155,4,,2023-01-27 05:33:49,2023-01
490,637,738,1574,3,Average experience.,2024-01-27 09:39:17,2024-01
491,638,738,1328,4,Super friendly and helpful.,2024-04-26 16:39:39,2024-04
492,638,1328,738,4,,2024-04-26 17:34:39,2024-04
493,639,338,738,4,,2023-07-03 22:57:23,2023-07
494,642,738,777,4,Car was spotless.,2023-02-08 02:31:25,2023-02
495,642,777,738,2,Super friendly and helpful.,2023-02-08 04:57:25,2023-02
496,646,467,738,3,"Smooth ride, on time.",2022-07-19 12:22:38,2022-07
497,647,1937,738,2,"Smooth ride, on time.",2022-06-12 07:36:17,2022-06
498,648,738,1781,3,Acceptable ride.,2022-06-21 19:09:28,2022-06
499,652,738,748,4,"Excellent service, will ride again.",2022-07-20 03:27:21,2022-07
500,653,738,602,4,,2022-12-16 09:01:16,2022-12
501,655,738,898,3,Decent experience.,2023-01-21 06:49:49,2023-01
502,657,738,1243,4,,2023-01-01 23:05:10,2023-01
503,658,738,1131,5,,2022-01-14 03:46:40,2022-01
504,658,1131,738,2,,2022-01-14 04:13:40,2022-01
505,660,738,508,5,,2023-12-01 09:59:44,2023-12
506,662,738,1356,5,,2023-03-07 17:27:04,2023-03
507,670,1763,1924,2,"Smooth ride, on time.",2022-05-25 21:28:29,2022-05
508,671,1924,125,4,,2022-05-31 14:43:43,2022-05
509,674,1584,1924,4,"Great driver, very professional!",2022-02-12 02:08:28,2022-02
510,675,1924,860,5,"Great driver, very professional!",2022-07-19 20:25:40,2022-07
511,680,1924,1081,5,,2022-03-28 22:56:09,2022-03
512,681,1924,941,3,,2023-05-07 04:28:37,2023-05
513,681,941,1924,4,Very clean car.,2023-05-07 05:16:37,2023-05
514,682,1924,1331,4,"Excellent service, will ride again.",2023-02-07 19:29:49,2023-02
515,683,1924,1881,4,,2023-08-30 18:51:45,2023-08
516,684,104,1924,3,"Smooth ride, on time.",2024-04-06 15:00:36,2024-04
517,685,1924,664,3,Acceptable ride.,2024-02-11 21:39:13,2024-02
518,687,902,974,5,Loved the music selection!,2023-11-07 22:35:26,2023-11
519,688,264,452,5,Loved the music selection!,2022-08-11 18:05:13,2022-08
520,688,452,264,2,"Great driver, very professional!",2022-08-11 18:49:13,2022-08
521,689,264,1394,4,,2022-07-24 15:52:29,2022-07
522,689,1394,264,3,Super friendly and helpful.,2022-07-24 15:02:29,2022-07
523,690,264,162,5,Very courteous driver.,2024-04-05 05:46:12,2024-04
524,691,264,1380,4,"Quick and efficient, thanks!",2024-02-15 20:07:00,2024-02
525,692,1889,264,4,Very clean car.,2023-07-05 00:05:08,2023-07
526,693,1640,264,2,Super friendly and helpful.,2023-11-14 16:44:30,2023-11
527,695,264,494,5,Very clean car.,2023-03-09 04:56:26,2023-03
528,697,264,331,4,Very clean car.,2023-07-08 21:40:01,2023-07
529,698,1482,264,4,Super friendly and helpful.,2022-11-17 13:54:07,2022-11
530,699,264,446,5,,2022-07-27 00:03:29,2022-07
531,699,446,264,4,,2022-07-27 00:43:29,2022-07
532,702,264,192,4,Car was spotless.,2022-06-23 02:38:40,2022-06
533,702,192,264,3,,2022-06-23 03:29:40,2022-06
534,703,264,941,3,,2022-03-22 10:16:30,2022-03
535,703,941,264,4,"Excellent service, will ride again.",2022-03-22 10:30:30,2022-03
536,704,264,1170,3,,2024-01-10 23:35:37,2024-01
537,704,1170,264,4,"Great driver, very professional!",2024-01-10 23:52:37,2024-01
538,705,264,1507,5,"Quick and efficient, thanks!",2023-08-03 16:43:29,2023-08
539,705,1507,264,3,"Great driver, very professional!",2023-08-03 16:40:29,2023-08
540,710,264,1999,4,,2022-01-05 18:25:19,2022-01
541,712,264,1623,4,,2022-01-08 14:55:48,2022-01
542,714,264,1350,2,,2022-07-14 00:05:18,2022-07
543,717,264,1947,4,Very clean car.,2024-05-25 16:42:56,2024-05
544,719,264,52,4,"5 stars, highly recommend!",2023-11-27 09:35:35,2023-11
545,721,264,539,3,,2022-08-17 18:38:07,2022-08
546,721,539,264,3,"Smooth ride, on time.",2022-08-17 19:19:07,2022-08
547,722,1100,264,3,"Smooth ride, on time.",2022-11-09 04:55:13,2022-11
548,723,264,571,4,,2022-03-20 01:14:49,2022-03
549,725,264,1526,4,,2024-02-26 01:05:15,2024-02
550,726,264,1869,4,Super friendly and helpful.,2022-01-11 18:15:10,2022-01
551,727,264,1373,3,,2022-03-13 19:53:50,2022-03
552,729,264,485,4,,2023-11-17 09:30:50,2023-11
553,729,485,264,4,"Smooth ride, on time.",2023-11-17 11:31:50,2023-11
554,732,264,147,2,Car smelled bad.,2024-01-13 14:34:51,2024-01
555,733,264,147,3,,2022-08-20 22:04:51,2022-08
556,734,264,412,4,,2023-01-25 11:58:44,2023-01
557,734,412,264,5,"Excellent service, will ride again.",2023-01-25 11:40:44,2023-01
558,735,264,1584,3,,2022-05-08 18:21:46,2022-05
559,736,264,1397,4,,2023-05-03 22:54:52,2023-05
560,738,264,539,3,,2023-08-30 19:40:04,2023-08
561,739,264,1394,3,Trip was okay.,2023-11-15 19:38:16,2023-11
562,742,264,1302,4,"Smooth ride, on time.",2024-04-02 03:45:31,2024-04
563,743,919,264,3,"Excellent service, will ride again.",2022-04-30 17:33:14,2022-04
564,744,264,1825,3,,2022-12-27 17:29:05,2022-12
565,746,264,1841,4,Very comfortable ride.,2023-01-07 11:26:12,2023-01
566,748,264,742,4,,2022-08-27 12:04:17,2022-08
567,749,264,1311,3,Decent experience.,2023-05-09 03:47:49,2023-05
568,750,264,1356,4,"Easy pickup, no problems.",2023-05-25 21:19:53,2023-05
569,751,593,264,4,Super friendly and helpful.,2023-07-07 03:46:04,2023-07
570,752,264,570,5,,2022-07-10 14:16:11,2022-07
571,753,264,1471,4,"Quick and efficient, thanks!",2023-04-22 05:23:03,2023-04
572,756,1336,264,3,Very clean car.,2022-07-17 16:49:50,2022-07
573,757,264,1207,3,,2024-06-07 20:04:48,2024-06
574,758,1987,1635,4,Super friendly and helpful.,2022-05-26 22:36:58,2022-05
575,760,1479,756,2,"Smooth ride, on time.",2023-01-01 03:47:24,2023-01
576,761,756,1288,3,,2022-09-05 23:31:00,2022-09
577,762,756,891,5,,2022-11-26 23:45:18,2022-11
578,763,756,1044,4,Loved the music selection!,2022-08-06 02:49:39,2022-08
579,764,756,271,4,,2024-01-23 07:13:55,2024-01
580,766,756,147,3,Trip was okay.,2024-01-10 04:18:43,2024-01
581,769,756,31,5,Car was spotless.,2024-01-05 05:00:53,2024-01
582,769,31,756,2,,2024-01-05 04:32:53,2024-01
583,770,756,932,4,Car was spotless.,2024-01-06 00:47:11,2024-01
584,770,932,756,4,"Great driver, very professional!",2024-01-06 01:23:11,2024-01
585,771,756,1649,3,Trip was okay.,2022-06-23 22:31:34,2022-06
586,773,756,1128,3,,2022-05-19 02:17:27,2022-05
587,775,756,693,2,,2022-08-22 11:39:48,2022-08
588,775,693,756,4,,2022-08-22 11:16:48,2022-08
589,777,756,1301,4,,2022-03-03 09:08:45,2022-03
590,777,1301,756,4,Super friendly and helpful.,2022-03-03 10:32:45,2022-03
591,779,1968,756,4,Very clean car.,2023-01-11 00:07:20,2023-01
592,782,1995,756,3,Super friendly and helpful.,2024-06-02 19:03:08,2024-06
593,783,567,1894,4,"5 stars, highly recommend!",2023-05-05 00:26:37,2023-05
594,784,359,187,5,Super friendly and helpful.,2022-05-24 20:36:37,2022-05
595,786,705,1784,3,Super friendly and helpful.,2022-03-13 23:17:42,2022-03
596,787,1784,1948,4,"Great rider, very polite.",2022-08-19 21:36:30,2022-08
597,788,1784,1001,4,Very comfortable ride.,2023-09-05 09:48:21,2023-09
598,788,1001,1784,3,"Smooth ride, on time.",2023-09-05 09:47:21,2023-09
599,789,1784,1328,3,,2023-12-28 19:50:15,2023-12
600,789,1328,1784,4,"Excellent service, will ride again.",2023-12-28 19:27:15,2023-12
601,790,1784,477,4,,2024-02-25 17:28:24,2024-02
602,791,1812,1784,4,Super friendly and helpful.,2023-04-26 14:18:09,2023-04
603,793,1784,331,4,,2023-08-14 21:32:36,2023-08
604,793,331,1784,3,Super friendly and helpful.,2023-08-14 22:14:36,2023-08
605,794,1784,969,3,Nothing to complain about.,2023-01-16 17:03:12,2023-01
606,795,1784,494,4,"Easy pickup, no problems.",2023-02-25 05:41:49,2023-02
607,795,494,1784,3,Very clean car.,2023-02-25 08:00:49,2023-02
608,796,1784,728,4,,2023-07-04 02:29:31,2023-07
609,798,1784,202,4,"5 stars, highly recommend!",2023-01-31 21:48:23,2023-01
610,799,376,35,4,,2022-12-23 15:12:00,2022-12
611,800,1654,35,3,"Great driver, very professional!",2023-01-20 16:03:34,2023-01
612,802,35,1865,5,Loved the music selection!,2022-04-30 09:02:26,2022-04
613,802,1865,35,4,"Great driver, very professional!",2022-04-30 10:12:26,2022-04
614,803,35,1991,3,"OK trip, nothing special.",2022-06-04 11:12:50,2022-06
615,803,1991,35,4,"Excellent service, will ride again.",2022-06-04 13:02:50,2022-06
616,805,35,1956,3,,2022-10-19 00:34:59,2022-10
617,806,35,430,4,"Great driver, very professional!",2023-09-12 17:07:59,2023-09
618,806,430,35,3,,2023-09-12 15:16:59,2023-09
619,808,35,1105,5,,2024-01-18 06:09:13,2024-01
620,809,35,834,4,Very courteous driver.,2024-05-08 06:22:45,2024-05
621,811,35,1699,3,,2022-10-05 16:21:34,2022-10
622,811,1699,35,3,,2022-10-05 18:08:34,2022-10
623,812,35,1492,5,Super friendly and helpful.,2022-12-29 16:17:10,2022-12
624,814,35,959,4,Very clean car.,2023-08-24 03:01:28,2023-08
625,815,690,820,3,Very clean car.,2023-10-02 05:37:24,2023-10
626,816,1122,1865,3,Decent experience.,2023-11-19 08:23:34,2023-11
627,821,1122,969,3,,2024-02-12 23:24:52,2024-02
628,824,1122,1736,3,,2022-10-05 19:35:03,2022-10
629,824,1736,1122,2,,2022-10-05 19:20:03,2022-10
630,825,1122,494,5,Very clean car.,2022-05-01 15:22:30,2022-05
631,826,1122,31,5,"Perfect trip, no issues.",2022-10-31 08:24:20,2022-10
632,827,1122,1889,3,Average experience.,2022-05-05 17:25:07,2022-05
633,829,1122,1471,4,"Perfect trip, no issues.",2022-02-15 03:01:47,2022-02
634,829,1471,1122,2,"Great driver, very professional!",2022-02-15 03:09:47,2022-02
635,832,1122,485,3,,2022-10-11 17:26:18,2022-10
636,833,1122,62,4,Very clean car.,2022-10-23 12:28:54,2022-10
637,833,62,1122,3,"Excellent service, will ride again.",2022-10-23 12:50:54,2022-10
638,836,1210,1122,4,"Smooth ride, on time.",2022-07-23 09:36:55,2022-07
639,837,1187,1122,3,"Great driver, very professional!",2023-01-22 18:25:21,2023-01
640,839,1122,1410,4,,2023-08-05 16:39:31,2023-08
641,841,1122,834,4,,2023-02-25 22:00:08,2023-02
642,842,1122,539,4,,2024-01-13 16:48:33,2024-01
643,842,539,1122,3,Very clean car.,2024-01-13 16:11:33,2024-01
644,845,1122,1544,3,,2024-03-31 19:40:18,2024-03
645,847,1118,1492,5,"Easy pickup, no problems.",2023-06-12 15:21:03,2023-06
646,847,1492,1118,4,"Excellent service, will ride again.",2023-06-12 15:40:03,2023-06
647,848,1118,446,4,"Easy pickup, no problems.",2022-05-23 15:59:55,2022-05
648,848,446,1118,3,,2022-05-23 17:16:55,2022-05
649,849,1118,1562,5,,2023-04-25 08:12:58,2023-04
650,849,1562,1118,3,"Smooth ride, on time.",2023-04-25 08:00:58,2023-04
651,853,1118,40,5,"Smooth ride, on time.",2022-03-23 23:44:06,2022-03
652,854,48,1040,5,,2022-07-27 16:36:53,2022-07
653,855,48,485,4,"Easy pickup, no problems.",2023-08-01 18:54:37,2023-08
654,856,932,48,3,"Great driver, very professional!",2022-02-20 11:56:56,2022-02
655,858,48,318,5,,2023-05-16 10:09:13,2023-05
656,859,1627,147,3,,2024-02-22 19:34:45,2024-02
657,860,1024,726,3,,2023-08-29 20:38:23,2023-08
658,861,1024,1509,5,,2023-05-07 15:01:50,2023-05
659,861,1509,1024,3,Very clean car.,2023-05-07 17:39:50,2023-05
660,862,1024,1548,5,,2022-07-27 06:05:52,2022-07
661,863,1024,176,3,,2023-10-14 03:33:47,2023-10
662,864,1024,1001,5,,2023-03-29 01:57:52,2023-03
663,865,1024,1999,4,,2023-06-21 09:03:51,2023-06
664,866,1024,1558,2,Driver was rude.,2023-01-09 12:21:47,2023-01
665,869,1024,341,4,,2022-05-08 22:13:51,2022-05
666,870,1024,1386,5,,2023-03-02 08:32:42,2023-03
667,870,1386,1024,3,Super friendly and helpful.,2023-03-02 09:53:42,2023-03
668,871,1024,866,3,"OK trip, nothing special.",2024-05-25 19:21:07,2024-05
669,871,866,1024,4,"Excellent service, will ride again.",2024-05-25 20:33:07,2024-05
670,872,147,1024,4,Very clean car.,2023-02-12 10:00:32,2023-02
671,874,1024,258,4,,2023-06-03 11:22:19,2023-06
672,875,1034,1955,5,,2023-07-05 06:59:23,2023-07
673,875,1955,1034,3,,2023-07-05 05:46:23,2023-07
674,876,1034,1965,3,Trip was okay.,2024-03-27 13:05:55,2024-03
675,877,1034,1507,4,,2022-03-05 20:59:59,2022-03
676,878,1196,1034,4,"Great driver, very professional!",2024-02-23 22:04:40,2024-02
677,879,1034,925,4,"Easy pickup, no problems.",2022-10-08 19:54:55,2022-10
678,879,925,1034,3,,2022-10-08 18:55:55,2022-10
679,880,1034,1040,4,Very comfortable ride.,2022-02-18 21:53:23,2022-02
680,881,1034,62,4,,2023-10-09 08:27:47,2023-10
681,882,1034,765,4,,2024-02-23 09:10:03,2024-02
682,883,1007,630,3,,2023-08-17 06:00:57,2023-08
683,885,1719,1237,3,Trip was okay.,2023-06-07 13:32:12,2023-06
684,886,1719,1795,3,,2023-05-12 21:56:06,2023-05
685,887,351,1719,3,"Excellent service, will ride again.",2024-05-23 21:41:16,2024-05
686,888,1719,448,5,Loved the music selection!,2024-06-24 23:21:52,2024-06
687,888,448,1719,4,"Excellent service, will ride again.",2024-06-24 23:03:52,2024-06
688,889,1719,139,5,"Great driver, very professional!",2022-12-22 15:33:49,2022-12
689,891,1719,1775,5,Very comfortable ride.,2023-07-11 13:35:28,2023-07
690,893,1719,941,3,Trip was okay.,2022-09-21 22:46:59,2022-09
691,895,1719,608,4,Loved the music selection!,2023-12-03 09:16:53,2023-12
692,896,1719,919,5,,2022-07-19 04:19:08,2022-07
693,897,1719,1461,3,,2023-01-10 22:37:07,2023-01
694,897,1461,1719,5,"Excellent service, will ride again.",2023-01-11 00:36:07,2023-01
695,898,643,1719,3,"Great driver, very professional!",2022-07-18 04:44:39,2022-07
696,899,1719,1532,4,,2023-03-25 08:10:23,2023-03
697,899,1532,1719,4,,2023-03-25 10:20:23,2023-03
698,903,1719,1869,3,Decent experience.,2023-10-05 03:00:40,2023-10
699,905,1719,1104,5,,2023-12-02 17:40:37,2023-12
700,908,1719,974,5,,2022-07-07 06:00:02,2022-07
701,909,1719,630,2,,2022-06-17 15:59:05,2022-06
702,911,1719,1311,4,,2023-07-03 03:38:52,2023-07
703,913,1719,1699,1,,2023-04-25 08:46:46,2023-04
704,915,1719,1605,3,Got there safely.,2023-10-29 22:25:05,2023-10
705,917,1719,748,3,Nothing to complain about.,2024-01-23 14:57:02,2024-01
706,917,748,1719,5,"Excellent service, will ride again.",2024-01-23 14:10:02,2024-01
707,918,1719,800,4,"Easy pickup, no problems.",2024-01-16 22:44:49,2024-01
708,919,1719,1131,5,"Smooth ride, on time.",2022-10-27 01:58:18,2022-10
709,919,1131,1719,3,"Excellent service, will ride again.",2022-10-27 03:05:18,2022-10
710,921,1719,1702,3,"OK trip, nothing special.",2023-06-17 20:42:57,2023-06
711,922,1719,842,4,,2022-03-15 17:48:04,2022-03
712,922,842,1719,3,Super friendly and helpful.,2022-03-15 19:49:04,2022-03
713,923,1719,608,5,,2022-08-24 19:37:29,2022-08
714,923,608,1719,3,"Excellent service, will ride again.",2022-08-24 21:51:29,2022-08
715,925,1719,1023,3,Acceptable ride.,2023-02-21 18:54:49,2023-02
716,926,1719,1108,4,,2024-02-29 10:39:43,2024-02
717,927,1719,338,4,,2022-07-23 14:44:03,2022-07
718,929,1479,1719,3,Super friendly and helpful.,2023-06-13 03:22:52,2023-06
719,930,1030,1719,4,"Great driver, very professional!",2023-09-14 21:31:04,2023-09
720,931,1719,1752,4,"Perfect trip, no issues.",2022-10-20 13:39:29,2022-10
721,934,1719,1437,3,,2023-09-08 06:57:19,2023-09
722,934,1437,1719,2,Super friendly and helpful.,2023-09-08 06:34:19,2023-09
723,935,1719,549,5,"5 stars, highly recommend!",2022-12-14 16:33:02,2022-12
724,935,549,1719,4,,2022-12-14 17:37:02,2022-12
725,939,488,1719,3,,2022-09-07 23:22:07,2022-09
726,941,117,1719,5,,2023-04-02 16:24:05,2023-04
727,942,1719,1894,3,"OK trip, nothing special.",2024-06-19 22:54:56,2024-06
728,942,1894,1719,3,,2024-06-19 21:24:56,2024-06
729,943,1719,1584,5,"Quick and efficient, thanks!",2023-04-26 03:17:49,2023-04
730,944,1719,1947,5,,2022-11-24 07:27:00,2022-11
731,944,1947,1719,3,"Great driver, very professional!",2022-11-24 09:20:00,2022-11
732,945,1719,55,4,,2023-04-02 12:00:55,2023-04
733,945,55,1719,4,Very clean car.,2023-04-02 13:00:55,2023-04
734,948,1719,1403,3,,2023-10-13 13:27:20,2023-10
735,949,339,1719,3,"Great driver, very professional!",2022-11-10 21:50:20,2022-11
736,950,1719,1100,4,Super friendly and helpful.,2024-03-31 09:42:05,2024-03
737,950,1100,1719,4,"Smooth ride, on time.",2024-03-31 09:20:05,2024-03
738,952,1719,1311,3,Fine driver.,2022-05-05 02:35:53,2022-05
739,953,1719,705,5,"Smooth ride, on time.",2023-12-04 16:53:47,2023-12
740,955,1719,508,5,,2022-02-22 02:31:18,2022-02
741,956,1719,341,5,,2024-01-30 08:54:29,2024-01
742,958,1719,1030,3,,2023-05-07 12:19:11,2023-05
743,958,1030,1719,4,Super friendly and helpful.,2023-05-07 13:55:11,2023-05
744,959,1221,1719,2,,2023-05-18 02:12:30,2023-05
745,961,1719,488,4,,2022-02-27 15:42:19,2022-02
746,962,616,187,5,,2022-11-11 07:35:25,2022-11
747,963,616,1492,4,Fast and safe driver.,2024-03-01 23:06:04,2024-03
748,963,1492,616,3,,2024-03-01 23:38:04,2024-03
749,964,616,1699,3,Fine driver.,2024-06-17 01:30:34,2024-06
750,964,1699,616,4,"Smooth ride, on time.",2024-06-17 03:01:34,2024-06
751,965,618,179,4,,2023-06-08 21:55:38,2023-06
752,965,179,618,4,,2023-06-09 00:27:38,2023-06
753,969,1324,1957,3,"Great driver, very professional!",2024-06-05 18:27:38,2024-06
754,970,1957,256,5,"Easy pickup, no problems.",2022-08-05 18:34:34,2022-08
755,971,1957,974,4,,2023-07-15 02:05:42,2023-07
756,972,1267,1957,4,"Smooth ride, on time.",2023-02-11 00:11:57,2023-02
757,974,1957,318,5,,2023-07-14 17:18:58,2023-07
758,975,1957,256,4,,2022-04-03 18:40:38,2022-04
759,980,1957,14,5,,2024-06-06 01:00:02,2024-06
760,980,14,1957,3,,2024-06-06 01:34:02,2024-06
761,981,1957,1983,4,Very comfortable ride.,2022-05-28 16:21:04,2022-05
762,982,1957,1206,5,,2023-03-02 21:06:30,2023-03
763,982,1206,1957,4,"Smooth ride, on time.",2023-03-02 21:26:30,2023-03
764,984,1957,176,4,Car was spotless.,2023-10-07 01:32:54,2023-10
765,985,1957,341,5,"5 stars, highly recommend!",2023-11-19 01:08:11,2023-11
766,986,1957,1170,3,Fine driver.,2023-05-01 04:15:47,2023-05
767,986,1170,1957,4,"Smooth ride, on time.",2023-05-01 03:50:47,2023-05
768,988,66,1957,3,,2024-06-08 00:33:06,2024-06
769,990,1957,941,4,Fast and safe driver.,2022-05-27 12:12:02,2022-05
770,991,1957,748,4,,2023-12-09 00:31:20,2023-12
771,995,331,1957,3,"Excellent service, will ride again.",2023-03-09 18:19:31,2023-03
772,997,1957,932,3,,2022-12-27 09:25:49,2022-12
773,998,1957,1532,3,Nothing to complain about.,2024-03-25 22:19:33,2024-03
774,1001,1957,891,4,"Excellent service, will ride again.",2022-03-22 20:36:13,2022-03
775,1002,55,1957,2,"Great driver, very professional!",2022-07-14 02:11:48,2022-07
776,1004,235,1957,4,,2023-11-19 12:21:27,2023-11
777,1005,1957,1053,3,,2024-05-17 10:04:36,2024-05
778,1005,1053,1957,4,"Excellent service, will ride again.",2024-05-17 09:45:36,2024-05
779,1006,1026,1957,4,Super friendly and helpful.,2024-04-08 20:08:59,2024-04
780,1007,1957,834,5,,2023-09-08 03:07:25,2023-09
781,1007,834,1957,3,"Smooth ride, on time.",2023-09-08 03:58:25,2023-09
782,1009,898,1957,2,Super friendly and helpful.,2023-12-16 13:06:16,2023-12
783,1010,1957,1795,3,Acceptable ride.,2024-03-11 07:09:00,2024-03
784,1011,1957,1105,3,,2023-09-09 23:16:14,2023-09
785,1011,1105,1957,3,Super friendly and helpful.,2023-09-09 23:25:14,2023-09
786,1012,1273,1605,4,"5 stars, highly recommend!",2022-02-16 22:04:30,2022-02
787,1012,1605,1273,3,Very clean car.,2022-02-16 22:06:30,2022-02
788,1013,972,1509,4,Very courteous driver.,2023-11-30 08:40:56,2023-11
789,1015,972,1443,4,"5 stars, highly recommend!",2023-06-18 01:43:19,2023-06
790,1016,972,430,3,"OK trip, nothing special.",2022-02-01 11:15:38,2022-02
791,1016,430,972,2,"Smooth ride, on time.",2022-02-01 09:50:38,2022-02
792,1017,972,1026,4,"Great rider, very polite.",2024-01-07 03:17:12,2024-01
793,1019,146,22,3,"Smooth ride, on time.",2023-02-14 17:32:12,2023-02
794,1021,1351,665,2,Driver was rude.,2022-09-16 07:51:49,2022-09
795,1024,1351,608,3,,2023-09-20 00:02:21,2023-09
796,1025,828,697,4,,2023-04-20 12:58:50,2023-04
797,1026,828,1105,5,,2023-10-19 21:36:08,2023-10
798,1026,1105,828,3,"Excellent service, will ride again.",2023-10-19 21:36:08,2023-10
799,1028,1380,561,3,,2024-01-25 04:33:42,2024-01
800,1030,561,553,4,Super friendly and helpful.,2023-01-14 03:55:44,2023-01
801,1031,561,248,3,,2022-03-27 17:22:41,2022-03
802,1032,303,1781,4,Very comfortable ride.,2023-03-26 17:23:19,2023-03
803,1032,1781,303,2,Very clean car.,2023-03-26 19:28:19,2023-03
804,1034,303,147,3,Acceptable ride.,2024-06-13 07:50:24,2024-06
805,1035,499,1933,3,,2024-06-03 16:23:28,2024-06
806,1036,424,891,4,,2023-09-10 18:25:00,2023-09
807,1036,891,424,3,Very clean car.,2023-09-10 18:41:00,2023-09
808,1038,1509,424,3,"Smooth ride, on time.",2023-06-06 05:12:03,2023-06
809,1040,424,1853,3,,2022-02-15 21:32:34,2022-02
810,1040,1853,424,4,"Excellent service, will ride again.",2022-02-15 21:54:34,2022-02
811,1042,424,1309,4,,2022-09-01 13:35:32,2022-09
812,1044,1197,424,2,Very clean car.,2022-12-15 14:21:28,2022-12
813,1046,424,1355,3,Fine driver.,2023-07-20 19:23:44,2023-07
814,1048,424,1474,3,Nothing to complain about.,2023-09-13 04:55:43,2023-09
815,1048,1474,424,3,Super friendly and helpful.,2023-09-13 05:41:43,2023-09
816,1050,424,1775,5,"Quick and efficient, thanks!",2022-09-26 07:13:59,2022-09
817,1050,1775,424,2,Super friendly and helpful.,2022-09-26 06:13:59,2022-09
818,1052,677,424,2,Super friendly and helpful.,2023-05-12 21:53:04,2023-05
819,1053,424,1471,5,Very comfortable ride.,2022-03-02 20:36:38,2022-03
820,1053,1471,424,3,Very clean car.,2022-03-02 21:44:38,2022-03
821,1054,424,959,4,,2024-05-17 11:37:38,2024-05
822,1057,424,1853,3,Nothing to complain about.,2024-04-29 00:10:18,2024-04
823,1058,424,1139,4,Loved the music selection!,2022-06-24 12:27:07,2022-06
824,1059,424,1331,4,Very courteous driver.,2022-03-01 03:03:10,2022-03
825,1064,248,424,4,,2023-07-04 23:03:12,2023-07
826,1065,424,5,4,"Easy pickup, no problems.",2023-03-20 10:47:19,2023-03
827,1066,424,883,4,,2023-09-11 05:37:53,2023-09
828,1067,424,15,5,,2022-07-17 12:17:00,2022-07
829,1068,424,1606,3,Got there safely.,2022-05-27 02:32:42,2022-05
830,1068,1606,424,2,Super friendly and helpful.,2022-05-27 04:10:42,2022-05
831,1069,424,1482,3,,2023-09-09 13:21:32,2023-09
832,1070,424,1237,4,,2022-12-07 15:48:58,2022-12
833,1071,424,1131,5,,2024-04-27 19:50:41,2024-04
834,1072,1814,424,5,"Excellent service, will ride again.",2023-10-07 09:22:27,2023-10
835,1073,424,327,3,,2023-06-13 22:21:37,2023-06
836,1075,424,62,4,,2022-07-21 21:55:08,2022-07
837,1083,424,1999,4,,2022-05-25 22:47:58,2022-05
838,1084,424,1286,4,,2024-04-05 07:26:31,2024-04
839,1085,424,782,4,"Perfect trip, no issues.",2023-12-19 23:54:59,2023-12
840,1086,424,1403,3,Decent experience.,2023-04-29 09:06:25,2023-04
841,1087,424,833,3,Acceptable ride.,2023-06-13 16:59:05,2023-06
842,1088,424,1187,3,Nothing to complain about.,2023-03-27 07:06:32,2023-03
843,1088,1187,424,1,Super friendly and helpful.,2023-03-27 06:17:32,2023-03
844,1090,424,485,4,,2024-06-28 23:59:09,2024-06
845,1091,424,776,3,Trip was okay.,2022-05-16 19:18:01,2022-05
846,1091,776,424,3,"Excellent service, will ride again.",2022-05-16 21:28:01,2022-05
847,1092,898,424,4,"Smooth ride, on time.",2024-06-25 10:47:41,2024-06
848,1094,120,424,3,Very clean car.,2023-10-09 15:29:27,2023-10
849,1096,424,643,4,"Great rider, very polite.",2023-07-03 11:20:03,2023-07
850,1096,643,424,2,,2023-07-03 12:17:03,2023-07
851,1097,424,1607,4,,2023-09-05 05:58:21,2023-09
852,1098,424,142,5,,2023-12-11 09:37:24,2023-12
853,1099,424,1937,3,Nothing to complain about.,2022-12-27 11:47:54,2022-12
854,1102,1790,424,3,,2022-05-13 15:53:14,2022-05
855,1104,424,52,3,Acceptable ride.,2023-08-29 22:41:03,2023-08
856,1106,424,1343,4,"Perfect trip, no issues.",2022-03-28 03:02:58,2022-03
857,1106,1343,424,3,"Great driver, very professional!",2022-03-28 03:38:58,2022-03
858,1107,424,665,2,,2022-04-22 21:57:25,2022-04
859,1108,546,55,4,Car was spotless.,2022-10-01 13:55:42,2022-10
860,1109,1078,860,3,"OK trip, nothing special.",2023-06-08 09:25:18,2023-06
861,1110,1078,1181,3,,2023-07-12 07:42:01,2023-07
862,1111,1078,202,5,,2024-02-18 23:57:49,2024-02
863,1112,1078,1111,3,,2023-10-08 17:28:11,2023-10
864,1113,1364,1386,3,Fine driver.,2023-12-17 20:43:30,2023-12
865,1114,1343,1364,5,"Great driver, very professional!",2023-08-20 22:00:31,2023-08
866,1115,1364,187,4,,2023-01-20 04:35:58,2023-01
867,1115,187,1364,4,"Excellent service, will ride again.",2023-01-20 05:12:58,2023-01
868,1117,1364,748,4,,2022-04-15 17:55:43,2022-04
869,1118,1364,883,4,"Excellent service, will ride again.",2023-07-21 10:45:18,2023-07
870,1118,883,1364,4,,2023-07-21 09:36:18,2023-07
871,1121,62,1364,3,,2023-06-29 23:38:58,2023-06
872,1123,1933,1364,3,,2024-03-28 18:06:17,2024-03
873,1124,1364,1386,4,Very clean car.,2022-06-22 16:44:44,2022-06
874,1125,1364,1331,4,,2024-02-04 01:37:12,2024-02
875,1125,1331,1364,3,"Smooth ride, on time.",2024-02-04 01:24:12,2024-02
876,1127,1364,132,5,"Great rider, very polite.",2022-12-22 14:12:22,2022-12
877,1127,132,1364,3,"Great driver, very professional!",2022-12-22 13:47:22,2022-12
878,1128,1364,1206,4,"Quick and efficient, thanks!",2022-06-27 19:20:24,2022-06
879,1131,142,1364,2,Very clean car.,2023-09-29 14:06:32,2023-09
880,1133,1364,1108,5,,2024-03-24 23:46:06,2024-03
881,1134,834,1364,4,"Excellent service, will ride again.",2024-04-11 12:17:56,2024-04
882,1138,1364,1623,4,,2023-03-22 09:12:57,2023-03
883,1140,525,502,4,,2022-07-29 09:39:20,2022-07
884,1141,1285,1574,4,,2023-07-27 09:23:11,2023-07
885,1143,437,452,3,Got there safely.,2024-01-10 15:15:21,2024-01
886,1144,1356,437,3,Very clean car.,2023-01-20 06:13:17,2023-01
887,1145,1373,437,2,Very clean car.,2022-03-27 21:13:25,2022-03
888,1150,437,664,3,Trip was okay.,2024-02-08 17:52:39,2024-02
889,1151,437,1128,3,,2022-08-09 13:13:37,2022-08
890,1151,1128,437,4,Very clean car.,2022-08-09 13:32:37,2022-08
891,1153,437,947,5,Loved the music selection!,2022-10-12 14:15:48,2022-10
892,1155,437,1700,4,"Excellent service, will ride again.",2023-10-24 23:37:57,2023-10
893,1155,1700,437,4,Super friendly and helpful.,2023-10-25 00:06:57,2023-10
894,1160,437,1477,5,Super friendly and helpful.,2023-05-21 11:31:30,2023-05
895,1163,1613,327,3,,2023-11-10 11:28:11,2023-11
896,1163,327,1613,2,"Excellent service, will ride again.",2023-11-10 13:20:11,2023-11
897,1164,602,1613,4,"Smooth ride, on time.",2024-05-07 15:05:53,2024-05
898,1166,1613,1311,2,Not very clean.,2022-12-17 01:00:40,2022-12
899,1167,342,258,4,Very clean car.,2023-05-21 06:17:44,2023-05
900,1167,258,342,4,"Smooth ride, on time.",2023-05-21 05:27:44,2023-05
901,1169,1516,389,5,"Excellent service, will ride again.",2022-03-05 04:33:09,2022-03
902,1171,1516,117,3,Fine driver.,2023-11-27 17:13:54,2023-11
903,1171,117,1516,4,"Smooth ride, on time.",2023-11-27 17:26:54,2023-11
904,1172,1516,323,4,,2022-12-13 08:30:16,2022-12
905,1173,1336,1432,3,"Smooth ride, on time.",2023-07-21 18:42:44,2023-07
906,1175,751,448,5,"Great driver, very professional!",2023-07-06 00:34:34,2023-07
907,1176,751,136,4,Super friendly and helpful.,2023-12-03 05:27:25,2023-12
908,1176,136,751,3,Very clean car.,2023-12-03 05:17:25,2023-12
909,1177,751,1438,3,,2023-03-08 12:33:11,2023-03
910,1178,958,1099,5,"Excellent service, will ride again.",2022-02-27 08:24:43,2022-02
911,1178,1099,958,3,"Great driver, very professional!",2022-02-27 08:33:43,2022-02
912,1179,958,833,3,Nothing to complain about.,2023-10-06 07:47:54,2023-10
913,1179,833,958,3,"Smooth ride, on time.",2023-10-06 06:39:54,2023-10
914,1181,1059,1301,4,,2023-11-22 03:02:37,2023-11
915,1183,1770,408,3,Trip was okay.,2022-07-12 15:28:35,2022-07
916,1184,1770,1328,3,,2022-05-18 05:55:24,2022-05
917,1185,1770,542,5,,2023-07-17 10:13:28,2023-07
918,1186,136,1770,3,,2022-09-25 04:14:19,2022-09
919,1187,1770,433,5,,2022-11-26 05:14:57,2022-11
920,1188,1770,1403,3,Acceptable ride.,2022-07-14 20:39:21,2022-07
921,1188,1403,1770,3,Super friendly and helpful.,2022-07-14 20:38:21,2022-07
922,1189,1770,1853,3,,2024-06-21 00:57:30,2024-06
923,1191,1770,765,3,,2023-09-28 05:44:36,2023-09
924,1192,1770,1162,4,"Excellent service, will ride again.",2022-11-22 01:14:01,2022-11
925,1193,1865,1770,3,Very clean car.,2022-01-24 02:46:54,2022-01
926,1195,1770,789,5,,2022-12-12 02:32:01,2022-12
927,1195,789,1770,3,"Excellent service, will ride again.",2022-12-12 03:17:01,2022-12
928,1196,1770,1248,4,Loved the music selection!,2023-01-10 08:51:54,2023-01
929,1198,1770,515,4,,2023-09-10 02:28:19,2023-09
930,1199,1770,1237,3,Trip was okay.,2022-07-24 20:42:06,2022-07
931,1202,1770,585,4,"Great driver, very professional!",2023-07-04 17:01:31,2023-07
932,1204,1770,452,4,Super friendly and helpful.,2024-03-27 07:05:31,2024-03
933,1206,693,1770,4,Very clean car.,2024-02-05 00:46:26,2024-02
934,1207,1770,1651,5,,2022-09-24 22:43:33,2022-09
935,1209,1770,664,4,,2023-04-05 11:01:16,2023-04
936,1210,1770,1995,4,,2023-02-21 19:09:49,2023-02
937,1212,1770,1841,3,,2023-07-15 15:08:00,2023-07
938,1212,1841,1770,4,"Excellent service, will ride again.",2023-07-15 16:01:00,2023-07
939,1214,1770,748,5,,2022-11-22 10:50:53,2022-11
940,1215,1770,1196,3,"OK trip, nothing special.",2022-02-18 04:50:59,2022-02
941,1216,1324,1770,3,Very clean car.,2022-09-28 16:42:43,2022-09
942,1217,1770,1023,3,Average experience.,2022-12-26 02:34:10,2022-12
943,1217,1023,1770,4,,2022-12-26 02:53:10,2022-12
944,1218,1770,1301,4,Very clean car.,2024-01-09 11:31:29,2024-01
945,1222,1770,570,4,"Quick and efficient, thanks!",2023-08-08 17:30:43,2023-08
946,1223,1770,1955,4,,2022-09-18 11:35:16,2022-09
947,1224,1770,908,3,"OK trip, nothing special.",2024-02-14 07:05:34,2024-02
948,1225,1770,601,4,"Easy pickup, no problems.",2022-09-11 15:12:00,2022-09
949,1226,317,1853,4,Very courteous driver.,2022-06-29 05:35:48,2022-06
950,1226,1853,317,2,"Great driver, very professional!",2022-06-29 07:46:48,2022-06
951,1229,344,256,4,Very clean car.,2023-09-18 00:40:24,2023-09
952,1231,344,1461,3,,2022-11-17 13:23:17,2022-11
953,1231,1461,344,3,Super friendly and helpful.,2022-11-17 13:13:17,2022-11
954,1232,901,643,5,"Easy pickup, no problems.",2023-12-08 23:49:08,2023-12
955,1232,643,901,3,"Excellent service, will ride again.",2023-12-08 22:43:08,2023-12
956,1235,901,324,3,,2024-01-05 20:40:32,2024-01
957,1235,324,901,4,Very clean car.,2024-01-05 22:45:32,2024-01
958,1237,901,1794,5,"Great rider, very polite.",2024-03-16 12:39:19,2024-03
959,1238,901,977,2,Driver was late.,2022-04-11 11:13:59,2022-04
960,1238,977,901,3,"Excellent service, will ride again.",2022-04-11 11:23:59,2022-04
961,1239,901,1386,5,,2023-05-04 14:41:50,2023-05
962,1240,901,331,4,"Perfect trip, no issues.",2023-03-28 11:41:50,2023-03
963,1241,901,1984,5,,2022-03-12 18:50:51,2022-03
964,1242,901,1947,5,"Quick and efficient, thanks!",2022-01-22 06:51:45,2022-01
965,1243,1105,901,4,Very clean car.,2023-07-31 14:45:04,2023-07
966,1244,901,585,4,,2023-07-14 17:25:34,2023-07
967,1246,1681,834,4,Loved the music selection!,2023-09-11 01:12:27,2023-09
968,1247,1681,1955,4,"Easy pickup, no problems.",2023-06-28 21:46:52,2023-06
969,1248,1681,1544,4,,2022-03-19 03:38:21,2022-03
970,1248,1544,1681,3,"Excellent service, will ride again.",2022-03-19 04:33:21,2022-03
971,1250,1507,1681,3,"Excellent service, will ride again.",2024-03-04 03:56:28,2024-03
972,1251,146,1681,5,Very clean car.,2023-12-17 05:05:22,2023-12
973,1252,741,1681,4,"Great driver, very professional!",2023-05-27 17:06:36,2023-05
974,1253,1681,288,3,,2022-07-11 13:57:58,2022-07
975,1254,1681,256,5,,2024-02-11 19:33:05,2024-02
976,1257,1681,65,4,,2023-05-28 17:00:00,2023-05
977,1258,1681,1410,4,"Quick and efficient, thanks!",2024-02-08 00:59:35,2024-02
978,1259,1681,891,5,,2023-06-26 01:38:20,2023-06
979,1259,891,1681,4,"Great driver, very professional!",2023-06-26 01:46:20,2023-06
980,1260,1471,1681,3,"Excellent service, will ride again.",2023-01-07 20:26:12,2023-01
981,1263,1681,1400,5,,2023-05-15 21:50:51,2023-05
982,1265,1681,549,4,Very courteous driver.,2024-05-10 12:19:56,2024-05
983,1266,1665,436,3,,2022-12-27 07:33:14,2022-12
984,1266,436,1665,3,Very clean car.,2022-12-27 07:30:14,2022-12
985,1267,1665,1995,4,,2022-01-05 21:10:44,2022-01
986,1268,878,1665,3,Super friendly and helpful.,2022-05-29 19:51:27,2022-05
987,1271,1665,542,4,,2022-12-28 01:40:07,2022-12
988,1271,542,1665,3,Super friendly and helpful.,2022-12-28 03:13:07,2022-12
989,1273,1944,498,3,,2023-11-25 06:55:18,2023-11
990,1273,498,1944,3,"Smooth ride, on time.",2023-11-25 07:23:18,2023-11
991,1274,1944,506,4,,2022-12-28 20:49:03,2022-12
992,1275,571,1944,3,"Excellent service, will ride again.",2023-06-08 12:20:24,2023-06
993,1277,1944,925,2,,2022-06-01 13:31:24,2022-06
994,1279,1944,1198,3,Got there safely.,2023-07-14 14:19:48,2023-07
995,1283,1944,1053,4,,2023-05-23 11:36:41,2023-05
996,1285,1944,1380,4,,2024-01-23 10:34:20,2024-01
997,1287,1944,995,5,,2024-01-14 19:29:01,2024-01
998,1288,1944,412,4,Car was spotless.,2022-01-09 17:12:39,2022-01
999,1288,412,1944,4,"Excellent service, will ride again.",2022-01-09 18:27:39,2022-01
1000,1289,1944,974,5,,2024-03-31 22:11:14,2024-03
1001,1289,974,1944,3,"Excellent service, will ride again.",2024-03-31 22:16:14,2024-03
1002,1290,1187,1944,4,Super friendly and helpful.,2024-06-21 13:33:11,2024-06
1003,1292,1507,1944,3,Very clean car.,2022-10-02 22:03:01,2022-10
1004,1293,1944,1968,4,"Excellent service, will ride again.",2022-02-03 11:41:25,2022-02
1005,1293,1968,1944,2,Very clean car.,2022-02-03 12:52:25,2022-02
1006,1294,1944,1206,5,Loved the music selection!,2024-01-23 05:41:07,2024-01
1007,1295,1944,1207,4,"Smooth ride, on time.",2022-07-09 01:50:26,2022-07
1008,1295,1207,1944,3,Super friendly and helpful.,2022-07-09 02:31:26,2022-07
1009,1296,1944,1724,4,,2023-10-14 16:06:27,2023-10
1010,1297,1944,833,5,,2022-12-21 02:09:25,2022-12
1011,1298,5,1944,5,"Excellent service, will ride again.",2022-09-02 03:45:55,2022-09
1012,1299,1944,647,4,,2022-02-01 04:27:08,2022-02
1013,1301,1944,1386,5,,2024-01-12 13:05:34,2024-01
1014,1303,1944,450,3,Acceptable ride.,2023-11-08 03:53:07,2023-11
1015,1303,450,1944,3,"Smooth ride, on time.",2023-11-08 03:11:07,2023-11
1016,1304,1775,1944,4,"Great driver, very professional!",2023-07-21 17:18:05,2023-07
1017,1306,1944,207,4,"5 stars, highly recommend!",2023-10-08 19:29:25,2023-10
1018,1306,207,1944,4,Super friendly and helpful.,2023-10-08 19:24:25,2023-10
1019,1310,1227,1944,3,Super friendly and helpful.,2023-07-09 14:10:42,2023-07
1020,1311,1944,118,4,,2023-02-26 19:49:16,2023-02
1021,1312,1944,14,5,"5 stars, highly recommend!",2024-01-01 20:21:39,2024-01
1022,1313,1944,24,5,,2024-05-14 06:53:31,2024-05
1023,1316,1944,1890,3,,2022-06-09 11:47:45,2022-06
1024,1323,1944,1526,3,,2023-02-13 22:38:05,2023-02
1025,1325,1944,66,3,Trip was okay.,2022-10-21 12:35:11,2022-10
1026,1325,66,1944,3,"Smooth ride, on time.",2022-10-21 11:34:11,2022-10
1027,1326,1944,765,3,Decent experience.,2023-08-22 01:11:59,2023-08
1028,1326,765,1944,4,"Smooth ride, on time.",2023-08-22 00:00:59,2023-08
1029,1328,1944,1302,5,Super friendly and helpful.,2022-09-04 02:00:56,2022-09
1030,1330,1944,777,4,Very clean car.,2023-02-22 00:10:53,2023-02
1031,1331,1944,891,4,,2024-04-16 10:26:05,2024-04
1032,1334,1944,878,4,,2022-07-29 06:14:31,2022-07
1033,1334,878,1944,3,Very clean car.,2022-07-29 07:23:31,2022-07
1034,1337,1944,645,4,,2022-03-14 00:24:26,2022-03
1035,1338,412,1944,4,"Smooth ride, on time.",2022-12-29 09:17:16,2022-12
1036,1344,1944,1139,2,,2023-01-12 15:27:49,2023-01
1037,1344,1139,1944,4,"Excellent service, will ride again.",2023-01-12 16:19:49,2023-01
1038,1345,1944,1187,2,Driver was late.,2023-09-24 03:17:14,2023-09
1039,1345,1187,1944,3,,2023-09-24 04:14:14,2023-09
1040,1346,1944,446,4,Super friendly and helpful.,2023-10-11 01:20:43,2023-10
1041,1347,1944,508,4,,2023-03-01 17:31:46,2023-03
1042,1348,1944,920,5,Very courteous driver.,2023-10-07 18:27:55,2023-10
1043,1349,1944,190,3,,2022-06-29 23:21:11,2022-06
1044,1350,1944,1955,3,Got there safely.,2024-02-15 15:20:32,2024-02
1045,1350,1955,1944,4,Super friendly and helpful.,2024-02-15 15:29:32,2024-02
1046,1352,1555,1944,3,,2022-08-14 05:33:55,2022-08
1047,1357,1944,1237,5,,2022-05-10 19:57:50,2022-05
1048,1358,1944,1311,3,,2022-01-10 07:22:06,2022-01
1049,1361,1079,920,3,Trip was okay.,2023-07-18 00:06:05,2023-07
1050,1362,1079,1495,3,,2022-03-26 14:04:12,2022-03
1051,1363,74,593,4,"Great rider, very polite.",2024-04-08 16:32:47,2024-04
1052,1364,74,136,4,Super friendly and helpful.,2022-05-30 06:20:06,2022-05
1053,1366,74,224,4,"Smooth ride, on time.",2022-06-14 02:12:06,2022-06
1054,1370,74,726,3,"OK trip, nothing special.",2022-05-31 14:04:32,2022-05
1055,1372,74,1088,4,,2023-11-01 00:06:25,2023-11
1056,1373,376,74,2,Very clean car.,2022-03-01 09:33:00,2022-03
1057,1376,74,1394,3,,2022-03-19 16:28:54,2022-03
1058,1376,1394,74,5,,2022-03-19 17:09:54,2022-03
1059,1378,74,940,4,,2022-01-05 04:26:38,2022-01
1060,1378,940,74,3,"Great driver, very professional!",2022-01-05 06:36:38,2022-01
1061,1380,74,1526,4,"Excellent service, will ride again.",2022-01-21 22:48:39,2022-01
1062,1380,1526,74,3,Super friendly and helpful.,2022-01-21 22:31:39,2022-01
1063,1382,74,115,4,Super friendly and helpful.,2023-05-30 13:18:51,2023-05
1064,1384,74,1288,3,,2024-05-31 09:28:49,2024-05
1065,1384,1288,74,3,Super friendly and helpful.,2024-05-31 10:41:49,2024-05
1066,1385,74,1183,3,Got there safely.,2022-11-05 17:20:49,2022-11
1067,1385,1183,74,2,"Excellent service, will ride again.",2022-11-05 17:31:49,2022-11
1068,1387,74,1507,4,,2023-03-23 04:06:18,2023-03
1069,1387,1507,74,4,"Great driver, very professional!",2023-03-23 04:06:18,2023-03
1070,1388,74,957,3,Trip was okay.,2023-03-11 23:18:11,2023-03
1071,1389,74,508,4,,2023-08-16 16:33:22,2023-08
1072,1390,74,293,4,,2023-01-08 17:01:04,2023-01
1073,1390,293,74,5,Super friendly and helpful.,2023-01-08 15:48:04,2023-01
1074,1392,74,1044,5,,2022-01-26 03:19:24,2022-01
1075,1393,74,224,4,,2023-04-17 02:02:49,2023-04
1076,1394,74,44,3,Trip was okay.,2023-10-13 03:14:13,2023-10
1077,1397,74,867,3,"OK trip, nothing special.",2024-02-27 17:36:04,2024-02
1078,1399,74,1561,4,,2022-09-06 00:09:30,2022-09
1079,1401,74,1700,4,"Great rider, very polite.",2023-11-20 01:09:55,2023-11
1080,1402,74,408,4,"Perfect trip, no issues.",2023-02-06 14:17:39,2023-02
1081,1403,74,225,5,Car was spotless.,2022-10-26 23:02:59,2022-10
1082,1404,74,1606,4,Very courteous driver.,2022-04-04 01:55:30,2022-04
1083,1404,1606,74,4,"Smooth ride, on time.",2022-04-04 02:05:30,2022-04
1084,1406,74,97,4,Loved the music selection!,2022-01-14 10:53:40,2022-01
1085,1408,74,1040,4,"Great rider, very polite.",2023-11-14 22:45:24,2023-11
1086,1408,1040,74,3,,2023-11-15 01:30:24,2023-11
1087,1409,74,665,4,"Excellent service, will ride again.",2022-08-02 16:18:05,2022-08
1088,1413,1682,139,4,,2023-06-18 21:44:38,2023-06
1089,1414,1682,782,4,Very courteous driver.,2022-03-27 05:36:23,2022-03
1090,1415,1137,643,4,,2023-02-08 14:11:39,2023-02
1091,1415,643,1137,3,"Excellent service, will ride again.",2023-02-08 15:19:39,2023-02
1092,1420,294,117,2,Took too long.,2023-10-27 19:47:59,2023-10
1093,1421,294,155,3,Got there safely.,2022-05-10 21:48:11,2022-05
1094,1422,294,1081,5,Fast and safe driver.,2023-06-12 22:38:08,2023-06
1095,1423,294,1561,5,Super friendly and helpful.,2023-04-09 04:18:36,2023-04
1096,1423,1561,294,4,Very clean car.,2023-04-09 04:54:36,2023-04
1097,1424,294,822,3,,2024-02-26 20:04:20,2024-02
1098,1425,294,55,4,"Great rider, very polite.",2023-09-14 06:52:50,2023-09
1099,1427,294,142,4,,2022-10-01 15:27:46,2022-10
1100,1428,294,1968,4,,2022-08-06 19:07:49,2022-08
1101,1428,1968,294,5,"Excellent service, will ride again.",2022-08-06 18:51:49,2022-08
1102,1429,1888,929,4,,2022-05-04 15:27:53,2022-05
1103,1429,929,1888,3,Very clean car.,2022-05-04 14:29:53,2022-05
1104,1431,1888,1301,4,,2023-06-19 21:03:46,2023-06
1105,1431,1301,1888,5,,2023-06-19 21:23:46,2023-06
1106,1432,1169,146,5,,2023-09-13 11:21:11,2023-09
1107,1432,146,1169,4,Very clean car.,2023-09-13 12:44:11,2023-09
1108,1433,1169,1889,2,,2023-04-04 04:55:41,2023-04
1109,1433,1889,1169,4,"Excellent service, will ride again.",2023-04-04 05:06:41,2023-04
1110,1435,1791,1026,4,Super friendly and helpful.,2024-01-18 00:14:51,2024-01
1111,1438,1791,932,5,,2024-02-25 22:36:01,2024-02
1112,1439,1791,929,3,,2022-01-03 20:10:02,2022-01
1113,1439,929,1791,4,Very clean car.,2022-01-03 19:38:02,2022-01
1114,1441,1753,1764,2,,2022-11-14 20:45:17,2022-11
1115,1442,1753,728,4,,2023-01-07 20:55:13,2023-01
1116,1443,1057,1752,4,,2022-02-01 23:32:06,2022-02
1117,1444,836,498,3,"OK trip, nothing special.",2023-09-04 07:04:15,2023-09
1118,1444,498,836,3,Super friendly and helpful.,2023-09-04 05:50:15,2023-09
1119,1446,836,97,5,,2023-09-17 20:05:49,2023-09
1120,1448,836,1482,3,,2023-01-11 08:50:30,2023-01
1121,1448,1482,836,3,"Excellent service, will ride again.",2023-01-11 10:23:30,2023-01
1122,1450,836,1790,4,,2022-12-15 21:40:09,2022-12
1123,1450,1790,836,5,Super friendly and helpful.,2022-12-15 21:03:09,2022-12
1124,1451,836,543,3,Acceptable ride.,2023-10-14 15:02:22,2023-10
1125,1451,543,836,5,"Excellent service, will ride again.",2023-10-14 15:12:22,2023-10
1126,1453,334,836,4,"Smooth ride, on time.",2022-11-28 05:45:11,2022-11
1127,1454,485,836,4,,2023-12-24 02:16:39,2023-12
1128,1456,836,705,4,Very courteous driver.,2022-07-07 11:04:36,2022-07
1129,1458,571,836,2,Super friendly and helpful.,2024-05-14 04:56:35,2024-05
1130,1459,836,52,3,Trip was okay.,2022-10-06 03:49:47,2022-10
1131,1460,836,1555,3,,2023-02-09 06:08:55,2023-02
1132,1460,1555,836,3,"Excellent service, will ride again.",2023-02-09 04:37:55,2023-02
1133,1461,777,836,3,"Excellent service, will ride again.",2023-02-20 21:40:15,2023-02
1134,1462,836,1727,3,,2024-05-08 22:00:28,2024-05
1135,1465,104,836,3,,2024-01-11 22:15:13,2024-01
1136,1467,836,1651,4,"Great driver, very professional!",2022-01-03 08:16:19,2022-01
1137,1467,1651,836,3,"Smooth ride, on time.",2022-01-03 08:29:19,2022-01
1138,1468,1392,1461,5,"Great rider, very polite.",2023-12-13 11:24:19,2023-12
1139,1470,1392,506,3,Decent experience.,2022-07-02 06:38:52,2022-07
1140,1471,1392,119,3,Decent experience.,2022-01-20 19:24:02,2022-01
1141,1473,644,630,4,"Great rider, very polite.",2023-09-11 11:55:05,2023-09
1142,1474,644,705,4,Super friendly and helpful.,2023-02-23 07:01:19,2023-02
1143,1474,705,644,3,"Smooth ride, on time.",2023-02-23 07:58:19,2023-02
1144,1475,644,1044,4,,2024-06-12 16:32:31,2024-06
1145,1476,644,1196,4,,2023-10-15 19:53:33,2023-10
1146,1477,603,1040,5,,2023-12-04 17:35:32,2023-12
1147,1477,1040,603,3,Very clean car.,2023-12-04 18:11:32,2023-12
1148,1479,1008,1654,3,,2023-11-16 00:35:27,2023-11
1149,1480,613,1948,5,"Great driver, very professional!",2023-12-04 17:49:55,2023-12
1150,1480,1948,613,2,Super friendly and helpful.,2023-12-04 18:13:55,2023-12
1151,1483,613,643,5,,2023-08-04 14:42:10,2023-08
1152,1484,613,834,4,,2023-07-21 10:40:40,2023-07
1153,1484,834,613,4,"Great driver, very professional!",2023-07-21 09:32:40,2023-07
1154,1485,97,613,3,Super friendly and helpful.,2022-03-16 21:18:46,2022-03
1155,1486,1477,613,2,"Smooth ride, on time.",2022-12-13 02:11:26,2022-12
1156,1489,613,176,3,,2022-06-09 19:31:56,2022-06
1157,1490,613,118,3,Fine driver.,2024-05-15 12:30:15,2024-05
1158,1491,613,1035,5,,2024-01-16 03:10:58,2024-01
1159,1493,613,1775,4,"Great rider, very polite.",2022-10-04 16:43:14,2022-10
1160,1495,613,1558,4,,2022-07-28 01:51:38,2022-07
1161,1496,613,2,5,"Excellent service, will ride again.",2024-02-26 08:17:37,2024-02
1162,1497,613,1755,3,,2022-05-23 02:53:50,2022-05
1163,1497,1755,613,2,"Great driver, very professional!",2022-05-23 03:11:50,2022-05
1164,1499,613,878,4,,2022-11-15 05:00:34,2022-11
1165,1500,613,508,4,,2022-08-21 13:28:08,2022-08
1166,1502,613,765,3,,2022-01-20 05:04:52,2022-01
1167,1502,765,613,4,"Excellent service, will ride again.",2022-01-20 04:20:52,2022-01
1168,1503,1933,613,2,"Smooth ride, on time.",2022-09-23 04:28:24,2022-09
1169,1505,613,1104,5,,2022-12-05 02:20:03,2022-12
1170,1505,1104,613,4,"Smooth ride, on time.",2022-12-05 02:47:03,2022-12
1171,1506,1857,341,3,Nothing to complain about.,2023-09-28 01:38:32,2023-09
1172,1507,1857,1569,3,Average experience.,2022-12-01 01:45:08,2022-12
1173,1507,1569,1857,5,Very clean car.,2022-12-01 04:23:08,2022-12
1174,1508,780,210,3,Average experience.,2022-11-25 16:10:53,2022-11
1175,1508,210,780,4,Very clean car.,2022-11-25 17:23:53,2022-11
1176,1509,1652,187,5,,2023-01-21 14:32:31,2023-01
1177,1511,1804,1134,3,"OK trip, nothing special.",2023-03-24 16:43:18,2023-03
1178,1514,1804,1699,4,,2023-06-13 01:20:31,2023-06
1179,1516,1804,389,4,,2023-01-17 10:02:06,2023-01
1180,1517,800,1804,4,"Smooth ride, on time.",2023-05-07 00:38:52,2023-05
1181,1518,1804,1941,3,,2024-04-01 09:15:29,2024-04
1182,1520,1804,782,4,,2022-02-09 23:48:21,2022-02
1183,1521,1804,1830,3,Acceptable ride.,2023-02-10 14:43:56,2023-02
1184,1527,266,1352,4,,2022-10-04 03:41:42,2022-10
1185,1533,1171,1011,3,,2022-02-26 12:19:30,2022-02
1186,1534,1171,833,3,Decent experience.,2023-01-10 09:38:34,2023-01
1187,1538,1171,728,5,Fast and safe driver.,2022-03-19 15:16:57,2022-03
1188,1540,1171,1336,3,Decent experience.,2022-03-10 02:16:49,2022-03
1189,1541,1171,693,3,Trip was okay.,2024-06-16 05:04:04,2024-06
1190,1541,693,1171,3,,2024-06-16 06:17:04,2024-06
1191,1542,1171,1091,3,,2023-03-23 19:54:52,2023-03
1192,1542,1091,1171,3,"Smooth ride, on time.",2023-03-23 20:55:52,2023-03
1193,1543,1171,1575,2,,2022-05-28 11:56:37,2022-05
1194,1543,1575,1171,2,Super friendly and helpful.,2022-05-28 12:08:37,2022-05
1195,1546,1171,1162,3,,2023-03-17 22:23:05,2023-03
1196,1549,1171,202,4,,2024-06-23 06:07:54,2024-06
1197,1549,202,1171,4,Very clean car.,2024-06-23 07:59:54,2024-06
1198,1556,1171,1311,3,,2023-07-29 19:11:55,2023-07
1199,1557,1171,1564,5,,2024-05-11 09:06:42,2024-05
1200,1557,1564,1171,5,"Great driver, very professional!",2024-05-11 10:23:42,2024-05
1201,1558,1171,1187,4,"Easy pickup, no problems.",2024-04-23 20:25:45,2024-04
1202,1558,1187,1171,3,"Smooth ride, on time.",2024-04-23 21:29:45,2024-04
1203,1559,1171,776,4,"Smooth ride, on time.",2023-08-18 16:13:36,2023-08
1204,1559,776,1171,3,"Excellent service, will ride again.",2023-08-18 17:46:36,2023-08
1205,1563,1171,510,3,Nothing to complain about.,2023-06-03 05:03:56,2023-06
1206,1566,1171,192,4,"5 stars, highly recommend!",2022-06-12 13:24:58,2022-06
1207,1569,1171,1450,3,,2024-05-08 00:36:16,2024-05
1208,1570,1171,1495,2,,2023-12-19 12:43:37,2023-12
1209,1571,1171,959,5,,2024-01-30 18:09:43,2024-01
1210,1572,1171,118,4,"5 stars, highly recommend!",2023-02-17 13:18:33,2023-02
1211,1572,118,1171,3,Very clean car.,2023-02-17 13:34:33,2023-02
1212,1573,1171,1607,3,,2024-02-27 17:27:15,2024-02
1213,1574,1198,1171,4,,2022-06-10 11:43:48,2022-06
1214,1575,1171,1105,5,"Great driver, very professional!",2023-12-20 14:06:06,2023-12
1215,1576,234,199,5,Car was spotless.,2022-07-05 10:17:45,2022-07
1216,1577,1461,1988,4,Very clean car.,2023-11-23 18:44:04,2023-11
1217,1578,1988,777,4,"Easy pickup, no problems.",2023-03-12 20:53:34,2023-03
1218,1579,1988,1477,3,,2024-03-06 05:52:58,2024-03
1219,1583,1988,1084,4,,2023-11-03 11:22:49,2023-11
1220,1584,1988,146,4,"Excellent service, will ride again.",2022-05-02 13:33:34,2022-05
1221,1585,1988,146,5,Loved the music selection!,2024-03-19 00:08:30,2024-03
1222,1585,146,1988,2,"Smooth ride, on time.",2024-03-19 01:08:30,2024-03
1223,1587,1988,1548,4,"Great rider, very polite.",2022-11-13 03:14:10,2022-11
1224,1589,1988,585,5,,2022-11-07 21:47:42,2022-11
1225,1592,199,1988,4,"Excellent service, will ride again.",2023-11-22 02:47:40,2023-11
1226,1593,1988,1497,3,,2022-08-30 07:17:40,2022-08
1227,1594,736,1988,3,"Smooth ride, on time.",2023-10-18 07:23:17,2023-10
1228,1596,1988,24,4,"Great rider, very polite.",2022-04-11 06:00:00,2022-04
1229,1597,1793,601,3,Acceptable ride.,2023-02-01 16:45:29,2023-02
1230,1597,601,1793,2,,2023-02-01 16:47:29,2023-02
1231,1598,1793,929,3,,2024-02-22 15:55:09,2024-02
1232,1599,1793,389,4,,2022-07-21 22:00:23,2022-07
1233,1601,1793,199,4,,2024-05-02 14:42:35,2024-05
1234,1602,1793,1403,5,,2022-05-14 01:15:45,2022-05
1235,1603,1793,766,3,,2023-03-06 17:27:40,2023-03
1236,1605,1793,585,4,"Excellent service, will ride again.",2023-02-19 20:26:51,2023-02
1237,1606,1793,1477,5,Loved the music selection!,2024-03-14 06:58:09,2024-03
1238,1609,940,1793,3,"Smooth ride, on time.",2023-05-11 16:44:08,2023-05
1239,1610,1793,1790,3,Acceptable ride.,2022-11-18 00:50:56,2022-11
1240,1610,1790,1793,4,,2022-11-18 01:46:56,2022-11
1241,1611,1100,1793,3,Very clean car.,2022-04-13 12:42:15,2022-04
1242,1613,960,1658,3,Acceptable ride.,2024-03-24 01:54:56,2024-03
1243,1615,1955,345,2,"Smooth ride, on time.",2023-03-30 10:21:42,2023-03
1244,1616,1276,1117,5,,2023-12-03 11:39:58,2023-12
1245,1617,1276,1947,4,,2023-10-12 06:02:32,2023-10
1246,1618,1044,1276,4,Very clean car.,2023-09-14 21:44:28,2023-09
1247,1619,1276,1947,3,Trip was okay.,2023-03-26 04:36:09,2023-03
1248,1620,997,68,4,"Smooth ride, on time.",2022-07-07 23:47:41,2022-07
1249,1621,338,68,4,Super friendly and helpful.,2022-02-04 07:33:47,2022-02
1250,1624,68,1311,4,,2023-11-18 19:08:28,2023-11
1251,1624,1311,68,3,"Smooth ride, on time.",2023-11-18 19:37:28,2023-11
1252,1625,1488,498,4,Fast and safe driver.,2023-12-09 13:59:33,2023-12
1253,1626,1488,7,3,"OK trip, nothing special.",2023-08-19 01:38:38,2023-08
1254,1628,346,825,4,,2024-05-19 17:37:04,2024-05
1255,1631,346,230,2,,2022-03-24 07:42:03,2022-03
1256,1636,346,452,4,,2022-10-25 10:32:06,2022-10
1257,1636,452,346,4,"Great driver, very professional!",2022-10-25 11:06:06,2022-10
1258,1637,346,986,5,,2023-12-03 23:40:36,2023-12
1259,1637,986,346,3,"Great driver, very professional!",2023-12-03 23:44:36,2023-12
1260,1639,346,1309,4,,2022-04-19 19:18:10,2022-04
1261,1639,1309,346,3,"Smooth ride, on time.",2022-04-19 20:35:10,2022-04
1262,1641,898,346,4,,2024-05-30 20:44:07,2024-05
1263,1645,176,346,3,Super friendly and helpful.,2022-03-03 07:25:33,2022-03
1264,1646,346,742,5,"5 stars, highly recommend!",2023-02-28 04:46:23,2023-02
1265,1649,346,472,3,Fine driver.,2023-09-04 16:38:29,2023-09
1266,1651,346,1267,4,"5 stars, highly recommend!",2023-07-27 16:56:27,2023-07
1267,1652,346,1035,5,,2022-04-06 17:23:22,2022-04
1268,1653,346,1091,2,Rough driving.,2023-04-16 08:04:41,2023-04
1269,1654,346,225,4,,2022-11-23 13:20:28,2022-11
1270,1655,346,202,4,,2024-04-08 00:16:21,2024-04
1271,1656,346,1605,3,Acceptable ride.,2023-03-17 19:57:06,2023-03
1272,1656,1605,346,3,,2023-03-17 20:31:06,2023-03
1273,1657,346,1461,4,,2022-05-18 01:24:10,2022-05
1274,1659,1955,346,4,"Excellent service, will ride again.",2022-05-29 19:42:41,2022-05
1275,1664,346,1555,4,Car was spotless.,2022-08-09 22:07:27,2022-08
1276,1664,1555,346,2,,2022-08-09 22:47:27,2022-08
1277,1668,346,1869,3,Decent experience.,2023-01-12 09:15:50,2023-01
1278,1670,346,258,4,"5 stars, highly recommend!",2023-08-10 00:26:27,2023-08
1279,1671,346,593,5,,2023-07-09 03:18:50,2023-07
1280,1671,593,346,3,"Great driver, very professional!",2023-07-09 03:05:50,2023-07
1281,1673,346,741,4,"Perfect trip, no issues.",2023-02-08 12:46:10,2023-02
1282,1676,346,1044,4,Car was spotless.,2023-01-28 13:09:40,2023-01
1283,1677,346,436,4,"Perfect trip, no issues.",2024-06-09 10:28:01,2024-06
1284,1677,436,346,4,Very clean car.,2024-06-09 09:39:01,2024-06
1285,1678,346,376,3,Trip was okay.,2022-06-15 09:14:43,2022-06
1286,1679,346,1569,2,Car smelled bad.,2022-10-05 07:24:29,2022-10
1287,1681,346,1654,4,,2022-08-07 00:48:37,2022-08
1288,1681,1654,346,3,"Smooth ride, on time.",2022-08-07 02:20:37,2022-08
1289,1683,346,510,4,,2022-04-23 12:14:27,2022-04
1290,1683,510,346,3,"Smooth ride, on time.",2022-04-23 12:59:27,2022-04
1291,1684,346,932,4,Very clean car.,2024-04-08 03:45:09,2024-04
1292,1685,346,1987,5,,2024-04-17 21:30:49,2024-04
1293,1687,346,485,3,,2024-04-02 06:04:28,2024-04
1294,1688,346,1479,5,Loved the music selection!,2022-11-29 12:55:26,2022-11
1295,1688,1479,346,4,"Excellent service, will ride again.",2022-11-29 13:03:26,2022-11
1296,1689,1995,346,4,Very clean car.,2023-09-03 01:35:45,2023-09
1297,1690,1207,346,3,,2022-05-19 21:23:26,2022-05
1298,1691,346,726,2,,2022-10-27 00:26:40,2022-10
1299,1692,346,323,4,,2024-04-25 05:55:30,2024-04
1300,1696,346,1933,2,,2023-07-25 19:58:59,2023-07
1301,1697,346,1352,4,,2022-01-11 06:04:15,2022-01
1302,1698,346,1700,4,Very comfortable ride.,2023-06-28 15:09:01,2023-06
1303,1699,346,139,5,"Excellent service, will ride again.",2023-11-22 04:40:04,2023-11
1304,1701,346,736,3,Decent experience.,2022-06-05 03:38:56,2022-06
1305,1701,736,346,3,"Excellent service, will ride again.",2022-06-05 03:18:56,2022-06
1306,1702,202,346,2,"Smooth ride, on time.",2023-06-30 14:54:27,2023-06
1307,1704,199,346,4,"Excellent service, will ride again.",2023-06-20 08:10:16,2023-06
1308,1706,346,118,2,Driver was late.,2022-02-11 13:56:00,2022-02
1309,1706,118,346,2,Very clean car.,2022-02-11 12:57:00,2022-02
1310,1708,346,62,4,,2023-03-18 20:22:00,2023-03
1311,1709,346,919,5,,2023-03-27 22:20:27,2023-03
1312,1710,346,1575,2,,2023-04-14 23:08:34,2023-04
1313,1711,346,664,3,Acceptable ride.,2022-03-05 01:03:44,2022-03
1314,1711,664,346,2,"Great driver, very professional!",2022-03-04 23:59:44,2022-03
1315,1714,346,1869,3,,2023-09-15 22:04:20,2023-09
1316,1714,1869,346,4,"Excellent service, will ride again.",2023-09-15 20:31:20,2023-09
1317,1717,346,1350,3,Decent experience.,2023-10-14 19:09:04,2023-10
1318,1718,346,736,3,"OK trip, nothing special.",2023-11-08 21:19:38,2023-11
1319,1719,346,1026,4,,2023-07-17 20:13:59,2023-07
1320,1721,346,498,3,,2022-02-20 17:49:42,2022-02
1321,1722,1336,346,2,Very clean car.,2024-06-15 08:36:42,2024-06
1322,1723,187,346,4,Very clean car.,2023-12-14 15:12:17,2023-12
1323,1724,346,1162,5,"5 stars, highly recommend!",2022-01-08 01:54:33,2022-01
1324,1729,346,1841,3,,2024-05-07 04:04:10,2024-05
1325,1730,1049,66,4,"Perfect trip, no issues.",2024-01-15 07:44:18,2024-01
1326,1732,1049,1937,5,,2023-08-12 00:48:31,2023-08
1327,1732,1937,1049,3,,2023-08-12 00:16:31,2023-08
1328,1735,183,959,5,Loved the music selection!,2024-05-19 03:04:59,2024-05
1329,1736,183,1987,5,Loved the music selection!,2022-05-18 10:42:41,2022-05
1330,1737,30,932,4,"Perfect trip, no issues.",2024-03-11 19:21:45,2024-03
1331,1739,30,1430,5,Car was spotless.,2023-02-27 09:20:35,2023-02
1332,1740,30,1991,3,Acceptable ride.,2022-10-18 17:04:42,2022-10
1333,1740,1991,30,3,Very clean car.,2022-10-18 18:36:42,2022-10
1334,1741,1837,1509,4,Super friendly and helpful.,2022-05-06 16:10:15,2022-05
1335,1741,1509,1837,3,"Great driver, very professional!",2022-05-06 16:15:15,2022-05
1336,1742,1837,1776,3,Decent experience.,2024-04-12 17:34:01,2024-04
1337,1743,1837,1526,4,Very comfortable ride.,2023-06-23 11:30:13,2023-06
1338,1744,1947,1837,4,Super friendly and helpful.,2023-12-11 17:04:09,2023-12
1339,1745,1837,643,4,Fast and safe driver.,2023-05-15 12:55:57,2023-05
1340,1746,1837,1117,5,"Easy pickup, no problems.",2022-02-08 01:54:06,2022-02
1341,1747,1837,1471,4,Car was spotless.,2022-08-25 16:22:35,2022-08
1342,1747,1471,1837,4,"Smooth ride, on time.",2022-08-25 16:22:35,2022-08
1343,1748,789,1837,4,"Excellent service, will ride again.",2024-06-07 21:12:40,2024-06
1344,1749,1837,1196,4,,2024-01-23 20:02:40,2024-01
1345,1749,1196,1837,3,"Great driver, very professional!",2024-01-23 21:46:40,2024-01
1346,1752,726,1837,2,"Great driver, very professional!",2022-08-28 07:00:39,2022-08
1347,1753,1837,1356,4,"Great rider, very polite.",2024-05-12 16:41:20,2024-05
1348,1754,412,1837,4,Very clean car.,2023-05-31 16:45:10,2023-05
1349,1755,1837,1350,2,Driver was late.,2024-02-18 06:56:22,2024-02
1350,1757,1837,334,4,,2022-07-31 16:39:51,2022-07
1351,1758,1837,1741,4,Loved the music selection!,2022-02-24 18:26:59,2022-02
1352,1760,1837,338,5,,2023-03-11 02:44:13,2023-03
1353,1762,1837,132,4,"Easy pickup, no problems.",2022-10-28 22:00:43,2022-10
1354,1762,132,1837,4,Very clean car.,2022-10-28 23:44:43,2022-10
1355,1766,40,1837,4,"Excellent service, will ride again.",2023-05-10 05:20:15,2023-05
1356,1768,1837,1981,4,"Smooth ride, on time.",2023-04-15 05:02:58,2023-04
1357,1768,1981,1837,4,"Smooth ride, on time.",2023-04-15 06:00:58,2023-04
1358,1771,1837,860,4,Very clean car.,2022-10-02 04:11:58,2022-10
1359,1772,1837,508,5,,2022-06-07 22:52:34,2022-06
1360,1774,1837,1281,3,,2024-03-26 02:57:22,2024-03
1361,1775,1837,842,4,"5 stars, highly recommend!",2022-11-19 15:25:19,2022-11
1362,1776,1837,1355,4,,2023-09-19 19:46:47,2023-09
1363,1777,1837,65,4,,2022-05-18 00:09:21,2022-05
1364,1779,1837,5,4,"Perfect trip, no issues.",2023-06-03 15:38:22,2023-06
1365,1781,338,181,4,"Smooth ride, on time.",2024-01-06 07:12:55,2024-01
1366,1782,341,181,3,Super friendly and helpful.,2023-07-23 13:42:23,2023-07
1367,1783,181,1794,4,,2024-05-25 23:13:55,2024-05
1368,1783,1794,181,3,"Great driver, very professional!",2024-05-25 22:25:55,2024-05
1369,1786,181,1724,5,Very courteous driver.,2023-05-18 05:34:30,2023-05
1370,1786,1724,181,4,"Smooth ride, on time.",2023-05-18 07:20:30,2023-05
1371,1789,181,1139,4,"Excellent service, will ride again.",2022-08-17 09:53:41,2022-08
1372,1790,181,351,4,,2023-02-23 19:44:40,2023-02
1373,1792,181,179,4,Loved the music selection!,2022-10-24 06:31:08,2022-10
1374,1793,181,539,1,,2022-04-06 09:00:36,2022-04
1375,1795,181,1030,5,,2024-01-29 09:50:53,2024-01
1376,1797,181,1547,4,,2023-01-18 04:32:32,2023-01
1377,1802,181,1492,3,Trip was okay.,2023-06-09 22:57:40,2023-06
1378,1804,920,181,4,,2023-07-29 10:02:24,2023-07
1379,1805,1739,181,4,Super friendly and helpful.,2023-10-07 18:57:36,2023-10
1380,1806,181,1352,4,Very courteous driver.,2024-05-08 19:26:06,2024-05
1381,1808,181,1881,4,,2022-04-03 01:44:00,2022-04
1382,1810,181,932,3,,2023-12-11 00:10:32,2023-12
1383,1814,181,118,5,,2022-02-10 17:56:51,2022-02
1384,1815,181,898,5,Car was spotless.,2023-01-21 19:50:07,2023-01
1385,1816,1183,181,4,Super friendly and helpful.,2023-10-31 07:46:14,2023-10
1386,1817,181,335,3,,2022-04-02 05:15:26,2022-04
1387,1818,181,539,3,Decent experience.,2022-04-12 00:41:50,2022-04
1388,1819,181,485,3,Trip was okay.,2022-05-02 06:19:42,2022-05
1389,1819,485,181,3,"Smooth ride, on time.",2022-05-02 08:33:42,2022-05
1390,1820,181,1023,4,,2023-11-12 13:42:43,2023-11
1391,1820,1023,181,4,"Smooth ride, on time.",2023-11-12 12:52:43,2023-11
1392,1821,181,1991,4,,2023-12-27 01:16:57,2023-12
1393,1824,181,957,4,"Perfect trip, no issues.",2022-09-21 11:09:34,2022-09
1394,1826,181,664,4,Very comfortable ride.,2022-04-27 16:08:23,2022-04
1395,1827,181,1131,4,"Perfect trip, no issues.",2022-03-02 10:52:38,2022-03
1396,1830,181,1763,3,,2022-09-28 14:49:38,2022-09
1397,1831,181,1053,3,,2022-06-13 06:54:08,2022-06
1398,1835,181,118,3,Decent experience.,2024-06-23 15:43:36,2024-06
1399,1836,181,1830,4,,2022-02-10 02:14:02,2022-02
1400,1837,181,448,3,Fine driver.,2022-07-30 20:52:36,2022-07
1401,1838,777,181,3,"Excellent service, will ride again.",2023-02-04 02:51:06,2023-02
1402,1839,181,1430,4,Very clean car.,2022-09-27 21:41:02,2022-09
1403,1839,1430,181,3,"Smooth ride, on time.",2022-09-27 22:48:02,2022-09
1404,1840,1507,181,3,Very clean car.,2022-05-09 23:27:00,2022-05
1405,1843,181,1134,3,,2022-12-07 06:24:10,2022-12
1406,1843,1134,181,3,"Smooth ride, on time.",2022-12-07 05:11:10,2022-12
1407,1845,181,1243,5,Car was spotless.,2023-05-21 12:34:29,2023-05
1408,1847,181,1781,3,,2022-02-11 22:44:40,2022-02
1409,1851,181,1117,3,Decent experience.,2023-07-31 02:06:10,2023-07
1410,1852,1819,52,5,,2023-02-10 21:05:46,2023-02
1411,1854,1058,1413,3,Fine driver.,2023-10-04 18:47:23,2023-10
1412,1855,1247,132,5,,2022-07-04 19:10:24,2022-07
1413,1857,1247,811,3,Average experience.,2023-05-16 17:42:15,2023-05
1414,1858,1247,705,5,"Smooth ride, on time.",2023-03-29 08:02:28,2023-03
1415,1859,1247,1561,3,Decent experience.,2023-05-06 03:00:40,2023-05
1416,1860,1247,1011,3,,2022-09-23 10:22:02,2022-09
1417,1861,1247,834,4,"5 stars, highly recommend!",2022-01-09 16:07:13,2022-01
1418,1863,765,1247,2,,2024-05-23 21:25:31,2024-05
1419,1864,1247,549,4,,2023-09-12 09:10:28,2023-09
1420,1867,1247,1135,5,,2023-05-08 14:02:36,2023-05
1421,1868,1247,2,5,"Quick and efficient, thanks!",2023-03-03 09:13:16,2023-03
1422,1871,324,1247,4,"Smooth ride, on time.",2022-06-12 18:14:35,2022-06
1423,1875,1247,412,3,Average experience.,2022-12-06 13:26:30,2022-12
1424,1876,1247,477,4,"Smooth ride, on time.",2024-06-11 03:23:44,2024-06
1425,1876,477,1247,2,"Excellent service, will ride again.",2024-06-11 02:56:44,2024-06
1426,1878,1247,494,3,,2022-10-12 20:15:43,2022-10
1427,1879,1247,1955,4,,2022-06-12 05:53:12,2022-06
1428,1880,1247,1495,4,"Smooth ride, on time.",2023-07-12 15:14:45,2023-07
1429,1882,1247,741,2,Driver was rude.,2024-03-20 05:59:18,2024-03
1430,1882,741,1247,4,Very clean car.,2024-03-20 04:36:18,2024-03
1431,1884,690,1247,5,"Smooth ride, on time.",2023-10-27 15:48:17,2023-10
1432,1885,1247,1205,3,,2022-12-08 17:14:19,2022-12
1433,1885,1205,1247,4,Super friendly and helpful.,2022-12-08 18:26:19,2022-12
1434,1886,1247,759,3,Decent experience.,2023-03-13 08:59:17,2023-03
1435,1888,1247,728,5,,2022-04-27 20:48:11,2022-04
1436,1889,1247,146,3,Fine driver.,2023-08-31 10:57:57,2023-08
1437,1890,1247,136,4,Super friendly and helpful.,2023-05-24 17:10:56,2023-05
1438,1890,136,1247,4,,2023-05-24 15:17:56,2023-05
1439,1891,1247,842,5,,2023-01-23 12:42:15,2023-01
1440,1892,1247,742,4,"Great driver, very professional!",2022-07-08 15:04:37,2022-07
1441,1892,742,1247,4,"Smooth ride, on time.",2022-07-08 15:00:37,2022-07
1442,1893,1247,1684,4,,2023-07-08 04:44:06,2023-07
1443,1894,1247,235,4,,2022-10-05 18:22:54,2022-10
1444,1894,235,1247,4,Very clean car.,2022-10-05 19:11:54,2022-10
1445,1895,1247,210,4,Loved the music selection!,2023-11-29 11:59:59,2023-11
1446,1895,210,1247,3,,2023-11-29 13:37:59,2023-11
1447,1897,1247,1839,5,,2022-01-18 10:49:02,2022-01
1448,1897,1839,1247,2,,2022-01-18 11:59:02,2022-01
1449,1901,1247,1397,4,"Smooth ride, on time.",2022-01-12 13:22:23,2022-01
1450,1902,1247,494,5,"Quick and efficient, thanks!",2022-03-14 16:43:17,2022-03
1451,1903,1968,1247,3,"Smooth ride, on time.",2022-06-23 05:15:55,2022-06
1452,1904,1247,506,3,,2022-09-01 18:36:23,2022-09
1453,1907,1247,1206,4,"Smooth ride, on time.",2022-04-29 03:50:37,2022-04
1454,1907,1206,1247,3,,2022-04-29 02:29:37,2022-04
1455,1908,1247,759,2,Rough driving.,2023-09-21 22:08:33,2023-09
1456,1908,759,1247,2,Super friendly and helpful.,2023-09-21 23:11:33,2023-09
1457,1913,1427,890,4,Super friendly and helpful.,2023-11-07 12:55:08,2023-11
1458,1914,890,741,3,Decent experience.,2023-05-01 20:35:20,2023-05
1459,1915,890,1561,5,"Excellent service, will ride again.",2023-01-13 15:26:28,2023-01
1460,1918,890,1814,5,"Easy pickup, no problems.",2023-02-17 21:25:58,2023-02
1461,1918,1814,890,2,"Great driver, very professional!",2023-02-17 22:45:58,2023-02
1462,1919,890,1752,4,,2024-03-03 19:01:55,2024-03
1463,1919,1752,890,3,,2024-03-03 20:29:55,2024-03
1464,1920,890,5,3,Trip was okay.,2024-02-28 20:22:46,2024-02
1465,1920,5,890,3,Very clean car.,2024-02-28 20:34:46,2024-02
1466,1921,890,1117,5,,2022-02-12 05:41:49,2022-02
1467,1921,1117,890,3,"Excellent service, will ride again.",2022-02-12 04:44:49,2022-02
1468,1924,890,1438,4,"Smooth ride, on time.",2024-03-05 20:01:17,2024-03
1469,1924,1438,890,2,Very clean car.,2024-03-05 19:53:17,2024-03
1470,1925,890,15,5,"Perfect trip, no issues.",2023-07-28 09:37:04,2023-07
1471,1925,15,890,4,"Great driver, very professional!",2023-07-28 11:50:04,2023-07
1472,1926,890,1993,2,Had trouble finding the pickup spot.,2024-05-18 03:19:17,2024-05
1473,1927,890,1544,4,,2023-02-24 15:11:23,2023-02
1474,1927,1544,890,4,"Great driver, very professional!",2023-02-24 16:59:23,2023-02
1475,1929,1041,890,4,Super friendly and helpful.,2024-06-11 07:14:33,2024-06
1476,1930,890,1081,3,,2023-08-12 18:30:09,2023-08
1477,1930,1081,890,4,,2023-08-12 18:43:09,2023-08
1478,1932,97,890,1,Super friendly and helpful.,2022-04-26 21:30:11,2022-04
1479,1934,53,338,3,Trip was okay.,2022-11-19 12:57:06,2022-11
1480,1934,338,53,2,,2022-11-19 12:21:06,2022-11
1481,1935,1714,878,4,,2022-12-09 13:01:28,2022-12
1482,1936,1806,1221,3,Acceptable ride.,2023-04-12 18:25:49,2023-04
1483,1941,1221,935,3,"Smooth ride, on time.",2022-08-11 04:14:36,2022-08
1484,1942,1651,935,3,"Excellent service, will ride again.",2022-10-25 21:31:06,2022-10
1485,1945,935,1948,3,,2024-05-09 23:58:39,2024-05
1486,1946,935,585,4,"Quick and efficient, thanks!",2023-07-10 20:40:03,2023-07
1487,1946,585,935,3,Very clean car.,2023-07-10 21:22:03,2023-07
1488,1950,1695,1775,5,,2023-11-02 03:01:53,2023-11
1489,1950,1775,1695,1,"Smooth ride, on time.",2023-11-02 04:30:53,2023-11
1490,1952,1695,1741,4,,2023-04-09 20:26:37,2023-04
1491,1953,115,1695,3,"Excellent service, will ride again.",2023-10-15 03:34:40,2023-10
1492,1954,1695,800,3,,2022-12-10 23:18:57,2022-12
1493,1956,1695,44,4,Super friendly and helpful.,2024-06-06 16:34:46,2024-06
1494,1957,1695,201,5,Very clean car.,2024-04-24 04:39:06,2024-04
1495,1957,201,1695,2,,2024-04-24 06:10:06,2024-04
1496,1958,1695,97,3,,2022-10-15 11:15:52,2022-10
1497,1959,1695,1606,4,Very clean car.,2024-06-08 12:55:05,2024-06
1498,1963,517,477,3,Nothing to complain about.,2022-06-22 19:34:46,2022-06
1499,1967,1641,89,3,Acceptable ride.,2024-06-25 20:42:21,2024-06
1500,1968,1826,1641,3,"Great driver, very professional!",2023-06-25 04:24:42,2023-06
1501,1971,1641,765,4,,2023-03-15 01:16:33,2023-03
1502,1972,1641,1162,4,,2024-05-07 11:10:27,2024-05
1503,1972,1162,1641,2,"Excellent service, will ride again.",2024-05-07 11:57:27,2024-05
1504,1975,1641,860,5,Car was spotless.,2022-07-02 11:48:39,2022-07
1505,1975,860,1641,3,,2022-07-02 14:16:39,2022-07
1506,1976,1641,822,5,"Great rider, very polite.",2023-04-15 18:53:19,2023-04
1507,1977,1641,543,3,Trip was okay.,2022-04-18 13:55:29,2022-04
1508,1977,543,1641,3,"Excellent service, will ride again.",2022-04-18 13:30:29,2022-04
1509,1978,1641,1839,4,Super friendly and helpful.,2022-04-15 21:21:29,2022-04
1510,1979,1641,1293,3,Acceptable ride.,2022-09-22 03:01:18,2022-09
1511,1980,52,1641,2,,2023-12-14 08:03:41,2023-12
1512,1981,1641,1651,4,Super friendly and helpful.,2023-11-23 22:39:12,2023-11
1513,1982,1641,1461,4,,2024-03-13 10:48:17,2024-03
1514,1985,1248,1641,3,Very clean car.,2023-02-12 08:04:29,2023-02
1515,1986,1641,1026,5,,2023-07-10 04:50:40,2023-07
1516,1988,1641,1087,2,,2022-12-02 16:13:42,2022-12
1517,1988,1087,1641,4,"Excellent service, will ride again.",2022-12-02 16:43:42,2022-12
1518,1989,1084,1641,4,Very clean car.,2022-04-24 06:04:44,2022-04
1519,1990,1593,1869,4,Very clean car.,2023-03-09 19:49:30,2023-03
1520,1992,1593,665,4,,2022-10-06 17:42:38,2022-10
1521,1992,665,1593,5,"Smooth ride, on time.",2022-10-06 16:43:38,2022-10
1522,1993,1593,1352,4,,2024-03-18 14:39:42,2024-03
1523,1993,1352,1593,3,"Great driver, very professional!",2024-03-18 14:09:42,2024-03
1524,1995,1593,1984,4,,2023-01-16 13:41:47,2023-01
1525,1996,1593,920,2,Took a longer route.,2023-09-26 12:08:41,2023-09
1526,1997,1593,1987,4,,2024-02-09 10:30:12,2024-02
1527,1997,1987,1593,3,"Smooth ride, on time.",2024-02-09 10:41:12,2024-02
1528,1998,1356,1593,4,,2023-12-27 05:11:10,2023-12
1529,1999,1593,898,4,Very clean car.,2024-04-20 01:37:28,2024-04
1530,1999,898,1593,4,Very clean car.,2024-04-20 02:40:28,2024-04
1531,2000,1593,1104,3,,2022-11-28 14:22:58,2022-11
1532,2001,925,1593,3,"Great driver, very professional!",2022-08-22 17:24:27,2022-08
1533,2002,1593,1281,3,Average experience.,2023-02-24 03:09:25,2023-02
1534,2003,1593,1053,4,,2023-09-13 01:41:13,2023-09
1535,2006,1593,1607,3,Average experience.,2023-04-02 10:54:40,2023-04
1536,2007,1593,959,4,Car was spotless.,2022-02-21 03:20:29,2022-02
1537,2007,959,1593,4,Very clean car.,2022-02-21 05:33:29,2022-02
1538,2009,1111,1593,5,,2022-02-18 20:35:01,2022-02
1539,2012,1965,1593,3,"Smooth ride, on time.",2024-01-14 07:19:56,2024-01
1540,2015,1593,728,4,"Great driver, very professional!",2022-02-06 18:38:46,2022-02
1541,2016,1593,117,3,Got there safely.,2022-08-11 09:18:48,2022-08
1542,2018,1593,833,4,,2023-03-25 12:14:11,2023-03
1543,2020,1593,1544,5,Car was spotless.,2024-06-10 22:22:38,2024-06
1544,2025,319,72,4,,2022-10-16 21:26:04,2022-10
1545,2026,1046,1139,3,Nothing to complain about.,2022-01-07 15:59:37,2022-01
1546,2026,1139,1046,3,"Smooth ride, on time.",2022-01-07 14:33:37,2022-01
1547,2028,1046,1187,3,Average experience.,2022-04-13 02:11:10,2022-04
1548,2029,1046,778,3,Trip was okay.,2022-05-16 15:38:46,2022-05
1549,2031,1046,485,4,,2023-08-12 22:09:26,2023-08
1550,2032,1046,1302,4,"Easy pickup, no problems.",2022-06-11 19:24:34,2022-06
1551,2032,1302,1046,3,"Smooth ride, on time.",2022-06-11 19:41:34,2022-06
1552,2034,1046,1181,5,,2022-10-16 21:02:04,2022-10
1553,2034,1181,1046,3,Very clean car.,2022-10-16 21:29:04,2022-10
1554,2036,1046,1700,3,,2023-07-22 16:02:10,2023-07
1555,2037,1046,1654,2,,2022-02-07 23:34:16,2022-02
1556,2038,1046,176,2,Not very clean.,2022-12-16 20:26:18,2022-12
1557,2040,1046,570,4,Very comfortable ride.,2023-04-16 06:40:47,2023-04
1558,2041,1046,1091,3,Nothing to complain about.,2024-04-17 23:29:01,2024-04
1559,2042,1046,986,5,Very courteous driver.,2023-06-23 10:02:43,2023-06
1560,2044,1046,1544,5,"Great driver, very professional!",2022-11-08 04:33:11,2022-11
1561,2046,1046,1881,3,Trip was okay.,2023-12-31 13:18:20,2023-12
1562,2046,1881,1046,3,"Excellent service, will ride again.",2023-12-31 15:13:20,2023-12
1563,2049,1413,1046,2,Super friendly and helpful.,2022-06-14 08:36:02,2022-06
1564,2052,1046,1060,3,,2022-12-19 04:45:53,2022-12
1565,2053,1046,139,5,,2022-03-31 06:08:04,2022-03
1566,2053,139,1046,2,Super friendly and helpful.,2022-03-31 07:41:04,2022-03
1567,2054,1046,1693,3,Decent experience.,2022-03-29 08:38:12,2022-03
1568,2055,1046,834,4,,2023-10-27 03:19:45,2023-10
1569,2055,834,1046,4,"Great driver, very professional!",2023-10-27 05:23:45,2023-10
1570,2056,1046,833,4,,2024-06-18 10:52:59,2024-06
1571,2056,833,1046,3,Super friendly and helpful.,2024-06-18 10:55:59,2024-06
1572,2057,219,1198,3,Decent experience.,2022-08-09 07:11:58,2022-08
1573,2057,1198,219,4,Super friendly and helpful.,2022-08-09 05:27:58,2022-08
1574,2058,219,977,3,Trip was okay.,2024-02-12 14:45:02,2024-02
1575,2058,977,219,3,Very clean car.,2024-02-12 14:35:02,2024-02
1576,2059,219,1869,3,,2023-02-23 12:04:50,2023-02
1577,2059,1869,219,3,,2023-02-23 12:34:50,2023-02
1578,2060,219,1471,5,Very comfortable ride.,2023-10-04 15:46:55,2023-10
1579,2063,71,1181,4,"Perfect trip, no issues.",2023-07-15 10:42:01,2023-07
1580,2066,89,135,3,Very clean car.,2024-01-28 14:25:36,2024-01
1581,2068,1610,1775,4,,2022-11-24 06:38:33,2022-11
1582,2070,481,1311,4,Very clean car.,2023-01-09 21:22:45,2023-01
1583,2071,481,139,4,Car was spotless.,2023-08-09 07:38:55,2023-08
1584,2072,481,1207,4,,2023-10-06 18:03:56,2023-10
1585,2074,1702,915,4,,2022-03-05 18:12:50,2022-03
1586,2075,915,202,3,,2022-11-13 18:10:35,2022-11
1587,2078,915,1841,2,Had trouble finding the pickup spot.,2023-01-02 00:13:54,2023-01
1588,2079,269,394,4,,2023-11-30 17:52:06,2023-11
1589,2082,269,1965,4,Very clean car.,2022-04-28 00:57:15,2022-04
1590,2082,1965,269,3,"Excellent service, will ride again.",2022-04-28 00:24:15,2022-04
1591,2083,269,439,5,Very clean car.,2023-08-08 15:34:07,2023-08
1592,2084,269,97,4,,2022-12-09 02:46:48,2022-12
1593,2085,1984,269,3,"Smooth ride, on time.",2022-03-23 14:21:28,2022-03
1594,2087,1830,269,5,"Excellent service, will ride again.",2023-04-16 09:51:51,2023-04
1595,2088,269,1331,5,"Smooth ride, on time.",2022-01-22 17:15:57,2022-01
1596,2089,742,269,3,,2024-04-02 20:04:56,2024-04
1597,2090,269,1210,5,,2022-07-24 00:17:17,2022-07
1598,2090,1210,269,4,"Smooth ride, on time.",2022-07-23 23:44:17,2022-07
1599,2096,684,62,3,,2023-10-27 06:46:02,2023-10
1600,2097,394,764,2,Super friendly and helpful.,2023-10-28 13:44:36,2023-10
1601,2100,548,1724,4,Loved the music selection!,2023-04-28 07:08:51,2023-04
1602,2101,548,1590,3,Acceptable ride.,2023-04-11 04:45:44,2023-04
1603,2102,548,553,5,Car was spotless.,2023-07-31 20:02:39,2023-07
1604,2102,553,548,3,Super friendly and helpful.,2023-07-31 20:45:39,2023-07
1605,2103,548,1026,3,,2022-09-03 07:50:09,2022-09
1606,2105,911,225,3,Acceptable ride.,2023-05-19 15:14:36,2023-05
1607,2106,995,911,5,"Smooth ride, on time.",2022-07-24 10:29:42,2022-07
1608,2107,672,1544,5,Super friendly and helpful.,2022-12-14 10:12:44,2022-12
1609,2113,1014,1207,4,,2023-03-28 21:07:46,2023-03
1610,2113,1207,1014,4,Very clean car.,2023-03-28 20:57:46,2023-03
1611,2114,1014,1091,4,"Smooth ride, on time.",2024-03-09 00:24:47,2024-03
1612,2115,1014,697,4,"Perfect trip, no issues.",2023-05-27 01:47:48,2023-05
1613,2116,1014,155,4,"Perfect trip, no issues.",2023-12-13 12:52:37,2023-12
1614,2118,1014,986,4,Very clean car.,2024-05-14 16:08:55,2024-05
1615,2120,1014,726,4,,2023-01-27 06:17:25,2023-01
1616,2122,1014,1355,3,,2024-06-25 13:23:18,2024-06
1617,2123,1014,1474,4,"Great driver, very professional!",2022-11-14 19:45:56,2022-11
1618,2126,1014,959,4,,2022-01-20 10:31:45,2022-01
1619,2127,728,1014,4,"Excellent service, will ride again.",2024-01-25 00:33:06,2024-01
1620,2130,1014,647,5,"Quick and efficient, thanks!",2022-01-27 13:19:36,2022-01
1621,2130,647,1014,4,"Great driver, very professional!",2022-01-27 13:32:36,2022-01
1622,2131,146,1014,4,Super friendly and helpful.,2022-07-13 07:02:22,2022-07
1623,2132,1014,1640,4,"Smooth ride, on time.",2023-02-04 23:14:56,2023-02
1624,2133,1014,1302,4,,2024-02-13 17:16:07,2024-02
1625,2133,1302,1014,2,,2024-02-13 15:46:07,2024-02
1626,2134,1117,1014,5,Very clean car.,2023-06-05 00:55:48,2023-06
1627,2136,78,1331,4,Super friendly and helpful.,2023-12-12 02:15:50,2023-12
1628,2137,78,1741,2,,2024-06-12 08:13:40,2024-06
1629,2137,1741,78,3,"Smooth ride, on time.",2024-06-12 07:18:40,2024-06
1630,2138,78,1105,4,,2023-08-09 16:47:39,2023-08
1631,2139,929,78,5,Very clean car.,2023-07-08 02:12:57,2023-07
1632,2140,78,335,2,Had trouble finding the pickup spot.,2023-03-25 19:45:06,2023-03
1633,2140,335,78,4,Very clean car.,2023-03-25 18:51:06,2023-03
1634,2141,78,1605,5,,2024-06-03 00:51:01,2024-06
1635,2143,78,389,5,,2023-04-08 23:39:32,2023-04
1636,2144,78,1574,3,,2024-05-17 00:57:16,2024-05
1637,2148,164,78,4,"Smooth ride, on time.",2023-04-08 06:06:53,2023-04
1638,2150,78,1494,5,Loved the music selection!,2022-09-05 13:08:08,2022-09
1639,2152,78,15,5,Loved the music selection!,2024-03-24 00:07:29,2024-03
1640,2152,15,78,3,"Smooth ride, on time.",2024-03-23 23:19:29,2024-03
1641,2154,1090,1781,4,"Quick and efficient, thanks!",2022-11-08 11:49:14,2022-11
1642,2155,1480,1301,3,Average experience.,2022-06-03 12:01:48,2022-06
1643,2158,1480,1131,4,,2023-04-21 02:12:17,2023-04
1644,2159,1480,1041,3,,2022-09-17 11:55:06,2022-09
1645,2162,1480,256,4,"5 stars, highly recommend!",2024-02-05 22:45:58,2024-02
1646,2162,256,1480,4,"Excellent service, will ride again.",2024-02-05 21:49:58,2024-02
1647,2164,1480,1790,5,"Easy pickup, no problems.",2023-08-28 07:24:50,2023-08
1648,2165,1480,1386,5,Fast and safe driver.,2023-05-01 02:18:05,2023-05
1649,2166,1607,1480,2,Super friendly and helpful.,2024-04-29 11:14:34,2024-04
1650,2167,1480,1380,5,Very comfortable ride.,2022-05-01 20:46:33,2022-05
1651,2169,1480,97,3,,2023-12-07 20:52:08,2023-12
1652,2169,97,1480,3,Super friendly and helpful.,2023-12-07 20:49:08,2023-12
1653,2171,1480,1206,5,"Great driver, very professional!",2023-07-30 16:57:25,2023-07
1654,2173,248,1480,2,Very clean car.,2024-01-19 13:18:51,2024-01
1655,2175,1480,647,5,Very comfortable ride.,2023-03-26 00:07:05,2023-03
1656,2175,647,1480,5,,2023-03-26 00:15:05,2023-03
1657,2176,1480,485,4,Fast and safe driver.,2022-10-21 17:31:54,2022-10
1658,2176,485,1480,4,Very clean car.,2022-10-21 18:08:54,2022-10
1659,2177,1480,1965,5,Car was spotless.,2022-07-10 22:44:16,2022-07
1660,2178,1480,1141,5,Super friendly and helpful.,2023-03-11 23:14:08,2023-03
1661,2180,229,1918,2,,2022-12-15 15:52:42,2022-12
1662,2181,1918,1302,3,,2022-07-26 14:40:12,2022-07
1663,2185,573,1135,3,,2023-10-04 04:44:17,2023-10
1664,2185,1135,573,2,"Smooth ride, on time.",2023-10-04 04:17:17,2023-10
1665,2188,221,1955,5,"Quick and efficient, thanks!",2023-03-02 01:59:05,2023-03
1666,2189,221,52,5,,2023-10-26 22:36:44,2023-10
1667,2189,52,221,4,"Excellent service, will ride again.",2023-10-27 00:47:44,2023-10
1668,2190,221,376,3,Fine driver.,2023-02-18 12:01:38,2023-02
1669,2194,221,452,4,,2023-12-19 17:07:32,2023-12
1670,2194,452,221,3,,2023-12-19 17:20:32,2023-12
1671,2195,221,1727,3,,2022-01-14 12:34:16,2022-01
1672,2196,221,693,4,"Excellent service, will ride again.",2022-01-10 15:34:35,2022-01
1673,2196,693,221,4,Very clean car.,2022-01-10 14:58:35,2022-01
1674,2197,221,1400,5,"Smooth ride, on time.",2022-03-07 01:26:01,2022-03
1675,2198,221,271,5,,2022-11-01 09:35:31,2022-11
1676,2199,221,192,4,Car was spotless.,2022-06-20 17:49:58,2022-06
1677,2200,221,1286,4,,2022-08-21 18:54:18,2022-08
1678,2201,221,1494,3,,2022-07-08 20:39:53,2022-07
1679,2204,221,1781,3,Decent experience.,2022-08-09 02:19:38,2022-08
1680,2208,221,136,3,Trip was okay.,2023-11-03 19:35:29,2023-11
1681,2210,221,602,4,,2023-10-07 19:41:31,2023-10
1682,2210,602,221,4,,2023-10-07 18:20:31,2023-10
1683,2211,221,748,5,,2023-06-19 17:19:40,2023-06
1684,2211,748,221,4,Super friendly and helpful.,2023-06-19 17:39:40,2023-06
1685,2212,221,630,4,"Smooth ride, on time.",2022-09-18 00:19:04,2022-09
1686,2214,321,394,3,,2023-04-20 10:34:12,2023-04
1687,2215,1542,286,5,"Excellent service, will ride again.",2022-12-30 00:48:54,2022-12
1688,2215,286,1542,4,Super friendly and helpful.,2022-12-30 00:46:54,2022-12
1689,2216,1542,1658,5,,2022-08-01 00:28:09,2022-08
1690,2217,1542,728,4,Very comfortable ride.,2023-10-08 08:40:32,2023-10
1691,2220,1293,1542,4,Super friendly and helpful.,2022-08-27 22:42:52,2022-08
1692,2221,1542,1352,4,"Perfect trip, no issues.",2023-09-22 05:00:12,2023-09
1693,2222,1542,766,4,,2022-08-02 01:57:57,2022-08
1694,2224,207,1542,1,,2023-03-26 04:39:59,2023-03
1695,2226,1542,1403,3,,2023-06-12 18:32:03,2023-06
1696,2228,1542,664,4,,2022-06-24 01:48:28,2022-06
1697,2231,690,1542,3,Very clean car.,2023-06-03 13:03:15,2023-06
1698,2233,1981,1542,3,"Smooth ride, on time.",2022-07-04 02:56:59,2022-07
1699,2234,1542,741,5,"Perfect trip, no issues.",2023-11-15 20:58:15,2023-11
1700,2235,1081,1542,3,Super friendly and helpful.,2023-06-10 19:58:33,2023-06
1701,2238,1542,593,4,,2022-05-28 15:23:38,2022-05
1702,2238,593,1542,4,"Smooth ride, on time.",2022-05-28 14:41:38,2022-05
1703,2240,1968,1542,3,"Smooth ride, on time.",2024-02-09 19:36:01,2024-02
1704,2241,868,1542,2,,2022-05-11 05:37:11,2022-05
1705,2244,1542,1343,5,"Perfect trip, no issues.",2023-05-04 14:18:34,2023-05
1706,2245,1542,570,3,Nothing to complain about.,2023-08-07 09:49:32,2023-08
1707,2246,1542,677,5,Fast and safe driver.,2023-03-04 17:09:10,2023-03
1708,2246,677,1542,3,"Smooth ride, on time.",2023-03-04 18:45:10,2023-03
1709,2249,1542,919,5,,2023-07-05 03:18:38,2023-07
1710,2251,1542,286,4,,2023-06-08 11:57:30,2023-06
1711,2251,286,1542,3,Very clean car.,2023-06-08 11:14:30,2023-06
1712,2254,1542,1087,2,,2022-04-01 16:10:16,2022-04
1713,2255,1542,176,4,Super friendly and helpful.,2023-07-09 21:04:04,2023-07
1714,2255,176,1542,3,,2023-07-09 19:19:04,2023-07
1715,2257,1542,376,5,Loved the music selection!,2023-02-27 14:27:13,2023-02
1716,2257,376,1542,3,"Smooth ride, on time.",2023-02-27 16:35:13,2023-02
1717,2259,891,1542,4,Super friendly and helpful.,2024-04-05 06:39:58,2024-04
1718,2261,1542,1562,4,Car was spotless.,2022-05-30 16:24:10,2022-05
1719,2261,1562,1542,2,"Great driver, very professional!",2022-05-30 18:04:10,2022-05
1720,2268,1542,1438,5,,2024-04-10 19:37:09,2024-04
1721,2269,1542,1955,5,,2023-09-17 21:57:23,2023-09
1722,2270,1542,612,3,Decent experience.,2023-05-05 21:52:49,2023-05
1723,2271,1542,119,4,Very courteous driver.,2022-06-14 07:10:02,2022-06
1724,2271,119,1542,2,,2022-06-14 08:13:02,2022-06
1725,2273,1542,515,2,,2023-10-09 00:09:45,2023-10
1726,2274,1542,119,4,,2023-04-01 11:03:36,2023-04
1727,2276,1542,1044,5,,2023-10-17 22:53:18,2023-10
1728,2276,1044,1542,3,"Excellent service, will ride again.",2023-10-18 00:35:18,2023-10
1729,2277,1196,1542,4,Super friendly and helpful.,2022-12-29 06:28:54,2022-12
1730,2280,1542,818,4,,2022-07-30 02:07:49,2022-07
1731,2281,1542,389,4,,2023-02-19 12:19:31,2023-02
1732,2281,389,1542,2,Super friendly and helpful.,2023-02-19 10:44:31,2023-02
1733,2282,1564,1542,3,"Great driver, very professional!",2023-07-07 07:45:50,2023-07
1734,2283,1542,1606,4,Loved the music selection!,2023-10-10 09:38:45,2023-10
1735,2284,1542,1450,2,,2022-05-30 21:59:05,2022-05
1736,2287,1542,1438,4,Super friendly and helpful.,2022-03-03 04:25:57,2022-03
1737,2287,1438,1542,3,"Smooth ride, on time.",2022-03-03 04:46:57,2022-03
1738,2288,1542,868,3,,2023-03-15 10:56:55,2023-03
1739,2291,1542,1030,4,"5 stars, highly recommend!",2023-10-01 19:04:26,2023-10
1740,2292,1386,1542,3,Super friendly and helpful.,2022-07-07 07:12:50,2022-07
1741,2293,1542,1400,5,,2023-01-16 15:45:17,2023-01
1742,2295,1450,1542,4,,2022-11-14 21:04:29,2022-11
1743,2296,1542,690,4,"Smooth ride, on time.",2023-09-04 08:54:12,2023-09
1744,2297,1542,1544,4,Car was spotless.,2022-10-04 00:18:20,2022-10
1745,2298,1542,40,3,Trip was okay.,2024-01-16 23:08:19,2024-01
1746,2299,1542,549,4,"Smooth ride, on time.",2023-03-03 10:15:30,2023-03
1747,2301,1542,1380,4,"Excellent service, will ride again.",2024-02-28 08:43:55,2024-02
1748,2301,1380,1542,3,,2024-02-28 08:13:55,2024-02
1749,2302,1542,1461,3,,2022-10-04 11:07:54,2022-10
1750,2304,1162,1542,3,,2022-09-07 23:03:03,2022-09
1751,2305,1542,1781,4,,2024-04-26 19:32:56,2024-04
1752,2307,1542,996,3,"OK trip, nothing special.",2023-02-27 05:25:58,2023-02
1753,2307,996,1542,3,Very clean car.,2023-02-27 05:12:58,2023-02
1754,2308,1542,235,3,,2024-01-02 10:33:35,2024-01
1755,2308,235,1542,4,"Smooth ride, on time.",2024-01-02 11:19:35,2024-01
1756,2309,1239,1684,5,,2024-01-23 02:45:02,2024-01
1757,2311,1239,201,5,,2023-01-06 13:54:52,2023-01
1758,2314,1439,1881,4,"Great driver, very professional!",2022-03-18 03:12:21,2022-03
1759,2314,1881,1439,3,"Excellent service, will ride again.",2022-03-18 03:46:21,2022-03
1760,2315,1439,210,3,,2023-12-16 08:58:32,2023-12
1761,2315,210,1439,2,"Smooth ride, on time.",2023-12-16 08:01:32,2023-12
1762,2316,1111,1439,4,Very clean car.,2022-11-12 13:19:01,2022-11
1763,2317,1439,194,5,,2024-06-21 09:43:13,2024-06
1764,2318,1228,202,5,,2023-06-26 14:23:28,2023-06
1765,2318,202,1228,2,Super friendly and helpful.,2023-06-26 14:48:28,2023-06
1766,2319,1138,1889,4,,2024-01-16 15:04:13,2024-01
1767,2319,1889,1138,2,"Excellent service, will ride again.",2024-01-16 14:15:13,2024-01
1768,2320,944,318,4,,2023-08-09 14:24:17,2023-08
1769,2322,1368,1443,2,,2024-04-10 13:49:23,2024-04
1770,2325,527,602,3,Acceptable ride.,2023-02-03 06:09:41,2023-02
1771,2326,415,433,5,"Smooth ride, on time.",2023-08-29 03:29:37,2023-08
1772,2328,415,328,3,,2022-08-18 03:01:34,2022-08
1773,2329,415,162,5,,2023-07-06 10:11:13,2023-07
1774,2329,162,415,4,Very clean car.,2023-07-06 10:26:13,2023-07
1775,2331,415,485,4,"Great rider, very polite.",2023-12-27 18:38:48,2023-12
1776,2332,415,1654,2,,2024-05-28 07:23:38,2024-05
1777,2334,1227,415,3,"Great driver, very professional!",2022-01-17 09:23:24,2022-01
1778,2336,1105,415,3,Very clean car.,2022-01-16 07:53:11,2022-01
1779,2337,415,62,4,,2022-05-06 16:07:25,2022-05
1780,2339,415,248,4,,2023-04-26 08:50:26,2023-04
1781,2339,248,415,3,"Great driver, very professional!",2023-04-26 08:08:26,2023-04
1782,2342,841,593,4,"Great driver, very professional!",2023-03-29 12:28:14,2023-03
1783,2343,841,1394,3,,2024-04-03 23:07:22,2024-04
1784,2344,841,860,4,Super friendly and helpful.,2022-07-29 17:29:32,2022-07
1785,2345,705,841,3,"Excellent service, will ride again.",2024-02-20 14:26:31,2024-02
1786,2347,841,1227,4,,2023-02-27 08:26:19,2023-02
1787,2347,1227,841,4,"Smooth ride, on time.",2023-02-27 08:14:19,2023-02
1788,2348,841,1693,4,,2022-04-18 20:04:04,2022-04
1789,2348,1693,841,2,"Excellent service, will ride again.",2022-04-18 20:55:04,2022-04
1790,2349,841,1356,4,Fast and safe driver.,2022-02-27 09:58:07,2022-02
1791,2350,841,1975,4,,2024-06-26 22:08:23,2024-06
1792,2352,841,286,4,Very courteous driver.,2022-02-02 09:49:37,2022-02
1793,2352,286,841,2,Super friendly and helpful.,2022-02-02 10:46:37,2022-02
1794,2354,841,1532,2,,2023-05-21 21:46:18,2023-05
1795,2355,1081,841,3,"Smooth ride, on time.",2023-12-09 19:07:40,2023-12
1796,2357,841,742,3,,2024-05-07 21:18:57,2024-05
1797,2357,742,841,3,,2024-05-07 21:32:57,2024-05
1798,2358,841,446,4,"5 stars, highly recommend!",2023-01-24 06:32:42,2023-01
1799,2363,841,1450,3,Got there safely.,2023-03-15 06:13:39,2023-03
1800,2365,841,408,4,,2023-10-07 19:17:20,2023-10
1801,2365,408,841,4,"Excellent service, will ride again.",2023-10-07 20:24:20,2023-10
1802,2366,841,542,5,Super friendly and helpful.,2022-12-08 12:32:46,2022-12
1803,2367,841,485,4,Super friendly and helpful.,2022-12-22 05:01:49,2022-12
1804,2369,152,1128,4,,2022-09-06 21:51:59,2022-09
1805,2370,152,1702,3,Fine driver.,2023-07-15 11:42:58,2023-07
1806,2371,1352,152,3,"Great driver, very professional!",2022-01-08 14:18:07,2022-01
1807,2372,1183,152,3,Very clean car.,2023-11-24 07:45:02,2023-11
1808,2373,1676,461,3,,2022-09-07 08:39:29,2022-09
1809,2373,461,1676,4,"Excellent service, will ride again.",2022-09-07 10:24:29,2022-09
1810,2374,1676,1702,3,,2023-05-04 01:01:54,2023-05
1811,2374,1702,1676,3,"Excellent service, will ride again.",2023-05-04 00:12:54,2023-05
1812,2375,1676,1790,5,,2024-01-11 14:29:22,2024-01
1813,2376,1676,920,3,,2022-07-13 19:13:08,2022-07
1814,2376,920,1676,3,Super friendly and helpful.,2022-07-13 21:14:08,2022-07
1815,2377,1676,932,5,"Perfect trip, no issues.",2023-02-10 01:59:12,2023-02
1816,2380,1676,1955,5,Fast and safe driver.,2022-05-29 14:52:05,2022-05
1817,2380,1955,1676,2,"Smooth ride, on time.",2022-05-29 15:04:05,2022-05
1818,2381,1676,1564,3,,2022-10-19 18:41:06,2022-10
1819,2384,1676,891,4,Very courteous driver.,2024-05-03 00:09:56,2024-05
1820,2387,1676,1371,5,Very clean car.,2023-01-25 13:29:23,2023-01
1821,2388,537,1794,4,,2022-03-16 00:28:22,2022-03
1822,2389,1492,537,4,Super friendly and helpful.,2022-08-04 12:54:42,2022-08
1823,2390,537,1413,3,Trip was okay.,2023-02-11 16:27:21,2023-02
1824,2390,1413,537,3,Very clean car.,2023-02-11 16:45:21,2023-02
1825,2391,537,1794,5,,2022-11-24 13:40:41,2022-11
1826,2392,537,467,2,Had trouble finding the pickup spot.,2022-10-23 00:07:18,2022-10
1827,2394,537,1472,4,Very courteous driver.,2023-02-06 10:35:58,2023-02
1828,2395,537,1709,2,,2023-11-06 13:30:16,2023-11
1829,2395,1709,537,3,Super friendly and helpful.,2023-11-06 15:04:16,2023-11
1830,2396,537,1030,5,"Quick and efficient, thanks!",2023-10-28 00:02:16,2023-10
1831,2396,1030,537,5,Very clean car.,2023-10-28 00:35:16,2023-10
1832,2398,1981,537,4,"Great driver, very professional!",2022-09-17 21:07:50,2022-09
1833,2399,537,1987,5,"Great driver, very professional!",2023-09-11 13:22:34,2023-09
1834,2401,537,1828,5,"Easy pickup, no problems.",2023-01-17 05:57:56,2023-01
1835,2402,537,1207,4,,2022-04-25 11:59:59,2022-04
1836,2402,1207,537,5,"Great driver, very professional!",2022-04-25 14:34:59,2022-04
1837,2403,883,537,4,"Excellent service, will ride again.",2024-05-26 00:38:24,2024-05
1838,2404,537,433,4,,2023-08-01 09:55:56,2023-08
1839,2405,537,986,4,,2022-04-09 03:38:55,2022-04
1840,2405,986,537,3,,2022-04-09 04:13:55,2022-04
1841,2407,537,1590,4,,2022-11-28 12:05:56,2022-11
1842,2408,537,1890,3,,2022-05-31 00:14:29,2022-05
1843,2409,498,537,2,"Excellent service, will ride again.",2022-12-25 09:52:47,2022-12
1844,2410,537,271,5,,2022-02-26 12:12:48,2022-02
1845,2411,537,1956,4,Very courteous driver.,2022-07-13 18:31:00,2022-07
1846,2411,1956,537,3,Very clean car.,2022-07-13 17:44:00,2022-07
1847,2413,537,229,4,"Excellent service, will ride again.",2022-05-15 12:07:44,2022-05
1848,2414,7,537,2,"Great driver, very professional!",2023-07-05 01:14:09,2023-07
1849,2417,1030,537,4,Super friendly and helpful.,2024-06-02 22:36:57,2024-06
1850,2421,932,537,3,"Smooth ride, on time.",2023-09-27 12:44:10,2023-09
1851,2425,65,537,4,Very clean car.,2024-05-15 18:41:26,2024-05
1852,2426,537,448,4,"Perfect trip, no issues.",2024-03-21 00:09:09,2024-03
1853,2427,537,394,4,"Perfect trip, no issues.",2022-09-20 07:47:24,2022-09
1854,2430,537,1400,4,"Quick and efficient, thanks!",2023-01-12 06:32:30,2023-01
1855,2431,537,1394,3,,2023-01-31 15:30:20,2023-01
1856,2432,537,1653,3,,2024-06-12 03:28:57,2024-06
1857,2435,1589,24,3,,2024-04-14 03:17:00,2024-04
1858,2436,1589,1775,5,"Excellent service, will ride again.",2023-11-08 07:52:21,2023-11
1859,2437,1589,1828,5,"Smooth ride, on time.",2022-11-28 06:39:43,2022-11
1860,2438,1589,1343,4,"Excellent service, will ride again.",2022-03-21 22:24:49,2022-03
1861,2440,1328,1589,3,Super friendly and helpful.,2023-08-18 17:22:11,2023-08
1862,2441,1631,434,4,,2022-06-06 00:42:56,2022-06
1863,2444,1631,811,4,"Excellent service, will ride again.",2022-11-01 12:07:56,2022-11
1864,2446,1631,1394,4,Fast and safe driver.,2023-05-14 16:44:50,2023-05
1865,2447,1631,811,3,,2024-05-04 02:53:26,2024-05
1866,2450,1955,1631,4,Super friendly and helpful.,2024-06-06 07:42:58,2024-06
1867,2451,1631,866,4,,2022-09-17 17:04:20,2022-09
1868,2454,1631,1937,4,,2024-05-21 10:11:05,2024-05
1869,2455,1631,1041,4,Super friendly and helpful.,2022-04-20 13:41:32,2022-04
1870,2455,1041,1631,3,"Excellent service, will ride again.",2022-04-20 14:28:32,2022-04
1871,2458,1631,1248,4,Car was spotless.,2024-05-28 18:03:33,2024-05
1872,2461,943,194,3,,2024-03-31 13:25:29,2024-03
1873,2461,194,943,2,Very clean car.,2024-03-31 13:29:29,2024-03
1874,2465,855,1497,5,,2023-09-01 05:17:40,2023-09
1875,2466,855,1373,4,Loved the music selection!,2022-06-11 16:37:58,2022-06
1876,2467,855,1955,3,Got there safely.,2022-02-06 03:46:44,2022-02
1877,2467,1955,855,3,Super friendly and helpful.,2022-02-06 05:09:44,2022-02
1878,2468,1434,1569,3,Average experience.,2024-02-25 17:59:10,2024-02
1879,2468,1569,1434,3,"Great driver, very professional!",2024-02-25 17:30:10,2024-02
1880,2470,1692,389,3,,2023-09-30 09:01:18,2023-09
1881,2470,389,1692,4,Super friendly and helpful.,2023-09-30 09:23:18,2023-09
1882,2471,189,450,3,"OK trip, nothing special.",2023-03-15 14:50:45,2023-03
1883,2473,1340,1001,3,Got there safely.,2022-11-28 03:14:01,2022-11
1884,2473,1001,1340,3,"Great driver, very professional!",2022-11-28 03:50:01,2022-11
1885,2475,1653,565,5,Very clean car.,2022-02-28 14:18:42,2022-02
1886,2476,565,472,3,Average experience.,2023-07-14 12:27:52,2023-07
1887,2477,565,1764,4,Very clean car.,2023-03-16 12:25:54,2023-03
1888,2481,565,430,3,Average experience.,2024-04-15 14:22:48,2024-04
1889,2482,565,866,3,,2022-08-10 23:56:38,2022-08
1890,2482,866,565,3,"Smooth ride, on time.",2022-08-11 01:20:38,2022-08
1891,2484,565,62,3,Decent experience.,2023-06-25 19:32:42,2023-06
1892,2487,162,565,3,Super friendly and helpful.,2023-10-04 02:56:17,2023-10
1893,2488,729,448,4,Car was spotless.,2022-12-18 06:10:24,2022-12
1894,2488,448,729,3,"Smooth ride, on time.",2022-12-18 08:11:24,2022-12
1895,2491,729,131,4,"Great rider, very polite.",2023-04-26 21:28:41,2023-04
1896,2494,729,66,5,"Great rider, very polite.",2023-09-27 03:07:52,2023-09
1897,2495,1240,351,5,"Smooth ride, on time.",2022-02-14 09:57:48,2022-02
1898,2496,947,1240,3,"Excellent service, will ride again.",2022-06-05 06:06:51,2022-06
1899,2500,1240,1170,5,"5 stars, highly recommend!",2024-03-28 21:58:02,2024-03
1900,2501,593,1240,5,,2023-07-16 18:32:40,2023-07
1901,2502,494,1240,3,"Smooth ride, on time.",2024-03-08 09:24:36,2024-03
1902,2504,1240,1040,4,Fast and safe driver.,2022-07-12 11:59:46,2022-07
1903,2505,1243,1240,3,Very clean car.,2022-01-22 08:27:05,2022-01
1904,2509,341,1240,4,"Great driver, very professional!",2024-04-20 02:25:00,2024-04
1905,2510,1240,776,3,Acceptable ride.,2023-12-09 13:00:07,2023-12
1906,2510,776,1240,4,"Smooth ride, on time.",2023-12-09 14:41:07,2023-12
1907,2513,1240,878,4,Very comfortable ride.,2023-06-10 01:29:16,2023-06
1908,2514,1240,248,5,,2023-11-18 12:16:15,2023-11
1909,2515,578,818,2,Took a longer route.,2023-12-18 16:24:57,2023-12
1910,2516,398,1105,4,"Excellent service, will ride again.",2023-04-27 02:40:32,2023-04
1911,2517,398,1227,3,Decent experience.,2023-04-01 03:55:06,2023-04
1912,2518,398,665,4,Loved the music selection!,2023-09-30 20:21:03,2023-09
1913,2518,665,398,4,"Excellent service, will ride again.",2023-09-30 19:21:03,2023-09
1914,2519,606,1894,3,,2023-04-06 23:46:57,2023-04
1915,2521,1789,690,3,,2024-01-04 15:24:14,2024-01
1916,2522,713,1104,3,,2023-09-09 10:10:48,2023-09
1917,2523,713,1651,4,,2022-09-11 05:25:49,2022-09
1918,2529,713,1183,4,"Easy pickup, no problems.",2022-12-20 08:49:42,2022-12
1919,2529,1183,713,2,"Great driver, very professional!",2022-12-20 10:24:42,2022-12
1920,2531,713,1035,4,Very clean car.,2024-02-29 16:51:08,2024-02
1921,2533,713,860,5,"Smooth ride, on time.",2023-11-28 15:56:54,2023-11
1922,2534,713,776,3,,2023-06-22 09:25:27,2023-06
1923,2536,713,643,5,"Excellent service, will ride again.",2023-11-23 07:14:43,2023-11
1924,2538,713,1040,4,Very comfortable ride.,2023-11-12 13:57:40,2023-11
1925,2539,1661,941,3,,2024-04-11 03:33:58,2024-04
1926,2541,1661,494,4,Very comfortable ride.,2024-02-19 14:17:41,2024-02
1927,2541,494,1661,4,"Excellent service, will ride again.",2024-02-19 14:56:41,2024-02
1928,2542,1661,553,4,Super friendly and helpful.,2023-01-29 18:36:53,2023-01
1929,2543,1564,1661,3,,2023-10-07 09:00:08,2023-10
1930,2544,1801,24,4,,2023-02-13 14:43:40,2023-02
1931,2546,1801,1437,5,Car was spotless.,2022-05-09 06:30:09,2022-05
1932,2546,1437,1801,4,Very clean car.,2022-05-09 07:55:09,2022-05
1933,2547,1801,190,4,,2023-01-30 16:08:01,2023-01
1934,2552,694,164,3,Nothing to complain about.,2024-03-27 00:23:36,2024-03
1935,2552,164,694,4,"Smooth ride, on time.",2024-03-27 01:28:36,2024-03
1936,2553,694,136,4,,2024-06-10 04:52:32,2024-06
1937,2554,694,125,3,,2023-09-22 22:55:34,2023-09
1938,2558,694,542,5,"Quick and efficient, thanks!",2024-01-30 00:41:49,2024-01
1939,2560,694,553,4,,2022-09-07 20:12:01,2022-09
1940,2560,553,694,3,"Excellent service, will ride again.",2022-09-07 18:52:01,2022-09
1941,2561,694,446,5,,2022-04-07 04:28:30,2022-04
1942,2561,446,694,5,"Smooth ride, on time.",2022-04-07 03:52:30,2022-04
1943,2565,1041,694,4,,2023-05-28 12:47:23,2023-05
1944,2568,694,351,3,,2023-10-29 22:37:00,2023-10
1945,2569,694,376,4,"Quick and efficient, thanks!",2022-01-23 16:07:34,2022-01
1946,2569,376,694,4,Super friendly and helpful.,2022-01-23 18:49:34,2022-01
1947,2570,694,789,3,,2024-01-06 17:08:09,2024-01
1948,2571,630,694,3,Super friendly and helpful.,2023-01-01 17:19:44,2023-01
1949,2572,694,941,3,"OK trip, nothing special.",2023-10-06 12:09:11,2023-10
1950,2573,494,694,3,"Excellent service, will ride again.",2024-05-25 00:02:56,2024-05
1951,2574,694,1105,4,Loved the music selection!,2022-10-21 13:25:36,2022-10
1952,2575,694,452,4,"5 stars, highly recommend!",2022-08-06 12:25:32,2022-08
1953,2577,694,834,4,,2023-03-21 09:21:08,2023-03
1954,2577,834,694,3,"Excellent service, will ride again.",2023-03-21 09:26:08,2023-03
1955,2580,694,179,2,Driver was late.,2022-01-25 07:51:52,2022-01
1956,2581,694,1227,3,Fine driver.,2023-03-04 21:15:55,2023-03
1957,2581,1227,694,2,"Great driver, very professional!",2023-03-04 21:31:55,2023-03
1958,2582,694,248,5,"Quick and efficient, thanks!",2023-08-16 20:59:09,2023-08
1959,2584,694,1053,3,,2023-02-26 08:55:53,2023-02
1960,2584,1053,694,3,"Excellent service, will ride again.",2023-02-26 10:02:53,2023-02
1961,2587,694,1933,4,Very clean car.,2022-03-07 18:13:23,2022-03
1962,2588,694,510,2,Took a longer route.,2023-02-21 13:30:34,2023-02
1963,2589,694,553,4,Very courteous driver.,2023-03-20 00:35:06,2023-03
1964,2590,694,323,3,Trip was okay.,2022-03-16 09:04:23,2022-03
1965,2592,694,643,4,,2023-03-03 16:01:08,2023-03
1966,2594,694,1658,5,,2022-04-13 03:52:41,2022-04
1967,2595,694,1702,3,Nothing to complain about.,2023-10-18 23:41:36,2023-10
1968,2596,694,891,5,,2024-06-16 07:18:13,2024-06
1969,2597,694,293,5,,2022-01-01 11:21:05,2022-01
1970,2598,694,1044,3,,2023-09-19 00:21:58,2023-09
1971,2599,694,825,4,Super friendly and helpful.,2024-02-20 21:33:19,2024-02
1972,2600,694,1410,4,,2023-02-11 19:25:20,2023-02
1973,2601,1438,694,4,Super friendly and helpful.,2024-01-08 20:08:05,2024-01
1974,2602,1702,694,3,Super friendly and helpful.,2023-03-11 16:50:27,2023-03
1975,2603,694,643,4,,2023-01-09 19:34:24,2023-01
1976,2605,694,553,4,,2023-03-27 23:20:11,2023-03
1977,2605,553,694,4,Super friendly and helpful.,2023-03-28 01:14:11,2023-03
1978,2606,694,1108,4,,2023-11-19 11:36:07,2023-11
1979,2608,549,694,2,"Great driver, very professional!",2022-03-24 20:56:33,2022-03
1980,2614,694,1141,5,Super friendly and helpful.,2022-11-17 15:57:35,2022-11
1981,2614,1141,694,4,Super friendly and helpful.,2022-11-17 16:15:35,2022-11
1982,2615,694,458,3,Trip was okay.,2024-03-11 15:14:09,2024-03
1983,2617,694,1562,4,,2024-04-24 07:33:34,2024-04
1984,2619,694,224,4,,2023-11-30 23:27:56,2023-11
1985,2620,694,643,5,"5 stars, highly recommend!",2022-03-03 00:27:59,2022-03
1986,2621,694,736,3,,2022-12-15 01:02:38,2022-12
1987,2622,694,782,3,,2024-02-16 22:40:42,2024-02
1988,2624,694,1026,4,"Smooth ride, on time.",2024-05-20 17:00:07,2024-05
1989,2625,1207,694,3,"Smooth ride, on time.",2023-06-23 10:32:22,2023-06
1990,2629,694,883,4,,2024-03-31 22:38:23,2024-03
1991,2630,1983,694,4,"Smooth ride, on time.",2022-06-12 04:31:21,2022-06
1992,2631,932,694,2,"Smooth ride, on time.",2024-05-19 11:14:36,2024-05
1993,2633,694,472,3,Fine driver.,2024-06-08 00:24:31,2024-06
1994,2633,472,694,5,"Great driver, very professional!",2024-06-08 02:37:31,2024-06
1995,2635,585,694,4,"Excellent service, will ride again.",2022-06-19 08:03:03,2022-06
1996,2636,694,1584,5,"Smooth ride, on time.",2023-09-26 10:24:12,2023-09
1997,2636,1584,694,4,"Smooth ride, on time.",2023-09-26 09:55:12,2023-09
1998,2639,694,612,4,,2022-04-10 23:49:25,2022-04
1999,2640,694,593,5,,2023-10-26 09:13:28,2023-10
2000,2641,694,539,5,,2022-08-21 15:03:54,2022-08
2001,2641,539,694,2,"Excellent service, will ride again.",2022-08-21 14:23:54,2022-08
2002,2644,1747,919,3,Trip was okay.,2022-03-18 10:48:09,2022-03
2003,2645,1747,1183,4,,2023-02-17 03:19:53,2023-02
2004,2649,1747,210,3,,2022-11-26 04:13:54,2022-11
2005,2651,1747,1574,3,,2022-07-10 22:38:33,2022-07
2006,2654,1747,1479,4,"Great rider, very polite.",2022-07-19 18:35:48,2022-07
2007,2654,1479,1747,4,,2022-07-19 21:06:48,2022-07
2008,2657,1747,1828,4,Very comfortable ride.,2022-06-11 15:14:09,2022-06
2009,2658,1035,1747,5,Super friendly and helpful.,2022-01-12 13:33:52,2022-01
2010,2659,1747,1987,4,"Great driver, very professional!",2023-12-13 22:30:35,2023-12
2011,2660,1747,868,4,"Quick and efficient, thanks!",2022-07-19 05:18:37,2022-07
2012,2662,1640,1747,5,,2023-05-16 16:06:02,2023-05
2013,2664,1747,1790,4,Very clean car.,2022-09-14 09:49:29,2022-09
2014,2666,1747,553,4,Super friendly and helpful.,2024-02-20 05:50:17,2024-02
2015,2666,553,1747,3,"Smooth ride, on time.",2024-02-20 05:59:17,2024-02
2016,2668,1747,1221,4,Very clean car.,2022-05-08 11:43:13,2022-05
2017,2670,1747,1532,4,Loved the music selection!,2024-06-05 13:11:41,2024-06
2018,2674,1747,14,3,,2023-10-10 06:38:09,2023-10
2019,2675,1356,1747,3,Super friendly and helpful.,2023-03-13 00:40:33,2023-03
2020,2677,1747,339,2,,2024-03-20 14:56:24,2024-03
2021,2679,1747,1410,4,Fast and safe driver.,2023-05-19 10:13:08,2023-05
2022,2680,1747,908,4,Fast and safe driver.,2022-05-10 18:15:07,2022-05
2023,2682,1001,1747,4,,2024-04-24 01:18:27,2024-04
2024,2683,1747,1812,3,Nothing to complain about.,2023-08-07 04:47:28,2023-08
2025,2683,1812,1747,4,Very clean car.,2023-08-07 04:15:28,2023-08
2026,2685,1747,612,4,Very comfortable ride.,2022-07-02 18:54:48,2022-07
2027,2687,1747,1243,5,Fast and safe driver.,2023-01-21 08:16:31,2023-01
2028,2687,1243,1747,5,Super friendly and helpful.,2023-01-21 09:00:31,2023-01
2029,2689,1747,338,4,,2023-12-01 06:43:06,2023-12
2030,2689,338,1747,3,"Smooth ride, on time.",2023-12-01 08:55:06,2023-12
2031,2691,131,1747,3,,2022-02-22 01:45:06,2022-02
2032,2692,1747,1301,5,"Perfect trip, no issues.",2023-09-10 16:43:14,2023-09
2033,2692,1301,1747,3,"Smooth ride, on time.",2023-09-10 17:02:14,2023-09
2034,2693,1747,1574,3,,2023-06-24 02:02:10,2023-06
2035,2693,1574,1747,3,"Great driver, very professional!",2023-06-24 03:03:10,2023-06
2036,2694,1747,1755,4,,2022-04-04 13:37:45,2022-04
2037,2695,1747,564,3,,2022-09-10 02:05:22,2022-09
2038,2696,1747,1839,3,,2022-10-20 09:48:52,2022-10
2039,2697,1747,765,4,,2023-12-20 02:38:57,2023-12
2040,2698,1747,693,4,,2023-01-06 04:55:38,2023-01
2041,2698,693,1747,5,"Excellent service, will ride again.",2023-01-06 07:19:38,2023-01
2042,2699,1747,1991,3,,2023-12-23 05:44:59,2023-12
2043,2700,1352,1747,4,Super friendly and helpful.,2022-09-15 02:41:18,2022-09
2044,2701,1747,286,4,"Perfect trip, no issues.",2023-04-29 05:20:19,2023-04
2045,2702,1747,878,3,Trip was okay.,2023-11-21 10:29:35,2023-11
2046,2704,1747,389,3,Trip was okay.,2022-02-03 09:55:20,2022-02
2047,2704,389,1747,2,,2022-02-03 10:02:20,2022-02
2048,2707,1739,1925,2,Very clean car.,2023-01-09 21:04:17,2023-01
2049,2708,781,1087,4,,2022-04-13 02:21:25,2022-04
2050,2709,781,104,3,Trip was okay.,2023-10-17 21:40:10,2023-10
2051,2710,781,1041,3,,2022-11-17 13:40:45,2022-11
2052,2710,1041,781,3,,2022-11-17 13:21:45,2022-11
2053,2712,781,1776,5,Very comfortable ride.,2023-12-04 19:54:24,2023-12
2054,2713,781,1739,5,"Excellent service, will ride again.",2023-05-19 21:09:37,2023-05
2055,2715,781,1869,4,Car was spotless.,2022-12-08 17:10:09,2022-12
2056,2717,781,258,4,Car was spotless.,2023-01-29 18:06:20,2023-01
2057,2717,258,781,4,"Excellent service, will ride again.",2023-01-29 18:26:20,2023-01
2058,2718,781,741,3,,2022-07-26 00:06:32,2022-07
2059,2720,781,498,4,"Smooth ride, on time.",2024-04-28 10:42:28,2024-04
2060,2720,498,781,2,"Excellent service, will ride again.",2024-04-28 11:32:28,2024-04
2061,2721,781,1248,4,"Great driver, very professional!",2023-07-23 03:59:00,2023-07
2062,2722,781,1975,4,"Perfect trip, no issues.",2022-07-10 21:01:40,2022-07
2063,2724,1324,781,5,"Excellent service, will ride again.",2023-12-01 06:11:03,2023-12
2064,2726,781,201,5,Super friendly and helpful.,2024-06-17 15:07:00,2024-06
2065,2727,781,608,4,"Perfect trip, no issues.",2023-01-17 14:37:01,2023-01
2066,2728,781,1196,5,Super friendly and helpful.,2022-03-14 19:41:25,2022-03
2067,2730,781,1088,3,Trip was okay.,2022-01-13 17:30:34,2022-01
2068,2730,1088,781,2,Very clean car.,2022-01-13 19:54:34,2022-01
2069,2731,781,1482,3,,2023-11-08 21:31:41,2023-11
2070,2733,833,781,3,"Great driver, very professional!",2023-02-11 11:23:20,2023-02
2071,2734,1902,553,5,,2022-07-07 07:00:41,2022-07
2072,2735,480,1755,1,Had trouble finding the pickup spot.,2023-04-17 23:33:53,2023-04
2073,2736,1997,1053,4,Very comfortable ride.,2023-12-21 23:58:07,2023-12
2074,2736,1053,1997,5,Super friendly and helpful.,2023-12-21 23:52:07,2023-12
2075,2738,834,1997,2,"Great driver, very professional!",2023-07-01 06:12:47,2023-07
2076,2742,355,393,3,,2022-11-24 11:04:17,2022-11
2077,2743,355,1497,4,"Perfect trip, no issues.",2023-07-19 07:42:51,2023-07
2078,2744,728,355,4,Very clean car.,2023-06-03 10:22:22,2023-06
2079,2745,955,883,5,,2022-10-03 05:36:17,2022-10
2080,2745,883,955,2,"Excellent service, will ride again.",2022-10-03 06:54:17,2022-10
2081,2746,118,955,4,,2023-02-22 04:52:10,2023-02
2082,2748,955,271,5,,2024-05-19 17:40:58,2024-05
2083,2748,271,955,3,"Great driver, very professional!",2024-05-19 17:11:58,2024-05
2084,2750,955,1350,4,"Smooth ride, on time.",2024-02-16 12:24:46,2024-02
2085,2754,955,1139,4,"Great driver, very professional!",2023-11-02 14:06:11,2023-11
2086,2754,1139,955,3,"Smooth ride, on time.",2023-11-02 14:49:11,2023-11
2087,2755,955,1606,4,"Smooth ride, on time.",2022-11-24 02:09:44,2022-11
2088,2755,1606,955,3,,2022-11-24 02:44:44,2022-11
2089,2756,1853,955,5,"Smooth ride, on time.",2022-10-08 14:30:03,2022-10
2090,2758,955,1741,3,,2023-12-20 15:59:04,2023-12
2091,2759,955,1328,4,Very clean car.,2024-04-06 15:38:05,2024-04
2092,2761,955,44,4,"Quick and efficient, thanks!",2022-06-10 10:31:38,2022-06
2093,2762,955,925,3,Average experience.,2022-09-09 12:41:46,2022-09
2094,2763,955,1561,4,,2023-04-02 11:12:48,2023-04
2095,2764,955,1853,4,,2024-03-07 08:07:08,2024-03
2096,2764,1853,955,3,Super friendly and helpful.,2024-03-07 09:35:08,2024-03
2097,2765,955,97,2,,2022-09-23 03:38:03,2022-09
2098,2766,955,748,3,,2022-01-10 21:42:11,2022-01
2099,2766,748,955,3,"Great driver, very professional!",2022-01-10 22:16:11,2022-01
2100,2768,955,439,4,"Great rider, very polite.",2023-09-11 07:00:14,2023-09
2101,2770,955,338,4,"Easy pickup, no problems.",2024-02-18 18:15:30,2024-02
2102,2770,338,955,4,Very clean car.,2024-02-18 18:56:30,2024-02
2103,2771,955,1700,4,"Great rider, very polite.",2023-11-22 17:21:01,2023-11
2104,2771,1700,955,2,Super friendly and helpful.,2023-11-22 17:27:01,2023-11
2105,2772,955,833,2,,2023-04-06 18:00:17,2023-04
2106,2773,955,544,5,,2023-04-28 18:41:31,2023-04
2107,2776,955,543,2,Car smelled bad.,2023-12-06 08:07:14,2023-12
2108,2777,955,31,4,Car was spotless.,2023-03-02 20:07:35,2023-03
2109,2779,955,1461,4,Loved the music selection!,2023-02-23 07:32:37,2023-02
2110,2780,1461,955,4,"Great driver, very professional!",2022-06-17 22:20:44,2022-06
2111,2783,955,1023,3,,2023-11-14 20:06:37,2023-11
2112,2786,955,1865,3,,2022-03-27 21:32:46,2022-03
2113,2787,955,959,4,,2022-02-02 19:50:53,2022-02
2114,2788,955,323,5,Fast and safe driver.,2024-01-05 05:57:20,2024-01
2115,2790,697,955,4,"Excellent service, will ride again.",2022-02-02 12:57:48,2022-02
2116,2791,955,1651,4,Very clean car.,2022-09-16 14:54:33,2022-09
2117,2792,955,2,5,"Excellent service, will ride again.",2024-05-14 02:23:16,2024-05
2118,2792,2,955,4,"Excellent service, will ride again.",2024-05-14 02:25:16,2024-05
2119,2793,1987,955,5,Very clean car.,2022-10-25 16:06:05,2022-10
2120,2795,955,1105,4,,2023-05-10 01:48:06,2023-05
2121,2797,271,955,3,"Excellent service, will ride again.",2023-12-04 22:01:18,2023-12
2122,2799,14,955,3,Very clean car.,2023-12-08 08:48:43,2023-12
2123,2800,955,811,3,,2024-01-26 21:06:11,2024-01
2124,2801,997,955,4,"Smooth ride, on time.",2022-11-26 05:27:15,2022-11
2125,2802,1081,955,3,"Smooth ride, on time.",2023-05-23 07:53:07,2023-05
2126,2803,955,776,3,,2024-03-25 19:25:46,2024-03
2127,2804,955,1755,3,,2023-07-03 17:10:01,2023-07
2128,2805,955,258,3,"OK trip, nothing special.",2022-08-23 23:44:49,2022-08
2129,2806,955,65,2,,2023-12-16 01:19:16,2023-12
2130,2806,65,955,2,"Excellent service, will ride again.",2023-12-16 01:07:16,2023-12
2131,2809,955,119,4,Loved the music selection!,2022-11-30 03:53:27,2022-11
2132,2810,955,376,4,,2022-10-29 15:20:48,2022-10
2133,2811,955,1301,5,,2022-11-16 18:02:16,2022-11
2134,2813,955,389,3,,2022-12-21 15:59:02,2022-12
2135,2813,389,955,2,"Excellent service, will ride again.",2022-12-21 15:22:02,2022-12
2136,2815,955,341,5,Very courteous driver.,2023-10-29 06:25:46,2023-10
2137,2816,955,318,5,"Excellent service, will ride again.",2024-04-27 05:06:53,2024-04
2138,2817,955,1187,2,,2022-04-10 21:46:59,2022-04
2139,2819,955,1776,4,Super friendly and helpful.,2022-12-15 09:17:24,2022-12
2140,2821,955,1181,5,"Great rider, very polite.",2022-12-11 07:58:53,2022-12
2141,2821,1181,955,3,"Excellent service, will ride again.",2022-12-11 06:29:53,2022-12
2142,2823,955,1301,5,,2023-05-30 19:41:32,2023-05
2143,2823,1301,955,3,"Smooth ride, on time.",2023-05-30 19:36:32,2023-05
2144,2824,955,1727,4,,2023-02-08 07:06:41,2023-02
2145,2824,1727,955,3,"Excellent service, will ride again.",2023-02-08 07:23:41,2023-02
2146,2826,827,612,5,,2024-04-24 16:49:01,2024-04
2147,2827,1851,1574,3,Trip was okay.,2022-09-01 02:54:34,2022-09
2148,2828,1611,1590,4,Very clean car.,2022-03-29 21:14:39,2022-03
2149,2832,1611,1041,3,,2024-04-06 07:26:49,2024-04
2150,2832,1041,1611,4,"Great driver, very professional!",2024-04-06 07:56:49,2024-04
2151,2839,1316,1482,4,Fast and safe driver.,2022-03-20 02:11:31,2022-03
2152,2841,1316,1947,5,"Perfect trip, no issues.",2022-08-27 07:18:22,2022-08
2153,2842,1316,256,4,,2022-03-03 00:53:11,2022-03
2154,2843,1316,433,3,,2022-03-15 02:36:23,2022-03
2155,2843,433,1316,4,"Great driver, very professional!",2022-03-15 03:42:23,2022-03
2156,2844,1316,485,4,Super friendly and helpful.,2024-01-05 04:52:30,2024-01
2157,2844,485,1316,2,"Great driver, very professional!",2024-01-05 06:12:30,2024-01
2158,2845,1316,1373,3,Decent experience.,2022-09-20 05:28:37,2022-09
2159,2846,1316,1336,4,,2023-05-08 19:46:52,2023-05
2160,2846,1336,1316,4,,2023-05-08 20:20:52,2023-05
2161,2848,1316,176,2,,2023-04-10 10:54:52,2023-04
2162,2850,1316,394,5,"Smooth ride, on time.",2022-10-11 06:44:02,2022-10
2163,2851,1316,842,4,,2024-05-20 14:14:31,2024-05
2164,2855,1942,1437,5,"Smooth ride, on time.",2024-04-20 16:57:18,2024-04
2165,2859,184,334,4,,2022-10-29 14:58:50,2022-10
2166,2860,184,929,4,"5 stars, highly recommend!",2023-09-09 12:42:16,2023-09
2167,2861,642,542,5,Very clean car.,2023-08-03 20:32:09,2023-08
2168,2864,1726,608,4,Very clean car.,2022-02-11 05:36:37,2022-02
2169,2868,1726,782,4,"5 stars, highly recommend!",2023-10-30 11:22:54,2023-10
2170,2868,782,1726,2,"Great driver, very professional!",2023-10-30 13:12:54,2023-10
2171,2870,1726,1937,4,,2023-09-13 05:25:35,2023-09
2172,2872,408,1726,3,Super friendly and helpful.,2022-09-09 10:20:16,2022-09
2173,2877,1438,1726,2,"Excellent service, will ride again.",2022-12-12 23:04:19,2022-12
2174,2879,1726,515,3,"OK trip, nothing special.",2023-08-21 09:36:33,2023-08
2175,2880,1726,776,5,,2024-04-02 02:38:53,2024-04
2176,2881,1726,868,4,"5 stars, highly recommend!",2022-04-16 18:59:22,2022-04
2177,2881,868,1726,3,"Smooth ride, on time.",2022-04-16 20:10:22,2022-04
2178,2883,1726,24,5,"Great rider, very polite.",2024-01-29 03:57:42,2024-01
2179,2886,837,1350,4,,2022-02-22 17:28:48,2022-02
2180,2890,1025,1724,3,Trip was okay.,2023-12-25 08:47:14,2023-12
2181,2891,1025,1651,4,"Easy pickup, no problems.",2022-10-19 23:16:17,2022-10
2182,2892,867,1025,2,"Great driver, very professional!",2024-01-21 14:02:02,2024-01
2183,2893,1938,1461,4,"Easy pickup, no problems.",2023-07-17 07:33:04,2023-07
2184,2893,1461,1938,4,"Smooth ride, on time.",2023-07-17 08:49:04,2023-07
2185,2894,1615,1400,3,,2022-09-08 14:57:22,2022-09
2186,2895,1615,194,3,,2022-12-27 06:12:17,2022-12
2187,2895,194,1615,4,,2022-12-27 07:18:17,2022-12
2188,2899,487,1380,5,,2023-03-30 05:41:56,2023-03
2189,2900,201,487,3,Very clean car.,2023-11-15 10:01:59,2023-11
2190,2901,487,1237,5,Super friendly and helpful.,2022-09-30 13:43:01,2022-09
2191,2902,118,487,3,Super friendly and helpful.,2023-03-11 01:15:46,2023-03
2192,2903,487,1890,3,,2022-10-24 15:44:34,2022-10
2193,2903,1890,487,2,Super friendly and helpful.,2022-10-24 16:19:34,2022-10
2194,2904,1555,487,4,"Smooth ride, on time.",2023-12-11 08:42:53,2023-12
2195,2905,487,190,3,Average experience.,2022-08-16 17:43:39,2022-08
2196,2906,777,487,3,Super friendly and helpful.,2024-01-21 14:22:30,2024-01
2197,2908,487,1026,5,,2024-01-31 05:57:04,2024-01
2198,2912,487,1999,5,,2024-01-29 03:18:07,2024-01
2199,2913,487,1331,4,"Great rider, very polite.",2024-02-27 16:25:23,2024-02
2200,2915,487,341,4,"Perfect trip, no issues.",2023-02-17 17:43:06,2023-02
2201,2916,487,1494,3,,2023-04-07 23:31:51,2023-04
2202,2918,487,1105,3,,2023-04-11 00:20:09,2023-04
2203,2918,1105,487,3,Very clean car.,2023-04-11 00:24:09,2023-04
2204,2922,487,1100,5,Super friendly and helpful.,2024-06-15 23:25:42,2024-06
2205,2923,487,1060,3,,2023-03-09 09:08:18,2023-03
2206,2924,487,800,2,Had trouble finding the pickup spot.,2023-02-24 13:22:21,2023-02
2207,2925,487,1135,3,,2023-03-14 07:39:28,2023-03
2208,2925,1135,487,4,,2023-03-14 07:51:28,2023-03
2209,2926,487,146,3,,2024-03-15 19:14:39,2024-03
2210,2927,487,1183,5,,2022-05-29 21:23:33,2022-05
2211,2928,1776,487,4,Super friendly and helpful.,2022-10-26 07:46:07,2022-10
2212,2929,487,1108,5,,2022-04-12 13:26:27,2022-04
2213,2933,487,334,4,Very clean car.,2023-09-07 12:58:26,2023-09
2214,2934,487,224,2,Driver was late.,2024-03-31 01:47:57,2024-03
2215,2934,224,487,4,"Great driver, very professional!",2024-03-31 03:04:57,2024-03
2216,2935,487,2,4,"Smooth ride, on time.",2022-02-22 05:08:33,2022-02
2217,2936,487,202,4,Very courteous driver.,2022-12-18 06:52:22,2022-12
2218,2937,487,412,3,,2022-05-31 17:02:44,2022-05
2219,2938,487,728,4,"Quick and efficient, thanks!",2023-09-25 11:42:15,2023-09
2220,2941,487,1001,4,Fast and safe driver.,2022-06-19 01:38:00,2022-06
2221,2942,487,1373,4,"Smooth ride, on time.",2022-06-01 09:48:55,2022-06
2222,2944,487,1141,3,,2023-09-09 08:11:39,2023-09
2223,2945,487,229,4,"Great rider, very polite.",2023-12-13 13:15:45,2023-12
2224,2946,487,1724,4,Fast and safe driver.,2022-12-10 09:53:03,2022-12
2225,2947,487,351,3,,2023-04-11 01:37:32,2023-04
2226,2951,487,1437,5,Car was spotless.,2022-12-16 01:50:00,2022-12
2227,2953,487,1001,4,,2023-01-29 11:38:30,2023-01
2228,2954,487,40,4,"5 stars, highly recommend!",2022-06-26 23:53:48,2022-06
2229,2954,40,487,3,Super friendly and helpful.,2022-06-27 00:25:48,2022-06
2230,2957,487,1237,4,,2022-05-08 05:51:53,2022-05
2231,2957,1237,487,3,"Excellent service, will ride again.",2022-05-08 05:53:53,2022-05
2232,2959,1947,487,5,"Excellent service, will ride again.",2022-02-16 01:38:28,2022-02
2233,2960,487,1975,5,"Easy pickup, no problems.",2024-04-22 05:01:08,2024-04
2234,2960,1975,487,3,,2024-04-22 05:38:08,2024-04
2235,2962,487,147,4,,2022-07-20 22:51:36,2022-07
2236,2962,147,487,4,,2022-07-21 00:42:36,2022-07
2237,2963,487,1755,4,,2023-02-25 19:43:41,2023-02
2238,2964,487,601,3,,2024-02-21 00:29:13,2024-02
2239,2966,487,602,5,Loved the music selection!,2023-12-22 16:21:03,2023-12
2240,2968,487,553,4,,2023-04-15 18:43:08,2023-04
2241,2968,553,487,2,Very clean car.,2023-04-15 19:48:08,2023-04
2242,2970,487,878,4,"Great rider, very polite.",2024-05-10 12:12:36,2024-05
2243,2971,487,1968,4,"5 stars, highly recommend!",2022-12-01 16:32:57,2022-12
2244,2972,487,1474,4,Car was spotless.,2022-02-03 14:58:59,2022-02
2245,2974,1223,448,4,,2024-05-04 04:38:06,2024-05
2246,2975,1223,1410,5,,2023-10-05 21:49:43,2023-10
2247,2975,1410,1223,3,"Excellent service, will ride again.",2023-10-05 22:23:43,2023-10
2248,2976,1223,1795,3,,2022-10-31 01:41:42,2022-10
2249,2976,1795,1223,3,Very clean car.,2022-10-31 01:45:42,2022-10
2250,2977,1373,1223,3,"Excellent service, will ride again.",2022-04-01 08:47:05,2022-04
2251,2979,1223,782,5,Car was spotless.,2023-11-27 00:29:50,2023-11
2252,2980,1223,778,3,"OK trip, nothing special.",2022-05-06 15:41:24,2022-05
2253,2980,778,1223,5,Super friendly and helpful.,2022-05-06 14:00:24,2022-05
2254,2981,1223,351,4,"Great driver, very professional!",2022-12-31 03:07:32,2022-12
2255,2985,1223,1606,3,"OK trip, nothing special.",2023-09-21 12:53:08,2023-09
2256,2985,1606,1223,2,,2023-09-21 12:44:08,2023-09
2257,2992,1956,1852,3,Very clean car.,2022-08-30 07:56:30,2022-08
2258,2995,1852,1590,3,,2022-11-12 23:26:04,2022-11
2259,2997,1852,1569,4,"Smooth ride, on time.",2024-05-24 15:31:39,2024-05
2260,2997,1569,1852,3,Super friendly and helpful.,2024-05-24 15:58:39,2024-05
2261,2998,1852,1134,3,,2022-04-01 06:08:19,2022-04
2262,3000,1852,1397,3,,2024-02-24 13:28:04,2024-02
2263,3002,1606,1852,3,Super friendly and helpful.,2022-03-19 07:45:24,2022-03
2264,3003,1852,1841,3,Trip was okay.,2022-07-17 03:56:04,2022-07
2265,3005,1852,1948,4,"Excellent service, will ride again.",2022-11-30 07:00:54,2022-11
2266,3007,1852,1561,4,Car was spotless.,2023-08-15 03:56:53,2023-08
2267,3009,1852,335,3,,2023-02-27 23:29:39,2023-02
2268,3011,1852,608,5,,2024-04-11 16:57:12,2024-04
2269,3012,1852,1561,4,Loved the music selection!,2023-11-20 13:36:52,2023-11
2270,3013,1852,1111,4,,2023-07-03 03:52:01,2023-07
2271,3014,1026,1852,2,"Smooth ride, on time.",2022-10-23 05:13:49,2022-10
2272,3018,1852,136,4,Super friendly and helpful.,2022-12-09 10:41:45,2022-12
2273,3023,1852,472,2,Took too long.,2024-02-02 21:10:30,2024-02
2274,3023,472,1852,4,"Smooth ride, on time.",2024-02-02 23:07:30,2024-02
2275,3024,1852,1311,4,,2022-09-06 18:38:40,2022-09
2276,3025,1852,376,4,Loved the music selection!,2023-08-26 06:48:03,2023-08
2277,3025,376,1852,3,Very clean car.,2023-08-26 07:48:03,2023-08
2278,3026,1852,1205,3,Fine driver.,2022-11-05 19:22:35,2022-11
2279,3027,1852,543,3,Average experience.,2023-01-26 00:50:33,2023-01
2280,3027,543,1852,4,,2023-01-26 01:04:33,2023-01
2281,3028,1852,119,4,,2024-05-12 13:56:22,2024-05
2282,3029,1852,452,5,Very courteous driver.,2023-01-07 10:42:22,2023-01
2283,3031,1852,1739,4,"Excellent service, will ride again.",2023-06-19 23:55:46,2023-06
2284,3034,1852,925,2,,2024-03-11 17:21:34,2024-03
2285,3035,1852,1763,4,,2023-06-26 19:04:34,2023-06
2286,3035,1763,1852,3,,2023-06-26 20:03:34,2023-06
2287,3036,1941,1852,2,"Great driver, very professional!",2022-10-03 08:07:50,2022-10
2288,3038,1852,485,4,,2024-05-19 13:26:44,2024-05
2289,3038,485,1852,2,"Great driver, very professional!",2024-05-19 14:01:44,2024-05
2290,3039,811,1852,4,Super friendly and helpful.,2022-02-07 03:44:31,2022-02
2291,3040,1852,782,3,"OK trip, nothing special.",2023-02-19 03:59:43,2023-02
2292,3040,782,1852,3,,2023-02-19 04:14:43,2023-02
2293,3042,1852,1427,5,"5 stars, highly recommend!",2022-12-03 12:41:24,2022-12
2294,3043,1852,1653,3,,2023-03-28 19:42:57,2023-03
2295,3043,1653,1852,3,Super friendly and helpful.,2023-03-28 18:43:57,2023-03
2296,3046,439,1852,3,"Great driver, very professional!",2023-05-08 16:20:07,2023-05
2297,3047,1852,1430,3,,2024-01-28 22:39:38,2024-01
2298,3048,1852,728,4,,2022-12-25 06:57:43,2022-12
2299,3048,728,1852,3,Super friendly and helpful.,2022-12-25 08:26:43,2022-12
2300,3049,1852,1649,4,"Excellent service, will ride again.",2024-04-04 01:26:42,2024-04
2301,3051,1852,1889,4,Very courteous driver.,2022-12-20 23:43:26,2022-12
2302,3052,1853,1852,3,"Great driver, very professional!",2023-12-10 14:58:59,2023-12
2303,3053,1852,1865,4,,2024-01-09 15:19:04,2024-01
2304,3053,1865,1852,2,Very clean car.,2024-01-09 15:14:04,2024-01
2305,3056,1852,1134,5,"Quick and efficient, thanks!",2023-11-27 18:44:09,2023-11
2306,3058,1852,1700,4,Car was spotless.,2023-12-16 22:42:55,2023-12
2307,3060,1852,1947,4,Loved the music selection!,2024-02-16 23:56:10,2024-02
2308,3060,1947,1852,2,Very clean car.,2024-02-16 22:55:10,2024-02
2309,3061,199,1852,4,Super friendly and helpful.,2024-05-10 22:50:39,2024-05
2310,3062,1852,664,4,"Perfect trip, no issues.",2023-12-20 03:54:51,2023-12
2311,3063,1852,585,4,,2023-02-10 14:13:38,2023-02
2312,3063,585,1852,2,Super friendly and helpful.,2023-02-10 14:19:38,2023-02
2313,3064,1852,1207,4,"Easy pickup, no problems.",2023-10-02 10:19:07,2023-10
2314,3064,1207,1852,3,"Smooth ride, on time.",2023-10-02 11:57:07,2023-10
2315,3065,1852,450,3,,2022-12-27 23:07:24,2022-12
2316,3065,450,1852,4,Super friendly and helpful.,2022-12-27 22:35:24,2022-12
2317,3066,207,1852,3,Super friendly and helpful.,2022-07-19 01:10:37,2022-07
2318,3068,1852,508,4,"Great rider, very polite.",2022-07-23 14:53:50,2022-07
2319,3072,1852,2,5,Very courteous driver.,2022-03-23 13:48:12,2022-03
2320,3072,2,1852,5,Very clean car.,2022-03-23 15:09:12,2022-03
2321,3074,1852,439,3,"OK trip, nothing special.",2023-07-22 14:14:21,2023-07
2322,3078,1852,286,5,Car was spotless.,2024-06-03 02:43:18,2024-06
2323,3080,1852,996,3,Average experience.,2023-02-08 21:17:07,2023-02
2324,3083,1852,1651,5,"Perfect trip, no issues.",2023-10-18 07:23:27,2023-10
2325,3083,1651,1852,3,"Excellent service, will ride again.",2023-10-18 08:12:27,2023-10
2326,3084,1852,118,4,,2024-01-19 22:19:49,2024-01
2327,3084,118,1852,3,"Excellent service, will ride again.",2024-01-20 00:34:49,2024-01
2328,3087,697,1852,3,"Smooth ride, on time.",2022-07-19 20:49:15,2022-07
2329,3089,1852,1684,3,,2024-03-10 16:39:18,2024-03
2330,3089,1684,1852,4,Super friendly and helpful.,2024-03-10 16:18:18,2024-03
2331,3090,1852,485,4,"5 stars, highly recommend!",2022-10-24 23:20:10,2022-10
2332,3090,485,1852,4,"Excellent service, will ride again.",2022-10-25 00:50:10,2022-10
2333,3092,1522,248,3,Decent experience.,2022-12-27 11:28:20,2022-12
2334,3094,1982,645,5,"5 stars, highly recommend!",2023-08-24 21:21:54,2023-08
2335,3094,645,1982,2,"Great driver, very professional!",2023-08-24 22:15:54,2023-08
2336,3095,1982,1794,4,Very clean car.,2022-04-15 02:56:14,2022-04
2337,3096,1982,1035,4,,2024-01-26 13:29:37,2024-01
2338,3099,1809,1853,4,"5 stars, highly recommend!",2022-07-12 09:03:01,2022-07
2339,3100,1809,1373,4,Very courteous driver.,2022-12-19 22:00:09,2022-12
2340,3101,878,1809,2,Super friendly and helpful.,2024-05-06 17:21:12,2024-05
2341,3103,446,1809,2,,2024-02-10 21:59:25,2024-02
2342,3104,1809,1776,4,Car was spotless.,2023-07-28 12:59:05,2023-07
2343,3104,1776,1809,5,,2023-07-28 11:55:05,2023-07
2344,3105,1809,1727,4,Very courteous driver.,2022-07-05 16:02:17,2022-07
2345,3106,1809,1651,5,,2023-10-14 06:12:34,2023-10
2346,3106,1651,1809,4,,2023-10-14 08:28:34,2023-10
2347,3107,1809,155,4,Very courteous driver.,2022-07-14 04:09:27,2022-07
2348,3112,318,1809,2,"Excellent service, will ride again.",2024-04-26 06:05:04,2024-04
2349,3114,1294,564,5,,2023-12-24 08:37:56,2023-12
2350,3115,1294,65,3,Fine driver.,2024-06-19 22:55:03,2024-06
2351,3117,1099,1294,3,"Excellent service, will ride again.",2022-08-11 21:50:03,2022-08
2352,3123,1492,1294,5,"Excellent service, will ride again.",2023-03-17 23:12:52,2023-03
2353,3124,1294,1350,4,,2022-11-07 16:20:09,2022-11
2354,3124,1350,1294,2,"Smooth ride, on time.",2022-11-07 18:39:09,2022-11
2355,3125,1294,1105,4,"5 stars, highly recommend!",2023-11-07 11:18:40,2023-11
2356,3126,1294,1427,4,,2023-08-18 17:08:18,2023-08
2357,3126,1427,1294,3,,2023-08-18 16:32:18,2023-08
2358,3127,1294,1187,2,Not very clean.,2022-05-13 16:40:56,2022-05
2359,3130,553,1156,4,"Great driver, very professional!",2023-01-05 09:23:22,2023-01
2360,3132,1156,1088,3,Nothing to complain about.,2023-09-04 05:56:53,2023-09
2361,3132,1088,1156,4,"Great driver, very professional!",2023-09-04 05:44:53,2023-09
2362,3133,1234,677,5,Super friendly and helpful.,2023-01-27 23:14:17,2023-01
2363,3138,286,1234,4,"Smooth ride, on time.",2022-09-07 00:24:05,2022-09
2364,3139,1579,458,3,Decent experience.,2022-04-22 12:38:21,2022-04
2365,3139,458,1579,3,"Great driver, very professional!",2022-04-22 13:55:21,2022-04
2366,3140,1579,515,3,Nothing to complain about.,2024-02-05 21:13:48,2024-02
2367,3140,515,1579,3,,2024-02-05 21:34:48,2024-02
2368,3142,1579,742,4,,2023-10-25 21:20:33,2023-10
2369,3142,742,1579,4,Very clean car.,2023-10-25 21:45:33,2023-10
2370,3143,1532,1579,3,Super friendly and helpful.,2024-06-24 11:07:55,2024-06
2371,3144,1579,898,4,,2023-04-03 05:26:17,2023-04
2372,3145,1579,1134,3,"OK trip, nothing special.",2023-02-18 12:42:28,2023-02
2373,3147,1579,1198,4,Loved the music selection!,2023-02-13 08:22:33,2023-02
2374,3148,1579,977,3,,2024-01-22 02:17:45,2024-01
2375,3149,1579,1430,4,"Excellent service, will ride again.",2022-07-15 00:21:09,2022-07
2376,3150,1579,1248,4,"Excellent service, will ride again.",2023-05-30 07:50:42,2023-05
2377,3151,1579,1198,5,Very clean car.,2022-01-30 18:47:45,2022-01
2378,3152,1579,224,2,,2022-03-16 16:56:52,2022-03
2379,3153,1579,1555,4,,2023-08-16 07:59:42,2023-08
2380,3154,1579,351,5,,2024-06-18 19:46:19,2024-06
2381,3154,351,1579,2,"Great driver, very professional!",2024-06-18 20:54:19,2024-06
2382,3155,1579,201,4,,2022-03-29 04:25:50,2022-03
2383,3156,1437,1579,5,"Smooth ride, on time.",2022-10-10 17:57:41,2022-10
2384,3157,1579,1983,5,,2024-01-20 04:04:37,2024-01
2385,3160,570,1579,3,,2023-02-21 18:32:54,2023-02
2386,3161,1579,866,4,"Great driver, very professional!",2022-01-06 06:25:13,2022-01
2387,3162,1579,1640,4,"Great rider, very polite.",2022-04-29 08:58:06,2022-04
2388,3162,1640,1579,4,"Excellent service, will ride again.",2022-04-29 08:38:06,2022-04
2389,3163,1579,1386,4,"5 stars, highly recommend!",2022-01-27 12:43:26,2022-01
2390,3165,1579,677,4,,2022-06-14 07:05:22,2022-06
2391,3165,677,1579,2,Very clean car.,2022-06-14 06:43:22,2022-06
2392,3166,1579,1853,3,,2022-10-31 12:11:13,2022-10
2393,3167,1579,542,3,,2022-06-15 06:10:36,2022-06
2394,3170,1579,1607,3,Nothing to complain about.,2022-12-02 01:27:24,2022-12
2395,3171,1099,1579,2,"Great driver, very professional!",2023-08-19 14:27:30,2023-08
2396,3172,1579,1091,4,,2022-12-19 16:19:23,2022-12
2397,3172,1091,1579,5,,2022-12-19 16:51:23,2022-12
2398,3174,1579,585,5,"Quick and efficient, thanks!",2022-10-11 18:05:27,2022-10
2399,3174,585,1579,3,Very clean car.,2022-10-11 17:50:27,2022-10
2400,3175,1579,1293,4,"Easy pickup, no problems.",2023-01-07 04:18:20,2023-01
2401,3176,1579,1477,5,,2022-09-28 20:08:14,2022-09
2402,3177,1579,1206,5,,2023-11-29 04:32:16,2023-11
2403,3177,1206,1579,3,"Great driver, very professional!",2023-11-29 05:09:16,2023-11
2404,3178,1579,1981,4,Fast and safe driver.,2022-04-24 07:33:58,2022-04
2405,3180,1579,1030,5,,2022-09-15 17:46:12,2022-09
2406,3180,1030,1579,1,"Excellent service, will ride again.",2022-09-15 17:58:12,2022-09
2407,3182,1579,394,4,,2024-01-14 03:31:24,2024-01
2408,3183,1579,553,2,,2023-03-20 03:43:12,2023-03
2409,3187,1579,1781,5,Very comfortable ride.,2023-10-07 21:46:15,2023-10
2410,3188,959,1579,3,Super friendly and helpful.,2024-04-23 21:14:47,2024-04
2411,3190,1579,1507,5,Very courteous driver.,2023-02-18 10:34:55,2023-02
2412,3191,1579,1948,4,Loved the music selection!,2023-04-16 00:13:54,2023-04
2413,3192,1579,235,4,,2023-09-12 00:51:45,2023-09
2414,3194,1579,825,4,Super friendly and helpful.,2022-08-22 04:10:22,2022-08
2415,3195,1579,549,5,,2022-04-07 03:15:10,2022-04
2416,3195,549,1579,4,"Excellent service, will ride again.",2022-04-07 02:21:10,2022-04
2417,3197,1579,136,4,Car was spotless.,2024-01-13 20:04:26,2024-01
2418,3198,1307,1482,4,"Great driver, very professional!",2022-06-16 23:59:25,2022-06
2419,3198,1482,1307,4,,2022-06-17 02:01:25,2022-06
2420,3200,1307,1437,4,,2022-10-04 18:58:54,2022-10
2421,3201,2,1307,2,Super friendly and helpful.,2022-07-18 21:50:11,2022-07
2422,3202,1307,1795,3,Nothing to complain about.,2024-05-21 05:56:45,2024-05
2423,3203,1951,779,3,,2023-03-10 23:41:10,2023-03
2424,3204,1951,1026,5,,2022-06-26 22:20:29,2022-06
2425,3206,367,1281,4,,2023-07-20 05:09:00,2023-07
2426,3207,367,1713,5,"Quick and efficient, thanks!",2022-09-02 04:08:29,2022-09
2427,3208,1829,1479,4,"Quick and efficient, thanks!",2022-08-11 19:28:09,2022-08
2428,3209,1829,1727,5,Very comfortable ride.,2024-01-09 00:18:34,2024-01
2429,3209,1727,1829,5,"Smooth ride, on time.",2024-01-09 01:34:34,2024-01
2430,3211,1829,1001,5,,2024-06-15 15:28:35,2024-06
2431,3211,1001,1829,4,Very clean car.,2024-06-15 17:28:35,2024-06
2432,3214,1829,1547,5,Very comfortable ride.,2024-02-28 10:36:08,2024-02
2433,3215,1829,1948,3,,2023-10-26 05:17:43,2023-10
2434,3217,1623,1829,4,Very clean car.,2022-12-17 20:54:15,2022-12
2435,3218,1829,664,4,"Smooth ride, on time.",2024-06-23 20:00:11,2024-06
2436,3218,664,1829,4,"Great driver, very professional!",2024-06-23 20:03:11,2024-06
2437,3219,1829,602,4,,2024-02-26 13:13:49,2024-02
2438,3219,602,1829,3,"Excellent service, will ride again.",2024-02-26 13:30:49,2024-02
2439,3220,645,1829,3,"Great driver, very professional!",2022-01-03 07:37:12,2022-01
2440,3221,1212,1995,5,,2023-03-23 13:22:32,2023-03
2441,3222,1092,974,3,,2023-01-02 23:03:32,2023-01
2442,3223,1092,1301,4,,2024-03-25 02:40:23,2024-03
2443,3224,1092,1134,5,,2024-03-19 04:12:40,2024-03
2444,3224,1134,1092,2,,2024-03-19 04:43:40,2024-03
2445,3227,1350,1092,3,,2022-01-22 09:58:06,2022-01
2446,3229,1092,469,3,,2022-11-05 20:55:05,2022-11
2447,3231,1092,1654,4,,2023-09-27 13:45:18,2023-09
2448,3232,119,1092,2,Super friendly and helpful.,2023-10-13 01:09:27,2023-10
2449,3234,1092,1336,4,"Great rider, very polite.",2022-06-22 16:35:46,2022-06
2450,3235,1092,119,2,,2024-03-20 07:05:43,2024-03
2451,3237,1092,1301,5,,2022-01-09 14:46:38,2022-01
2452,3237,1301,1092,4,"Smooth ride, on time.",2022-01-09 14:27:38,2022-01
2453,3244,1092,1776,5,"Excellent service, will ride again.",2024-06-10 08:00:36,2024-06
2454,3247,585,1092,3,,2024-06-14 21:27:50,2024-06
2455,3248,1795,1092,3,Super friendly and helpful.,2024-02-26 03:59:52,2024-02
2456,3249,736,1092,5,"Excellent service, will ride again.",2022-01-11 18:19:31,2022-01
2457,3250,1092,1654,2,Took too long.,2023-01-20 10:39:30,2023-01
2458,3250,1654,1092,4,"Smooth ride, on time.",2023-01-20 10:18:30,2023-01
2459,3252,1092,1700,4,"Excellent service, will ride again.",2022-06-01 20:03:56,2022-06
2460,3253,1092,585,5,"Quick and efficient, thanks!",2024-01-08 16:22:24,2024-01
2461,3253,585,1092,2,Super friendly and helpful.,2024-01-08 16:18:24,2024-01
2462,3254,1092,1983,4,,2023-10-27 22:20:08,2023-10
2463,3254,1983,1092,3,"Great driver, very professional!",2023-10-27 23:35:08,2023-10
2464,3255,1092,585,3,,2023-04-22 18:28:18,2023-04
2465,3257,1092,705,3,,2023-09-16 23:17:04,2023-09
2466,3257,705,1092,3,"Smooth ride, on time.",2023-09-16 23:01:04,2023-09
2467,3258,1092,1736,3,,2024-05-29 10:05:22,2024-05
2468,3260,1092,97,3,,2022-02-09 20:46:11,2022-02
2469,3260,97,1092,2,,2022-02-09 21:56:11,2022-02
2470,3262,1092,162,4,"Quick and efficient, thanks!",2024-04-30 15:48:50,2024-04
2471,3262,162,1092,3,"Smooth ride, on time.",2024-04-30 17:28:50,2024-04
2472,3264,1309,1092,4,Very clean car.,2023-12-26 12:07:41,2023-12
2473,3265,1092,766,4,Loved the music selection!,2024-04-08 19:28:16,2024-04
2474,3267,1092,1654,2,Took a longer route.,2024-05-17 11:51:42,2024-05
2475,3271,1092,1427,4,Loved the music selection!,2023-06-19 09:43:32,2023-06
2476,3272,1092,1044,3,Got there safely.,2024-05-01 22:30:52,2024-05
2477,3274,1492,1092,3,"Smooth ride, on time.",2022-02-02 00:35:14,2022-02
2478,3275,1092,66,3,Trip was okay.,2023-02-22 16:39:59,2023-02
2479,3276,1092,52,4,"Easy pickup, no problems.",2023-07-13 11:46:46,2023-07
2480,3277,1092,1968,5,"Smooth ride, on time.",2023-08-08 03:13:46,2023-08
2481,3278,1092,1302,5,,2023-06-07 16:52:41,2023-06
2482,3279,1092,571,4,"Perfect trip, no issues.",2022-08-30 16:52:51,2022-08
2483,3280,1092,868,4,Fast and safe driver.,2024-05-01 13:28:30,2024-05
2484,3280,868,1092,2,"Excellent service, will ride again.",2024-05-01 14:40:30,2024-05
2485,3281,996,1092,4,"Excellent service, will ride again.",2024-06-06 17:49:13,2024-06
2486,3285,1092,1865,4,"Great rider, very polite.",2023-05-07 20:09:59,2023-05
2487,3286,256,1092,4,"Smooth ride, on time.",2023-07-27 19:31:06,2023-07
2488,3288,1092,553,4,,2023-06-21 22:55:21,2023-06
2489,3288,553,1092,3,Super friendly and helpful.,2023-06-21 23:54:21,2023-06
2490,3289,601,1092,2,"Great driver, very professional!",2023-04-13 10:24:16,2023-04
2491,3290,1092,146,3,"OK trip, nothing special.",2022-05-20 12:19:16,2022-05
2492,3291,1092,1790,5,"Great driver, very professional!",2022-06-10 06:42:25,2022-06
2493,3291,1790,1092,2,"Great driver, very professional!",2022-06-10 07:40:25,2022-06
2494,3293,1092,883,3,,2023-07-18 14:24:30,2023-07
2495,3294,1092,1011,3,,2023-04-23 13:51:53,2023-04
2496,3297,1092,777,5,Super friendly and helpful.,2023-03-22 22:51:51,2023-03
2497,3298,1430,1092,3,"Smooth ride, on time.",2022-03-27 12:02:26,2022-03
2498,3299,1092,1001,5,,2022-06-22 02:15:14,2022-06
2499,3300,1092,995,4,,2022-08-26 08:59:15,2022-08
2500,3300,995,1092,4,Very clean car.,2022-08-26 09:28:15,2022-08
2501,3303,1092,1100,5,,2023-03-08 10:12:52,2023-03
2502,3305,1092,1471,4,Very courteous driver.,2024-04-05 04:34:35,2024-04
2503,3305,1471,1092,2,Super friendly and helpful.,2024-04-05 05:22:35,2024-04
2504,3306,1092,1814,3,,2023-08-20 21:31:40,2023-08
2505,3306,1814,1092,3,"Smooth ride, on time.",2023-08-20 21:25:40,2023-08
2506,3308,1092,452,3,,2022-03-28 23:15:09,2022-03
2507,3310,1092,1108,4,Super friendly and helpful.,2023-03-02 12:00:03,2023-03
2508,3311,1092,434,5,"Quick and efficient, thanks!",2023-06-11 06:05:09,2023-06
2509,3311,434,1092,3,Very clean car.,2023-06-11 05:29:09,2023-06
2510,3314,1092,324,5,"Perfect trip, no issues.",2022-09-27 16:20:03,2022-09
2511,3316,1092,472,4,"5 stars, highly recommend!",2023-05-21 04:34:24,2023-05
2512,3317,1092,564,4,,2023-09-11 04:00:56,2023-09
2513,3318,1092,969,3,"OK trip, nothing special.",2022-12-18 09:42:44,2022-12
2514,3318,969,1092,4,,2022-12-18 09:00:44,2022-12
2515,3319,1092,1765,4,,2023-11-27 10:36:01,2023-11
2516,3319,1765,1092,4,,2023-11-27 11:05:01,2023-11
2517,3322,1092,1413,3,"OK trip, nothing special.",2023-06-08 20:10:14,2023-06
2518,3323,1092,1131,4,Fast and safe driver.,2023-06-13 02:39:56,2023-06
2519,3324,1993,245,4,Super friendly and helpful.,2022-11-07 08:36:52,2022-11
2520,3329,535,1699,2,,2023-12-25 02:04:33,2023-12
2521,3331,325,1607,2,,2023-07-13 18:52:14,2023-07
2522,3331,1607,325,4,"Great driver, very professional!",2023-07-13 18:54:14,2023-07
2523,3333,1623,1493,4,,2023-02-01 20:51:56,2023-02
2524,3335,1115,1410,5,"Excellent service, will ride again.",2024-06-26 00:36:38,2024-06
2525,3335,1410,1115,1,"Great driver, very professional!",2024-06-26 01:29:38,2024-06
2526,3336,1115,271,4,,2024-03-23 14:21:26,2024-03
2527,3336,271,1115,3,Very clean car.,2024-03-23 14:45:26,2024-03
2528,3337,1115,1684,4,Car was spotless.,2022-11-28 20:10:46,2022-11
2529,3337,1684,1115,3,"Smooth ride, on time.",2022-11-28 21:22:46,2022-11
2530,3339,835,1608,4,"Perfect trip, no issues.",2022-05-28 02:41:23,2022-05
2531,3341,1664,1561,3,,2023-01-04 12:29:39,2023-01
2532,3341,1561,1664,3,Super friendly and helpful.,2023-01-04 13:10:39,2023-01
2533,3343,1664,1394,4,,2023-09-09 03:03:19,2023-09
2534,3343,1394,1664,4,"Excellent service, will ride again.",2023-09-09 04:34:19,2023-09
2535,3347,1664,1427,3,,2022-08-22 07:48:25,2022-08
2536,3348,1664,351,4,"Perfect trip, no issues.",2024-05-11 13:44:34,2024-05
2537,3349,1664,230,4,Car was spotless.,2022-09-11 06:40:59,2022-09
2538,3351,1664,1839,3,,2023-06-19 13:04:10,2023-06
2539,3351,1839,1664,4,"Excellent service, will ride again.",2023-06-19 13:30:10,2023-06
2540,3354,1664,811,2,Had trouble finding the pickup spot.,2022-04-29 09:05:02,2022-04
2541,3355,1664,120,4,,2022-02-08 11:54:48,2022-02
2542,3356,1736,1664,4,Super friendly and helpful.,2024-02-08 11:35:54,2024-02
2543,3357,1664,1352,5,,2022-08-11 04:30:48,2022-08
2544,3357,1352,1664,2,Super friendly and helpful.,2022-08-11 05:10:48,2022-08
2545,3360,1664,119,5,"5 stars, highly recommend!",2024-02-17 18:20:35,2024-02
2546,3361,1664,1839,5,,2023-03-01 11:11:50,2023-03
2547,3362,1664,977,4,,2023-02-02 02:58:06,2023-02
2548,3362,977,1664,2,"Excellent service, will ride again.",2023-02-02 03:07:06,2023-02
2549,3363,1664,1350,4,,2022-09-15 23:08:01,2022-09
2550,3365,1664,1302,3,Average experience.,2022-03-08 16:52:43,2022-03
2551,3368,1664,256,5,Loved the music selection!,2024-02-13 15:36:27,2024-02
2552,3369,1664,1933,3,Decent experience.,2022-06-24 11:19:02,2022-06
2553,3371,1664,1181,3,,2023-06-08 09:22:07,2023-06
2554,3371,1181,1664,4,"Excellent service, will ride again.",2023-06-08 10:53:07,2023-06
2555,3373,1664,1001,5,"5 stars, highly recommend!",2022-11-14 22:58:23,2022-11
2556,3374,1664,1328,4,,2023-02-20 15:04:53,2023-02
2557,3375,1664,1975,5,Loved the music selection!,2022-04-09 06:18:40,2022-04
2558,3377,1664,1564,3,Trip was okay.,2023-05-22 03:16:20,2023-05
2559,3378,1664,66,4,"Great rider, very polite.",2022-10-14 20:59:44,2022-10
2560,3381,1227,1664,5,"Smooth ride, on time.",2022-11-07 23:19:46,2022-11
2561,3383,1664,1099,5,Car was spotless.,2023-07-25 22:31:09,2023-07
2562,3384,1664,1400,5,,2022-08-07 22:41:15,2022-08
2563,3388,1664,1828,5,Fast and safe driver.,2022-11-02 21:18:41,2022-11
2564,3389,1664,201,5,Super friendly and helpful.,2024-03-06 01:05:26,2024-03
2565,3391,1664,1727,4,,2022-11-16 11:20:34,2022-11
2566,3391,1727,1664,5,"Great driver, very professional!",2022-11-16 11:47:34,2022-11
2567,3392,1664,472,3,Acceptable ride.,2022-12-27 03:17:40,2022-12
2568,3393,1664,920,4,,2023-08-28 22:47:59,2023-08
2569,3393,920,1664,4,"Excellent service, will ride again.",2023-08-29 01:10:59,2023-08
2570,3394,1664,1608,3,,2024-06-28 06:39:58,2024-06
2571,3394,1608,1664,2,Very clean car.,2024-06-28 08:08:58,2024-06
2572,3395,1664,1713,4,,2022-01-24 02:19:53,2022-01
2573,3398,23,1775,4,Super friendly and helpful.,2023-09-13 08:02:34,2023-09
2574,3401,23,1131,5,"Great driver, very professional!",2023-11-19 00:05:00,2023-11
2575,3402,23,1413,3,,2024-04-23 03:03:13,2024-04
2576,3403,23,1135,4,Super friendly and helpful.,2023-08-05 10:19:34,2023-08
2577,3404,1752,23,2,Super friendly and helpful.,2023-04-16 20:19:50,2023-04
2578,3405,23,766,4,Car was spotless.,2022-10-15 18:09:22,2022-10
2579,3406,23,1131,4,"Excellent service, will ride again.",2023-11-22 14:56:02,2023-11
2580,3407,23,1430,4,,2023-07-17 17:11:32,2023-07
2581,3407,1430,23,2,Very clean car.,2023-07-17 16:39:32,2023-07
2582,3408,23,1477,4,,2024-03-14 20:03:08,2024-03
2583,3409,1995,23,2,"Great driver, very professional!",2024-06-28 06:50:04,2024-06
2584,3410,351,23,3,Very clean car.,2023-04-03 10:53:39,2023-04
2585,3413,811,23,4,"Smooth ride, on time.",2023-10-31 07:25:49,2023-10
2586,3415,23,564,5,"Quick and efficient, thanks!",2024-03-13 11:17:07,2024-03
2587,3419,521,986,4,,2022-02-13 14:33:04,2022-02
2588,3419,986,521,3,Very clean car.,2022-02-13 16:39:04,2022-02
2589,3420,521,1584,5,"Great driver, very professional!",2024-01-11 15:08:36,2024-01
2590,3421,521,1702,2,Not very clean.,2023-05-13 17:17:43,2023-05
2591,3421,1702,521,1,"Excellent service, will ride again.",2023-05-13 17:29:43,2023-05
2592,3423,1352,521,4,"Smooth ride, on time.",2022-06-28 00:14:22,2022-06
2593,3428,521,1023,4,Car was spotless.,2023-03-12 18:04:54,2023-03
2594,3429,521,1653,4,,2022-10-23 11:01:37,2022-10
2595,3429,1653,521,3,"Excellent service, will ride again.",2022-10-23 11:53:37,2022-10
2596,3431,521,742,3,,2024-04-18 05:09:41,2024-04
2597,3432,521,800,4,,2024-02-17 18:01:14,2024-02
2598,3432,800,521,3,,2024-02-17 17:11:14,2024-02
2599,3433,521,612,4,,2023-03-02 10:41:06,2023-03
2600,3434,521,207,3,Decent experience.,2023-05-29 07:34:19,2023-05
2601,3434,207,521,3,"Excellent service, will ride again.",2023-05-29 07:01:19,2023-05
2602,3435,862,726,4,Fast and safe driver.,2022-12-05 05:12:25,2022-12
2603,3437,862,338,4,Fast and safe driver.,2022-08-21 07:45:01,2022-08
2604,3440,1995,862,5,Super friendly and helpful.,2022-12-24 18:52:34,2022-12
2605,3441,862,1477,3,Decent experience.,2022-05-15 10:28:04,2022-05
2606,3442,862,898,5,,2022-04-21 03:03:28,2022-04
2607,3442,898,862,5,,2022-04-21 02:57:28,2022-04
2608,3444,1968,862,3,"Excellent service, will ride again.",2022-09-06 19:52:24,2022-09
2609,3445,862,1301,4,,2022-12-26 21:25:00,2022-12
2610,3445,1301,862,4,"Excellent service, will ride again.",2022-12-26 23:49:00,2022-12
2611,3449,862,742,4,,2024-03-21 13:49:16,2024-03
2612,3450,862,1386,5,,2022-02-19 22:07:58,2022-02
2613,3452,862,446,4,"Smooth ride, on time.",2022-07-23 13:38:43,2022-07
2614,3454,862,834,5,,2023-08-21 07:11:27,2023-08
2615,3455,862,393,3,,2022-09-22 08:23:02,2022-09
2616,3457,862,664,4,,2023-03-08 19:06:40,2023-03
2617,3459,833,862,3,"Smooth ride, on time.",2023-09-21 18:21:48,2023-09
2618,3461,862,1310,3,Trip was okay.,2022-03-02 20:43:40,2022-03
2619,3464,862,1497,4,,2022-08-24 10:26:52,2022-08
2620,3465,862,44,3,,2022-04-07 11:28:19,2022-04
2621,3468,1206,862,3,"Excellent service, will ride again.",2022-08-07 01:07:28,2022-08
2622,3469,163,1461,3,Trip was okay.,2023-05-22 18:37:17,2023-05
2623,3470,163,1472,3,,2022-02-25 06:18:17,2022-02
2624,3470,1472,163,4,Super friendly and helpful.,2022-02-25 07:17:17,2022-02
2625,3471,1104,163,3,"Excellent service, will ride again.",2022-06-28 21:27:33,2022-06
2626,3472,163,1227,4,,2022-09-14 19:39:02,2022-09
2627,3473,163,104,3,,2023-06-24 23:43:40,2023-06
2628,3475,769,1526,4,"Excellent service, will ride again.",2024-05-18 13:59:36,2024-05
2629,3476,769,1162,5,,2022-04-12 23:25:06,2022-04
2630,3479,769,1437,5,"Smooth ride, on time.",2023-11-21 14:31:21,2023-11
2631,3482,769,1497,3,,2023-01-31 07:18:17,2023-01
2632,3484,769,510,2,,2023-01-01 09:23:51,2023-01
2633,3485,769,192,4,,2024-02-05 07:43:01,2024-02
2634,3488,1937,769,1,Very clean car.,2022-10-20 12:27:15,2022-10
2635,3490,1574,769,3,"Smooth ride, on time.",2023-10-18 03:43:19,2023-10
2636,3491,769,1183,4,"Great driver, very professional!",2024-01-25 23:58:38,2024-01
2637,3492,1492,769,2,"Excellent service, will ride again.",2023-02-10 21:32:59,2023-02
2638,3493,1210,769,4,Super friendly and helpful.,2023-03-01 16:37:13,2023-03
2639,3495,769,1981,4,,2024-06-14 17:53:17,2024-06
2640,3497,769,14,3,"OK trip, nothing special.",2023-01-27 17:14:59,2023-01
2641,3498,769,925,5,"Excellent service, will ride again.",2022-10-23 07:21:10,2022-10
2642,3499,769,125,4,,2023-08-10 23:02:03,2023-08
2643,3499,125,769,3,"Smooth ride, on time.",2023-08-10 22:50:03,2023-08
2644,3501,769,1727,4,Car was spotless.,2022-01-23 02:31:31,2022-01
2645,3502,769,1894,3,Trip was okay.,2023-06-05 01:39:58,2023-06
2646,3504,769,1011,3,,2023-05-07 08:04:35,2023-05
2647,3506,769,811,4,Very courteous driver.,2023-12-24 16:18:06,2023-12
2648,3508,769,1331,5,,2022-12-20 04:30:41,2022-12
2649,3515,769,1987,5,,2024-05-20 12:32:19,2024-05
2650,3516,769,1558,4,"Quick and efficient, thanks!",2024-04-06 12:03:03,2024-04
2651,3516,1558,769,4,Super friendly and helpful.,2024-04-06 11:40:03,2024-04
2652,3518,769,248,3,Average experience.,2022-07-12 13:59:10,2022-07
2653,3523,769,1736,3,,2024-03-18 13:48:16,2024-03
2654,3525,769,24,4,,2024-06-22 11:57:58,2024-06
2655,3527,769,1135,4,"Easy pickup, no problems.",2022-07-22 11:21:21,2022-07
2656,3527,1135,769,3,"Great driver, very professional!",2022-07-22 11:34:21,2022-07
2657,3528,1430,769,3,,2023-09-07 03:26:38,2023-09
2658,3532,1649,769,3,"Great driver, very professional!",2024-02-21 23:27:02,2024-02
2659,3533,769,1702,4,,2024-04-11 19:20:54,2024-04
2660,3533,1702,769,4,,2024-04-11 20:06:54,2024-04
2661,3535,782,769,4,"Excellent service, will ride again.",2024-01-24 04:08:10,2024-01
2662,3537,769,125,4,,2022-10-24 09:10:36,2022-10
2663,3540,769,1995,4,Loved the music selection!,2022-12-08 16:17:33,2022-12
2664,3540,1995,769,2,Super friendly and helpful.,2022-12-08 17:35:33,2022-12
2665,3542,769,1427,3,Fine driver.,2022-08-01 01:11:33,2022-08
2666,3542,1427,769,2,"Great driver, very professional!",2022-08-01 02:36:33,2022-08
2667,3543,769,1828,5,"Great driver, very professional!",2022-10-05 22:36:08,2022-10
2668,3544,769,789,2,Driver was late.,2024-02-28 01:46:45,2024-02
2669,3544,789,769,4,"Smooth ride, on time.",2024-02-28 03:54:45,2024-02
2670,3548,769,121,3,,2022-05-15 17:56:06,2022-05
2671,3552,769,1162,4,Very clean car.,2023-12-09 20:51:34,2023-12
2672,3553,515,769,3,"Smooth ride, on time.",2022-05-28 00:57:51,2022-05
2673,3554,769,1237,3,,2022-05-31 15:43:48,2022-05
2674,3555,769,1403,3,Decent experience.,2024-06-25 05:06:26,2024-06
2675,3556,769,1343,5,,2022-06-29 23:59:56,2022-06
2676,3557,726,769,3,Very clean car.,2023-06-20 12:19:44,2023-06
2677,3559,769,1310,4,Fast and safe driver.,2022-06-28 18:03:33,2022-06
2678,3560,769,1841,4,Very comfortable ride.,2022-04-12 00:01:00,2022-04
2679,3561,769,1207,4,,2022-08-15 04:56:18,2022-08
2680,3563,769,932,5,"Smooth ride, on time.",2022-03-20 09:01:39,2022-03
2681,3563,932,769,2,"Smooth ride, on time.",2022-03-20 07:58:39,2022-03
2682,3564,769,1739,3,,2023-06-10 04:04:04,2023-06
2683,3564,1739,769,4,Very clean car.,2023-06-10 03:10:04,2023-06
2684,3565,769,147,3,,2022-05-03 18:10:15,2022-05
2685,3566,769,974,4,Very clean car.,2022-08-06 18:21:49,2022-08
2686,3567,769,759,3,Acceptable ride.,2022-04-23 10:55:43,2022-04
2687,3568,769,1853,4,,2023-01-03 13:21:33,2023-01
2688,3568,1853,769,4,,2023-01-03 15:10:33,2023-01
2689,3569,769,351,4,,2022-12-08 02:57:08,2022-12
2690,3570,769,202,4,,2024-04-05 15:19:03,2024-04
2691,3571,769,1975,4,"5 stars, highly recommend!",2022-01-21 21:36:03,2022-01
2692,3572,769,1170,5,,2023-03-15 15:38:07,2023-03
2693,3573,769,842,5,"Easy pickup, no problems.",2022-12-13 01:44:05,2022-12
2694,3575,1354,1397,4,"Quick and efficient, thanks!",2024-05-30 19:39:12,2024-05
2695,3577,1354,258,4,,2023-09-03 14:48:38,2023-09
2696,3578,1354,319,4,,2023-09-17 12:46:34,2023-09
2697,3578,319,1354,3,Very clean car.,2023-09-17 14:43:34,2023-09
2698,3580,765,1354,3,Super friendly and helpful.,2024-06-27 06:08:34,2024-06
2699,3581,1754,932,5,,2023-06-20 12:55:11,2023-06
2700,3582,1075,132,4,"Excellent service, will ride again.",2024-02-16 10:09:18,2024-02
2701,3583,1075,179,4,,2023-10-23 06:03:25,2023-10
2702,3584,585,1075,2,,2022-06-05 02:52:25,2022-06
2703,3585,1075,1991,4,"Great driver, very professional!",2022-06-19 12:44:40,2022-06
2704,3586,1075,235,4,,2023-12-03 21:50:55,2023-12
2705,3587,1075,1702,3,Fine driver.,2024-04-14 20:39:36,2024-04
2706,3587,1702,1075,3,Very clean car.,2024-04-14 19:53:36,2024-04
2707,3588,1075,919,4,Super friendly and helpful.,2023-09-30 03:04:33,2023-09
2708,3588,919,1075,4,"Great driver, very professional!",2023-09-30 03:56:33,2023-09
2709,3591,1075,995,3,Average experience.,2022-02-13 14:03:35,2022-02
2710,3591,995,1075,2,"Great driver, very professional!",2022-02-13 14:23:35,2022-02
2711,3592,1075,825,5,Car was spotless.,2022-09-28 20:08:09,2022-09
2712,3592,825,1075,3,"Smooth ride, on time.",2022-09-28 20:08:09,2022-09
2713,3593,1075,271,4,,2023-04-14 01:29:49,2023-04
2714,3593,271,1075,3,Very clean car.,2023-04-14 01:40:49,2023-04
2715,3594,202,1075,3,"Excellent service, will ride again.",2022-01-27 08:02:30,2022-01
2716,3595,1075,1427,3,,2022-10-28 06:35:25,2022-10
2717,3596,1075,1562,4,"Easy pickup, no problems.",2022-03-31 08:38:21,2022-03
2718,3597,1075,766,3,Average experience.,2022-04-09 18:35:45,2022-04
2719,3602,1075,1981,5,,2024-02-19 10:17:14,2024-02
2720,3602,1981,1075,4,"Excellent service, will ride again.",2024-02-19 11:09:14,2024-02
2721,3603,1075,542,4,Fast and safe driver.,2024-04-21 03:12:43,2024-04
2722,3603,542,1075,2,,2024-04-21 05:15:43,2024-04
2723,3604,1890,1075,4,"Great driver, very professional!",2022-07-25 11:18:19,2022-07
2724,3605,1075,1825,4,"Excellent service, will ride again.",2023-09-17 07:57:48,2023-09
2725,3605,1825,1075,4,"Excellent service, will ride again.",2023-09-17 06:58:48,2023-09
2726,3606,1075,1724,5,,2024-06-28 11:14:01,2024-06
2727,3607,1075,1764,3,Trip was okay.,2023-09-08 04:13:14,2023-09
2728,3608,1075,192,4,,2022-02-22 16:48:15,2022-02
2729,3609,1653,1075,3,"Smooth ride, on time.",2023-01-06 18:42:24,2023-01
2730,3611,1075,1684,3,,2024-03-05 03:00:41,2024-03
2731,3613,339,1075,3,"Excellent service, will ride again.",2024-06-10 21:19:44,2024-06
2732,3614,1075,394,3,,2024-02-05 15:10:09,2024-02
2733,3614,394,1075,4,Super friendly and helpful.,2024-02-05 13:33:09,2024-02
2734,3616,1075,833,4,,2022-10-07 10:15:44,2022-10
2735,3617,1075,1108,4,"Easy pickup, no problems.",2022-05-15 04:00:49,2022-05
2736,3617,1108,1075,4,"Excellent service, will ride again.",2022-05-15 04:19:49,2022-05
2737,3618,1075,908,2,Took too long.,2023-06-18 14:18:24,2023-06
2738,3620,1075,235,3,,2024-03-31 10:42:10,2024-03
2739,3620,235,1075,5,,2024-03-31 11:26:10,2024-03
2740,3622,1075,1105,4,Very courteous driver.,2024-02-07 15:36:54,2024-02
2741,3623,1075,1999,4,"Smooth ride, on time.",2023-12-02 14:24:52,2023-12
2742,3623,1999,1075,4,"Smooth ride, on time.",2023-12-02 15:59:52,2023-12
2743,3625,1075,1394,3,Average experience.,2023-02-15 04:41:29,2023-02
2744,3625,1394,1075,5,Super friendly and helpful.,2023-02-15 06:07:29,2023-02
2745,3628,1075,1105,5,Very courteous driver.,2023-03-30 03:45:56,2023-03
2746,3629,1075,14,4,Car was spotless.,2023-07-25 10:45:16,2023-07
2747,3629,14,1075,4,"Smooth ride, on time.",2023-07-25 09:44:16,2023-07
2748,3631,1075,136,4,,2022-07-23 19:14:40,2022-07
2749,3632,1075,1400,3,Trip was okay.,2024-06-07 08:44:44,2024-06
2750,3633,1075,131,5,,2024-03-19 17:02:35,2024-03
2751,3636,1075,1495,4,Loved the music selection!,2023-06-13 10:57:07,2023-06
2752,3637,1776,1075,3,"Smooth ride, on time.",2023-10-14 04:00:01,2023-10
2753,3638,125,1075,4,Very clean car.,2023-03-07 20:02:09,2023-03
2754,3639,318,1075,4,"Excellent service, will ride again.",2023-02-17 12:06:47,2023-02
2755,3642,1075,1471,4,Very clean car.,2023-05-06 08:55:49,2023-05
2756,3643,818,1075,3,"Great driver, very professional!",2022-04-11 12:30:36,2022-04
2757,3644,1699,1075,4,Super friendly and helpful.,2022-11-05 05:27:31,2022-11
2758,3645,1075,1386,4,"Smooth ride, on time.",2024-06-10 09:39:54,2024-06
2759,3645,1386,1075,4,,2024-06-10 08:12:54,2024-06
2760,3646,833,1075,4,Super friendly and helpful.,2023-11-05 20:02:14,2023-11
2761,3648,1075,779,3,Nothing to complain about.,2022-09-05 07:37:45,2022-09
2762,3649,1075,24,4,,2023-11-05 10:54:49,2023-11
2763,3650,1427,1075,3,"Great driver, very professional!",2022-07-22 04:21:39,2022-07
2764,3651,1075,1301,4,"Quick and efficient, thanks!",2023-04-16 20:55:46,2023-04
2765,3651,1301,1075,4,"Excellent service, will ride again.",2023-04-16 19:33:46,2023-04
2766,3652,1075,450,3,Acceptable ride.,2022-02-07 04:54:55,2022-02
2767,3652,450,1075,3,"Smooth ride, on time.",2022-02-07 05:59:55,2022-02
2768,3654,1075,393,4,"Excellent service, will ride again.",2022-09-18 14:56:57,2022-09
2769,3656,1075,643,5,,2023-09-22 22:38:45,2023-09
2770,3657,1075,1210,5,,2023-10-13 11:16:28,2023-10
2771,3658,1075,14,5,"Quick and efficient, thanks!",2023-11-16 04:15:52,2023-11
2772,3659,1075,647,3,,2023-07-03 21:45:43,2023-07
2773,3660,1075,1947,5,"5 stars, highly recommend!",2022-05-25 12:33:50,2022-05
2774,3661,1075,1087,5,"Smooth ride, on time.",2024-04-28 23:51:11,2024-04
2775,3662,1075,1117,4,,2022-07-05 20:24:41,2022-07
2776,3663,1075,705,4,"Smooth ride, on time.",2024-06-12 10:21:27,2024-06
2777,3664,1075,187,5,"Excellent service, will ride again.",2024-01-27 21:09:25,2024-01
2778,3665,1075,1139,4,Very comfortable ride.,2022-03-27 14:08:39,2022-03
2779,3666,1728,224,4,,2022-11-15 21:24:30,2022-11
2780,3667,1728,1310,3,Acceptable ride.,2023-11-25 02:56:38,2023-11
2781,3670,1110,1658,4,"Excellent service, will ride again.",2022-08-08 19:55:53,2022-08
2782,3671,1110,1181,5,,2023-09-05 04:09:40,2023-09
2783,3673,1110,1035,4,"5 stars, highly recommend!",2023-04-07 10:44:32,2023-04
2784,3675,1110,485,4,"Smooth ride, on time.",2023-04-21 17:13:30,2023-04
2785,3675,485,1110,4,Super friendly and helpful.,2023-04-21 18:23:30,2023-04
2786,3677,1110,1547,5,"5 stars, highly recommend!",2022-09-03 18:34:52,2022-09
2787,3679,1110,1727,5,,2023-05-02 22:38:40,2023-05
2788,3681,1110,1509,5,Very clean car.,2022-09-11 23:26:28,2022-09
2789,3682,1110,728,4,,2022-04-04 11:19:42,2022-04
2790,3682,728,1110,3,"Smooth ride, on time.",2022-04-04 13:30:42,2022-04
2791,3683,1110,1141,4,,2022-07-28 21:44:25,2022-07
2792,3684,1110,1044,4,,2023-02-08 23:28:46,2023-02
2793,3687,1110,969,4,"Smooth ride, on time.",2023-06-03 01:48:23,2023-06
2794,3687,969,1110,3,Super friendly and helpful.,2023-06-03 02:53:23,2023-06
2795,3688,1110,1752,2,,2022-01-17 16:20:57,2022-01
2796,3689,1110,878,4,,2023-01-16 02:32:16,2023-01
2797,3690,1110,1400,3,Trip was okay.,2024-01-06 13:06:56,2024-01
2798,3690,1400,1110,4,"Excellent service, will ride again.",2024-01-06 13:34:56,2024-01
2799,3691,1110,778,4,"Perfect trip, no issues.",2022-04-10 15:26:07,2022-04
2800,3691,778,1110,4,"Excellent service, will ride again.",2022-04-10 15:22:07,2022-04
2801,3693,1110,1956,4,Loved the music selection!,2024-02-03 04:35:29,2024-02
2802,3694,1293,1110,2,Very clean car.,2023-11-14 05:45:53,2023-11
2803,3697,1110,485,4,,2023-10-10 11:03:13,2023-10
2804,3698,1110,759,4,Super friendly and helpful.,2023-09-19 13:45:52,2023-09
2805,3699,1110,1111,4,,2022-03-26 18:55:05,2022-03
2806,3703,1110,293,4,"Perfect trip, no issues.",2022-04-29 21:04:00,2022-04
2807,3704,1207,1110,3,,2022-07-18 08:22:02,2022-07
2808,3707,1110,1371,4,Super friendly and helpful.,2022-04-28 20:19:56,2022-04
2809,3707,1371,1110,1,"Excellent service, will ride again.",2022-04-28 21:05:56,2022-04
2810,3708,1110,136,4,,2023-09-07 02:17:03,2023-09
2811,3709,1110,1108,4,Car was spotless.,2023-03-18 16:09:42,2023-03
2812,3711,1110,508,4,,2022-03-07 12:59:08,2022-03
2813,3712,1110,436,3,,2023-06-06 11:48:33,2023-06
2814,3712,436,1110,4,Very clean car.,2023-06-06 14:08:33,2023-06
2815,3715,1110,1993,3,Trip was okay.,2023-05-29 15:30:13,2023-05
2816,3715,1993,1110,3,Very clean car.,2023-05-29 15:57:13,2023-05
2817,3716,1110,1830,3,Average experience.,2024-01-04 20:42:53,2024-01
2818,3717,1110,2,4,,2022-02-22 10:25:21,2022-02
2819,3718,1110,777,5,,2023-08-30 16:43:21,2023-08
2820,3719,1110,1955,5,"Easy pickup, no problems.",2023-08-20 19:46:13,2023-08
2821,3719,1955,1110,4,Super friendly and helpful.,2023-08-20 20:08:13,2023-08
2822,3721,1110,1574,3,Average experience.,2023-03-13 04:50:30,2023-03
2823,3721,1574,1110,4,"Smooth ride, on time.",2023-03-13 03:15:30,2023-03
2824,3722,1507,122,3,"Excellent service, will ride again.",2024-03-22 10:54:53,2024-03
2825,3723,1739,122,2,"Smooth ride, on time.",2023-06-08 20:49:03,2023-06
2826,3727,122,776,3,Trip was okay.,2024-05-10 23:09:16,2024-05
2827,3727,776,122,4,"Great driver, very professional!",2024-05-10 23:37:16,2024-05
2828,3728,122,65,3,,2023-09-27 07:42:48,2023-09
2829,3729,122,645,5,Fast and safe driver.,2024-02-25 09:06:53,2024-02
2830,3732,122,1373,4,,2022-06-30 02:37:01,2022-06
2831,3735,122,376,4,,2023-02-03 19:09:46,2023-02
2832,3737,122,1702,3,Average experience.,2024-06-08 11:19:51,2024-06
2833,3738,122,765,5,"Perfect trip, no issues.",2023-07-25 18:58:16,2023-07
2834,3739,1099,122,3,Super friendly and helpful.,2022-08-19 00:40:20,2022-08
2835,3740,122,1400,5,,2022-11-04 13:45:12,2022-11
2836,3740,1400,122,3,"Great driver, very professional!",2022-11-04 14:25:12,2022-11
2837,3741,122,1410,5,,2024-01-22 21:04:43,2024-01
2838,3742,690,122,4,"Smooth ride, on time.",2023-10-16 22:53:32,2023-10
2839,3746,1336,122,3,,2024-06-22 22:00:32,2024-06
2840,3750,122,430,3,,2024-04-08 11:13:20,2024-04
2841,3752,1794,122,3,"Great driver, very professional!",2023-10-11 15:07:02,2023-10
2842,3753,1891,327,4,,2023-11-19 13:01:57,2023-11
2843,3753,327,1891,3,Very clean car.,2023-11-19 13:29:57,2023-11
2844,3754,1011,772,4,"Great driver, very professional!",2022-05-03 09:28:07,2022-05
2845,3755,772,1653,3,Fine driver.,2022-07-08 07:34:23,2022-07
2846,3756,772,860,5,Very clean car.,2023-01-11 13:41:43,2023-01
2847,3756,860,772,3,,2023-01-11 14:04:43,2023-01
2848,3757,772,448,3,,2022-10-05 16:11:08,2022-10
2849,3758,772,494,5,"Quick and efficient, thanks!",2023-10-04 04:58:33,2023-10
2850,3762,1977,1795,3,Average experience.,2023-02-27 02:45:42,2023-02
2851,3763,1977,1509,4,"5 stars, highly recommend!",2022-09-18 09:05:48,2022-09
2852,3763,1509,1977,3,,2022-09-18 10:17:48,2022-09
2853,3765,1977,515,3,Decent experience.,2023-02-24 09:53:49,2023-02
2854,3766,1977,1427,4,,2024-06-01 04:51:05,2024-06
2855,3766,1427,1977,1,Very clean car.,2024-06-01 04:57:05,2024-06
2856,3767,1977,1302,5,,2024-04-02 10:58:27,2024-04
2857,3768,1977,833,3,Trip was okay.,2024-03-21 18:52:10,2024-03
2858,3768,833,1977,2,"Great driver, very professional!",2024-03-21 18:06:10,2024-03
2859,3769,55,1977,4,Super friendly and helpful.,2022-11-30 17:38:58,2022-11
2860,3771,1977,898,4,Very comfortable ride.,2023-06-18 22:00:19,2023-06
2861,3774,1908,434,4,Very courteous driver.,2022-07-29 23:44:46,2022-07
2862,3778,1908,929,4,,2024-02-19 03:39:38,2024-02
2863,3779,1922,515,4,,2022-07-31 13:24:44,2022-07
2864,3779,515,1922,3,Super friendly and helpful.,2022-07-31 12:42:44,2022-07
2865,3780,1999,1922,4,Super friendly and helpful.,2023-12-11 01:30:22,2023-12
2866,3783,1922,1812,4,,2024-04-30 02:57:12,2024-04
2867,3784,1922,1562,5,"Quick and efficient, thanks!",2023-06-28 00:57:17,2023-06
2868,3785,1922,1752,4,"Excellent service, will ride again.",2022-12-12 16:23:07,2022-12
2869,3785,1752,1922,4,"Excellent service, will ride again.",2022-12-12 15:56:07,2022-12
2870,3788,1618,65,3,,2023-10-15 17:02:02,2023-10
2871,3792,1955,1618,3,Super friendly and helpful.,2022-05-10 01:39:35,2022-05
2872,3794,1642,1088,3,,2023-10-04 22:22:49,2023-10
2873,3795,1642,1386,5,,2023-05-01 21:49:29,2023-05
2874,3795,1386,1642,2,"Great driver, very professional!",2023-05-01 22:40:29,2023-05
2875,3796,14,534,3,"Smooth ride, on time.",2022-07-20 01:41:59,2022-07
2876,3797,534,1653,4,,2022-08-16 11:21:37,2022-08
2877,3797,1653,534,3,"Excellent service, will ride again.",2022-08-16 13:38:37,2022-08
2878,3799,534,7,3,,2023-09-02 01:30:31,2023-09
2879,3800,251,146,5,,2022-05-25 16:58:05,2022-05
2880,3802,251,564,3,Acceptable ride.,2022-01-06 13:50:05,2022-01
2881,3802,564,251,3,"Smooth ride, on time.",2022-01-06 14:45:05,2022-01
2882,3803,1894,251,4,"Excellent service, will ride again.",2022-10-22 19:35:43,2022-10
2883,3804,584,202,5,Very comfortable ride.,2024-03-15 08:50:08,2024-03
2884,3804,202,584,4,,2024-03-15 07:49:08,2024-03
2885,3806,696,271,5,Loved the music selection!,2022-11-18 07:40:38,2022-11
2886,3807,696,164,3,,2024-02-01 12:18:09,2024-02
2887,3808,696,1104,4,,2023-11-11 20:06:30,2023-11
2888,3812,696,1853,3,,2024-06-22 12:46:01,2024-06
2889,3813,696,1812,3,"OK trip, nothing special.",2024-06-21 19:20:13,2024-06
2890,3813,1812,696,3,"Smooth ride, on time.",2024-06-21 20:55:13,2024-06
2891,3814,696,1343,3,,2022-02-18 04:30:49,2022-02
2892,3814,1343,696,2,Very clean car.,2022-02-18 04:50:49,2022-02
2893,3819,696,434,5,,2023-08-15 23:56:03,2023-08
2894,3821,696,1975,5,Loved the music selection!,2024-05-31 00:06:45,2024-05
2895,3825,1278,1507,5,,2024-05-04 16:32:44,2024-05
2896,3826,159,1764,3,Acceptable ride.,2023-05-31 22:42:05,2023-05
2897,3826,1764,159,4,"Smooth ride, on time.",2023-05-31 21:25:05,2023-05
2898,3827,159,542,4,Very comfortable ride.,2022-03-16 08:40:37,2022-03
2899,3828,159,647,4,Super friendly and helpful.,2022-12-31 09:28:17,2022-12
2900,3829,159,341,5,Super friendly and helpful.,2023-05-02 09:32:20,2023-05
2901,3830,159,742,2,Had trouble finding the pickup spot.,2024-05-05 10:55:36,2024-05
2902,3831,801,1547,4,,2024-01-25 18:55:25,2024-01
2903,3832,801,1853,4,,2022-10-08 11:42:04,2022-10
2904,3834,801,929,2,Not very clean.,2023-11-02 23:35:45,2023-11
2905,3834,929,801,2,"Great driver, very professional!",2023-11-03 00:50:45,2023-11
2906,3835,801,1413,2,Took a longer route.,2023-05-17 04:10:57,2023-05
2907,3839,801,1984,4,"Quick and efficient, thanks!",2022-03-14 14:01:26,2022-03
2908,3840,801,1026,3,,2022-02-19 21:31:13,2022-02
2909,3840,1026,801,3,"Great driver, very professional!",2022-02-19 21:33:13,2022-02
2910,3841,801,602,3,,2023-11-19 00:12:46,2023-11
2911,3842,801,1955,4,Fast and safe driver.,2023-01-03 10:12:22,2023-01
2912,3843,801,155,4,,2023-07-20 12:18:27,2023-07
2913,3844,801,728,4,"Easy pickup, no problems.",2023-06-07 12:35:31,2023-06
2914,3844,728,801,3,"Smooth ride, on time.",2023-06-07 13:47:31,2023-06
2915,3847,801,235,4,,2022-09-26 02:52:39,2022-09
2916,3847,235,801,2,"Smooth ride, on time.",2022-09-26 03:30:39,2022-09
2917,3848,1023,801,2,"Smooth ride, on time.",2022-05-29 04:37:52,2022-05
2918,3849,801,1569,4,,2022-06-26 06:22:19,2022-06
2919,3852,801,142,4,,2024-06-27 00:27:34,2024-06
2920,3852,142,801,3,Super friendly and helpful.,2024-06-27 01:04:34,2024-06
2921,3853,801,1197,4,Very courteous driver.,2022-06-25 20:25:16,2022-06
2922,3854,801,977,3,,2023-04-28 02:36:53,2023-04
2923,3854,977,801,3,Super friendly and helpful.,2023-04-28 02:29:53,2023-04
2924,3855,801,919,4,"Excellent service, will ride again.",2023-06-01 03:48:23,2023-06
2925,3858,801,155,4,Very comfortable ride.,2023-03-04 05:10:05,2023-03
2926,3861,801,224,3,"OK trip, nothing special.",2022-05-22 02:25:30,2022-05
2927,3861,224,801,2,"Excellent service, will ride again.",2022-05-22 02:11:30,2022-05
2928,3862,801,229,4,,2023-06-09 12:54:59,2023-06
2929,3862,229,801,3,"Excellent service, will ride again.",2023-06-09 12:32:59,2023-06
2930,3865,801,1394,4,Loved the music selection!,2022-05-02 11:25:29,2022-05
2931,3866,801,1111,4,"Excellent service, will ride again.",2022-09-17 08:58:27,2022-09
2932,3867,801,210,5,"Quick and efficient, thanks!",2023-12-13 15:44:08,2023-12
2933,3867,210,801,4,,2023-12-13 17:56:08,2023-12
2934,3872,801,1210,4,,2022-04-26 07:26:08,2022-04
2935,3874,801,506,3,Average experience.,2022-04-17 18:09:07,2022-04
2936,3875,801,224,3,,2022-05-26 11:16:54,2022-05
2937,3879,801,601,3,Trip was okay.,2024-01-09 06:43:29,2024-01
2938,3880,801,1507,5,Super friendly and helpful.,2023-05-30 20:00:16,2023-05
2939,3880,1507,801,4,Very clean car.,2023-05-30 19:59:16,2023-05
2940,3886,1088,801,2,"Excellent service, will ride again.",2023-07-14 08:10:07,2023-07
2941,3887,801,1371,5,,2022-06-26 09:50:20,2022-06
2942,3887,1371,801,4,Very clean car.,2022-06-26 10:54:20,2022-06
2943,3888,801,1336,4,"Great rider, very polite.",2023-11-21 07:36:16,2023-11
2944,3888,1336,801,3,"Great driver, very professional!",2023-11-21 09:15:16,2023-11
2945,3889,801,293,4,Loved the music selection!,2022-04-19 10:39:18,2022-04
2946,3889,293,801,3,"Smooth ride, on time.",2022-04-19 10:42:18,2022-04
2947,3891,324,801,5,,2023-07-21 02:07:38,2023-07
2948,3893,801,1081,4,,2023-08-03 08:16:48,2023-08
2949,3894,801,31,5,"Perfect trip, no issues.",2023-01-26 17:20:45,2023-01
2950,3895,1999,801,4,"Excellent service, will ride again.",2022-09-24 20:38:09,2022-09
2951,3896,801,1301,4,,2022-02-15 10:49:28,2022-02
2952,3898,801,1403,4,"Perfect trip, no issues.",2023-04-25 11:25:05,2023-04
2953,3898,1403,801,3,Very clean car.,2023-04-25 11:33:05,2023-04
2954,3901,801,318,4,,2023-04-09 20:14:30,2023-04
2955,3902,1509,801,5,"Excellent service, will ride again.",2022-11-21 17:05:39,2022-11
2956,3903,801,1397,2,Not very clean.,2022-04-24 22:27:56,2022-04
2957,3904,801,878,3,Average experience.,2023-01-28 23:55:28,2023-01
2958,3905,801,1702,3,,2023-07-22 12:18:31,2023-07
2959,3905,1702,801,3,Very clean car.,2023-07-22 11:00:31,2023-07
2960,3906,801,52,5,,2023-05-03 03:07:36,2023-05
2961,3908,801,748,4,,2022-02-23 09:12:26,2022-02
2962,3910,801,477,4,,2022-06-09 01:37:03,2022-06
2963,3911,801,1227,4,"Smooth ride, on time.",2023-12-03 16:33:15,2023-12
2964,3911,1227,801,3,"Smooth ride, on time.",2023-12-03 16:26:15,2023-12
2965,3912,801,1569,4,,2022-05-09 17:32:23,2022-05
2966,3913,801,434,4,Loved the music selection!,2022-05-29 12:35:47,2022-05
2967,3915,801,825,3,Nothing to complain about.,2024-06-17 13:49:45,2024-06
2968,3915,825,801,4,Very clean car.,2024-06-17 15:13:45,2024-06
2969,3918,801,1450,4,,2023-09-19 05:33:16,2023-09
2970,3919,801,458,4,Very courteous driver.,2024-05-10 23:14:34,2024-05
2971,3920,801,748,3,,2023-05-19 11:20:52,2023-05
2972,3924,801,44,4,"Perfect trip, no issues.",2023-08-31 04:39:42,2023-08
2973,3924,44,801,3,,2023-08-31 05:12:42,2023-08
2974,3925,801,293,5,,2023-06-30 21:29:04,2023-06
2975,3926,801,1991,3,Acceptable ride.,2023-10-17 22:51:01,2023-10
2976,3929,1727,856,2,"Smooth ride, on time.",2022-05-04 18:22:24,2022-05
2977,3931,856,1310,3,Decent experience.,2024-05-11 12:58:10,2024-05
2978,3932,856,1355,4,,2023-09-13 07:52:13,2023-09
2979,3937,856,1141,3,,2023-05-10 09:01:27,2023-05
2980,3938,44,856,4,Super friendly and helpful.,2023-12-07 03:43:03,2023-12
2981,3940,856,506,3,Got there safely.,2023-09-15 07:11:00,2023-09
2982,3941,856,1196,2,,2023-05-30 04:06:16,2023-05
2983,3944,433,856,3,"Great driver, very professional!",2023-08-16 16:12:09,2023-08
2984,3946,856,162,4,,2022-03-22 13:41:33,2022-03
2985,3946,162,856,1,"Great driver, very professional!",2022-03-22 14:48:33,2022-03
2986,3947,856,1088,4,Super friendly and helpful.,2022-06-06 23:35:03,2022-06
2987,3950,856,1532,3,Acceptable ride.,2022-08-25 14:43:56,2022-08
2988,3951,856,1041,4,,2022-05-20 17:10:27,2022-05
2989,3951,1041,856,2,"Smooth ride, on time.",2022-05-20 17:47:27,2022-05
2990,3954,1019,97,3,Trip was okay.,2023-05-13 15:26:17,2023-05
2991,3957,1019,472,2,,2024-05-25 16:15:08,2024-05
2992,3959,1019,89,3,Decent experience.,2022-05-17 22:47:00,2022-05
2993,3960,1019,1403,4,,2022-05-23 03:28:39,2022-05
2994,3960,1403,1019,2,Super friendly and helpful.,2022-05-23 04:39:39,2022-05
2995,3963,1019,1302,4,"5 stars, highly recommend!",2023-10-09 09:45:12,2023-10
2996,3965,1019,1736,4,Loved the music selection!,2023-08-08 07:02:10,2023-08
2997,3965,1736,1019,3,,2023-08-08 08:30:10,2023-08
2998,3967,1019,1781,3,Average experience.,2023-09-30 09:24:41,2023-09
2999,3973,323,1144,3,Very clean car.,2022-10-14 01:44:15,2022-10
3000,3975,194,1144,3,"Excellent service, will ride again.",2023-06-21 11:20:00,2023-06
3001,3978,947,1144,2,Super friendly and helpful.,2022-09-01 15:09:16,2022-09
3002,3981,1986,549,4,Very courteous driver.,2023-08-12 13:00:25,2023-08
3003,3982,1986,1355,4,"5 stars, highly recommend!",2023-07-20 08:29:15,2023-07
3004,3984,1987,1986,3,"Excellent service, will ride again.",2023-11-04 23:27:02,2023-11
3005,3985,1986,1084,3,,2023-04-16 05:36:28,2023-04
3006,3985,1084,1986,3,"Excellent service, will ride again.",2023-04-16 06:00:28,2023-04
3007,3987,1986,146,4,"5 stars, highly recommend!",2023-11-06 03:10:35,2023-11
3008,3989,1986,433,5,,2023-12-26 03:27:11,2023-12
3009,3990,1986,1104,4,"Easy pickup, no problems.",2023-04-10 19:12:59,2023-04
3010,3991,5,1986,3,,2022-12-11 14:43:30,2022-12
3011,3992,230,1986,4,"Smooth ride, on time.",2022-08-24 01:01:37,2022-08
3012,3993,1986,351,5,,2022-04-09 04:19:39,2022-04
3013,3994,1986,1371,5,,2023-08-29 14:25:32,2023-08
3014,3995,1986,1564,5,Very courteous driver.,2024-06-06 21:55:00,2024-06
3015,3995,1564,1986,2,"Smooth ride, on time.",2024-06-06 21:28:00,2024-06
3016,3998,1986,1700,5,,2022-08-05 13:29:49,2022-08
3017,3998,1700,1986,3,Super friendly and helpful.,2022-08-05 14:03:49,2022-08
3018,4002,1986,118,3,"OK trip, nothing special.",2022-05-01 01:39:59,2022-05
3019,4003,1986,394,4,,2023-08-22 03:02:51,2023-08
3020,4005,1986,1430,5,,2022-05-17 02:46:04,2022-05
3021,4005,1430,1986,3,Super friendly and helpful.,2022-05-17 03:30:04,2022-05
3022,4008,708,1494,3,,2022-07-22 12:04:13,2022-07
3023,4010,708,1040,4,,2023-11-14 07:46:50,2023-11
3024,4010,1040,708,3,"Great driver, very professional!",2023-11-14 07:57:50,2023-11
3025,4011,393,708,4,"Great driver, very professional!",2022-08-09 00:41:17,2022-08
3026,4018,708,867,5,,2022-02-12 20:49:48,2022-02
3027,4018,867,708,3,"Smooth ride, on time.",2022-02-12 20:12:48,2022-02
3028,4019,708,1427,4,,2022-03-20 20:19:47,2022-03
3029,4020,708,742,4,,2024-02-18 04:22:55,2024-02
3030,4022,708,1608,3,Got there safely.,2023-01-10 22:06:36,2023-01
3031,4023,708,693,3,Decent experience.,2023-04-02 02:07:54,2023-04
3032,4023,693,708,3,,2023-04-02 01:48:54,2023-04
3033,4024,708,1091,4,,2022-12-28 03:44:43,2022-12
3034,4025,708,1826,3,,2023-08-31 12:29:55,2023-08
3035,4025,1826,708,4,Super friendly and helpful.,2023-08-31 15:03:55,2023-08
3036,4026,708,136,3,Nothing to complain about.,2022-06-03 15:22:44,2022-06
3037,4026,136,708,3,"Excellent service, will ride again.",2022-06-03 16:14:44,2022-06
3038,4028,708,335,4,,2022-07-04 21:08:40,2022-07
3039,4028,335,708,2,"Great driver, very professional!",2022-07-04 20:41:40,2022-07
3040,4030,708,1968,5,,2024-06-27 06:33:06,2024-06
3041,4031,708,117,3,,2023-07-25 09:38:24,2023-07
3042,4032,1204,1104,3,"OK trip, nothing special.",2022-02-23 01:28:04,2022-02
3043,4034,1905,118,4,,2023-03-04 22:15:43,2023-03
3044,4034,118,1905,4,"Excellent service, will ride again.",2023-03-04 22:15:43,2023-03
3045,4038,1905,1248,3,,2022-06-07 11:16:36,2022-06
3046,4040,776,340,4,Very clean car.,2023-07-19 04:22:33,2023-07
3047,4041,340,436,4,,2023-09-27 22:42:29,2023-09
3048,4041,436,340,4,,2023-09-27 23:01:29,2023-09
3049,4043,693,340,3,"Smooth ride, on time.",2022-04-10 23:53:12,2022-04
3050,4044,340,645,5,Super friendly and helpful.,2023-12-23 23:36:44,2023-12
3051,4044,645,340,3,"Smooth ride, on time.",2023-12-24 00:34:44,2023-12
3052,4045,1331,340,2,,2022-09-21 11:11:52,2022-09
3053,4046,340,726,5,"Easy pickup, no problems.",2022-08-16 19:11:58,2022-08
3054,4047,1054,748,5,Very comfortable ride.,2022-07-07 16:20:20,2022-07
3055,4048,1054,485,4,,2024-01-05 03:20:48,2024-01
3056,4048,485,1054,3,Super friendly and helpful.,2024-01-05 02:04:48,2024-01
3057,4049,1054,323,3,,2022-06-11 00:06:51,2022-06
3058,4050,1054,920,3,,2022-07-03 23:41:48,2022-07
3059,4051,1054,452,4,"Perfect trip, no issues.",2023-12-31 15:02:44,2023-12
3060,4051,452,1054,5,Super friendly and helpful.,2023-12-31 16:05:44,2023-12
3061,4052,1054,1081,3,,2024-04-24 18:52:34,2024-04
3062,4054,1054,1794,4,,2023-08-24 07:07:00,2023-08
3063,4058,1947,1054,5,Super friendly and helpful.,2024-01-09 20:16:58,2024-01
3064,4060,1054,327,4,Car was spotless.,2023-07-05 23:14:37,2023-07
3065,4061,15,1054,4,,2023-06-12 19:48:34,2023-06
3066,4062,1054,1544,4,,2022-03-03 11:56:06,2022-03
3067,4063,593,1054,3,"Smooth ride, on time.",2022-03-14 22:33:06,2022-03
3068,4064,1054,1826,3,"OK trip, nothing special.",2024-06-14 06:44:07,2024-06
3069,4064,1826,1054,4,Super friendly and helpful.,2024-06-14 07:27:07,2024-06
3070,4069,1054,1477,5,,2022-08-30 02:59:46,2022-08
3071,4070,1054,5,4,,2023-09-26 11:20:04,2023-09
3072,4070,5,1054,2,Very clean car.,2023-09-26 13:19:04,2023-09
3073,4071,1054,508,3,Got there safely.,2023-01-27 15:06:51,2023-01
3074,4072,1054,1684,3,Nothing to complain about.,2022-01-16 02:34:25,2022-01
3075,4072,1684,1054,4,"Smooth ride, on time.",2022-01-16 03:00:25,2022-01
3076,4074,1054,1894,2,Driver was late.,2022-02-27 00:41:45,2022-02
3077,4074,1894,1054,5,Very clean car.,2022-02-27 03:22:45,2022-02
3078,4076,1054,997,3,Nothing to complain about.,2022-07-27 16:39:02,2022-07
3079,4077,1054,258,5,,2022-01-11 03:53:54,2022-01
3080,4077,258,1054,2,"Smooth ride, on time.",2022-01-11 06:06:54,2022-01
3081,4081,1054,201,4,Fast and safe driver.,2023-06-12 13:04:04,2023-06
3082,4084,1054,908,3,Got there safely.,2022-06-19 01:08:05,2022-06
3083,4084,908,1054,5,"Great driver, very professional!",2022-06-19 01:32:05,2022-06
3084,4087,1054,1955,4,,2024-06-19 09:31:42,2024-06
3085,4088,1965,1054,5,"Excellent service, will ride again.",2022-09-16 05:34:50,2022-09
3086,4089,1054,187,4,Fast and safe driver.,2022-07-01 14:13:38,2022-07
3087,4089,187,1054,3,Super friendly and helpful.,2022-07-01 14:28:38,2022-07
3088,4090,1054,1947,4,"Smooth ride, on time.",2024-01-04 16:21:43,2024-01
3089,4091,1054,1993,4,,2023-01-28 15:43:45,2023-01
3090,4092,1030,1377,5,"Great driver, very professional!",2024-05-30 05:07:56,2024-05
3091,4093,1111,1377,3,Very clean car.,2022-12-11 21:56:39,2022-12
3092,4094,1377,1243,5,,2024-04-18 11:43:19,2024-04
3093,4094,1243,1377,3,,2024-04-18 11:23:19,2024-04
3094,4097,175,1532,4,,2022-06-02 23:42:59,2022-06
3095,4098,777,175,4,,2024-03-31 08:03:26,2024-03
3096,4099,175,210,3,Got there safely.,2023-06-12 00:59:12,2023-06
3097,4101,175,1826,3,,2023-09-06 13:31:07,2023-09
3098,4102,175,891,5,"Excellent service, will ride again.",2022-12-09 17:53:08,2022-12
3099,4102,891,175,2,,2022-12-09 17:12:08,2022-12
3100,4103,175,1894,2,,2023-11-07 13:42:54,2023-11
3101,4105,175,1975,4,,2022-08-19 03:59:57,2022-08
3102,4105,1975,175,4,,2022-08-19 04:32:57,2022-08
3103,4108,175,549,5,Very comfortable ride.,2023-04-08 08:50:48,2023-04
3104,4108,549,175,3,"Excellent service, will ride again.",2023-04-08 10:30:48,2023-04
3105,4109,286,175,2,Super friendly and helpful.,2023-06-15 15:18:54,2023-06
3106,4110,175,506,3,,2022-01-21 01:01:58,2022-01
3107,4111,175,782,5,,2022-01-26 16:22:13,2022-01
3108,4112,175,121,5,,2023-12-03 07:42:51,2023-12
3109,4115,1266,132,4,,2023-06-01 04:54:01,2023-06
3110,4115,132,1266,3,Super friendly and helpful.,2023-06-01 04:40:01,2023-06
3111,4118,1266,748,4,"Great driver, very professional!",2022-12-09 16:42:22,2022-12
3112,4120,1266,1343,4,,2023-07-08 14:37:29,2023-07
3113,4122,1266,1111,4,"5 stars, highly recommend!",2024-06-06 05:12:51,2024-06
3114,4125,1266,601,3,,2024-03-25 10:41:07,2024-03
3115,4128,643,1266,4,Super friendly and helpful.,2022-12-14 03:57:02,2022-12
3116,4132,1266,1474,3,Decent experience.,2022-04-17 17:50:58,2022-04
3117,4134,1266,1495,5,Fast and safe driver.,2024-01-31 07:52:21,2024-01
3118,4135,1266,1564,5,Fast and safe driver.,2022-01-18 14:13:06,2022-01
3119,4136,662,1397,3,Got there safely.,2022-06-01 13:31:42,2022-06
3120,4138,662,1117,3,Trip was okay.,2022-03-19 23:09:41,2022-03
3121,4139,662,1450,5,,2022-06-07 09:32:29,2022-06
3122,4140,662,1497,4,Very comfortable ride.,2023-03-15 02:22:26,2023-03
3123,4141,662,1450,3,Nothing to complain about.,2024-06-27 15:43:27,2024-06
3124,4143,662,549,5,,2024-05-06 09:48:58,2024-05
3125,4143,549,662,4,"Great driver, very professional!",2024-05-06 10:55:58,2024-05
3126,4144,1713,662,2,"Excellent service, will ride again.",2023-06-10 20:23:28,2023-06
3127,4147,662,323,5,,2024-03-22 06:10:46,2024-03
3128,4148,662,1605,5,,2022-12-27 08:02:01,2022-12
3129,4148,1605,662,4,"Great driver, very professional!",2022-12-27 08:39:01,2022-12
3130,4150,662,1104,4,,2023-01-28 10:47:59,2023-01
3131,4150,1104,662,4,"Great driver, very professional!",2023-01-28 10:54:59,2023-01
3132,4153,539,662,3,"Excellent service, will ride again.",2022-12-06 22:42:37,2022-12
3133,4155,662,1427,4,"5 stars, highly recommend!",2023-12-02 06:05:22,2023-12
3134,4156,662,199,5,Super friendly and helpful.,2023-08-21 21:55:18,2023-08
3135,4159,662,539,4,"Great driver, very professional!",2023-10-03 15:50:31,2023-10
3136,4160,662,52,5,,2022-11-06 20:41:42,2022-11
3137,4161,662,898,4,,2022-03-04 05:54:46,2022-03
3138,4162,662,118,4,Fast and safe driver.,2023-04-25 17:13:45,2023-04
3139,4163,662,1526,3,Trip was okay.,2022-08-06 00:44:57,2022-08
3140,4164,662,66,3,Got there safely.,2023-12-06 21:52:20,2023-12
3141,4165,662,929,3,Nothing to complain about.,2023-12-15 22:30:13,2023-12
3142,4168,662,969,3,Trip was okay.,2024-04-07 16:45:02,2024-04
3143,4168,969,662,4,,2024-04-07 17:39:02,2024-04
3144,4170,662,1608,4,,2024-06-18 23:03:23,2024-06
3145,4171,662,293,5,"Great driver, very professional!",2022-11-02 04:17:32,2022-11
3146,4172,662,1311,4,"Easy pickup, no problems.",2023-09-17 01:02:24,2023-09
3147,4173,662,1739,4,,2023-12-30 09:42:23,2023-12
3148,4173,1739,662,4,Very clean car.,2023-12-30 09:02:23,2023-12
3149,4174,662,766,4,"Great driver, very professional!",2024-03-15 11:52:50,2024-03
3150,4175,662,919,4,"5 stars, highly recommend!",2023-04-18 12:44:06,2023-04
3151,4176,662,97,4,"Excellent service, will ride again.",2022-06-30 18:50:48,2022-06
3152,4177,662,608,3,"OK trip, nothing special.",2022-08-16 12:37:12,2022-08
3153,4177,608,662,4,Super friendly and helpful.,2022-08-16 11:56:12,2022-08
3154,4178,662,1569,2,Car smelled bad.,2024-04-07 21:36:57,2024-04
3155,4179,662,947,4,,2023-11-18 12:14:35,2023-11
3156,4183,1782,331,4,,2022-02-05 03:13:07,2022-02
3157,4184,739,335,3,,2022-12-12 23:14:10,2022-12
3158,4184,335,739,2,"Great driver, very professional!",2022-12-12 22:59:10,2022-12
3159,4186,739,867,5,"Great rider, very polite.",2023-10-22 20:23:41,2023-10
3160,4186,867,739,3,"Great driver, very professional!",2023-10-22 20:15:41,2023-10
3161,4188,739,5,5,,2022-10-31 17:08:50,2022-10
3162,4189,1264,1437,3,,2022-11-10 14:51:35,2022-11
3163,4189,1437,1264,3,,2022-11-10 16:53:35,2022-11
3164,4192,1264,742,4,Very comfortable ride.,2022-01-26 01:14:16,2022-01
3165,4194,1163,549,5,,2023-10-21 02:16:23,2023-10
3166,4194,549,1163,3,,2023-10-21 01:38:23,2023-10
3167,4196,146,1163,4,"Excellent service, will ride again.",2024-06-12 19:23:58,2024-06
3168,4198,1163,1343,5,"Perfect trip, no issues.",2022-10-07 10:46:09,2022-10
3169,4198,1343,1163,3,"Smooth ride, on time.",2022-10-07 13:23:09,2022-10
3170,4199,1163,1011,3,Acceptable ride.,2022-11-05 08:30:16,2022-11
3171,4199,1011,1163,3,,2022-11-05 09:21:16,2022-11
3172,4204,1163,389,3,,2023-01-13 08:28:35,2023-01
3173,4205,1163,645,5,"Smooth ride, on time.",2022-02-01 12:22:33,2022-02
3174,4206,1163,408,2,Car smelled bad.,2023-12-31 03:26:59,2023-12
3175,4210,1163,515,3,,2022-02-16 01:15:41,2022-02
3176,4211,1163,1562,4,,2024-05-17 00:02:55,2024-05
3177,4212,1163,825,3,,2024-05-05 15:21:34,2024-05
3178,4212,825,1163,4,"Great driver, very professional!",2024-05-05 17:56:34,2024-05
3179,4213,1163,434,5,Fast and safe driver.,2023-06-27 18:09:46,2023-06
3180,4213,434,1163,4,Super friendly and helpful.,2023-06-27 18:06:46,2023-06
3181,4215,1163,1841,4,,2023-02-11 06:35:36,2023-02
3182,4216,1163,800,4,,2023-08-19 05:26:11,2023-08
3183,4217,1163,1562,4,,2023-11-07 03:03:16,2023-11
3184,4218,1437,1163,4,"Excellent service, will ride again.",2023-03-23 10:56:16,2023-03
3185,4220,1163,1984,4,"Quick and efficient, thanks!",2023-07-19 14:37:58,2023-07
3186,4220,1984,1163,3,"Great driver, very professional!",2023-07-19 13:13:58,2023-07
3187,4223,1163,121,3,,2023-07-01 09:32:21,2023-07
3188,4224,1163,1104,4,,2022-02-21 19:45:54,2022-02
3189,4226,1163,630,1,Driver was late.,2024-01-10 01:15:23,2024-01
3190,4226,630,1163,3,"Excellent service, will ride again.",2024-01-10 02:01:23,2024-01
3191,4227,1163,1653,4,,2023-07-23 06:20:15,2023-07
3192,4229,1163,866,3,,2023-11-14 04:34:04,2023-11
3193,4234,730,1170,4,"Excellent service, will ride again.",2023-01-23 18:51:50,2023-01
3194,4235,730,446,4,,2023-02-27 01:23:36,2023-02
3195,4236,730,1794,4,Very comfortable ride.,2023-07-20 05:42:10,2023-07
3196,4238,1812,730,2,"Smooth ride, on time.",2023-09-23 06:52:20,2023-09
3197,4240,730,1302,4,Very clean car.,2023-03-08 19:58:54,2023-03
3198,4240,1302,730,2,"Great driver, very professional!",2023-03-08 21:30:54,2023-03
3199,4241,730,190,4,"Great driver, very professional!",2023-05-03 22:38:49,2023-05
3200,4243,730,1558,2,,2022-03-16 11:30:28,2022-03
3201,4245,1187,730,3,Very clean car.,2022-09-25 21:52:06,2022-09
3202,4246,730,1198,4,Car was spotless.,2023-10-08 11:35:44,2023-10
3203,4246,1198,730,4,"Smooth ride, on time.",2023-10-08 12:13:44,2023-10
3204,4247,730,1933,3,,2022-06-25 17:48:46,2022-06
3205,4249,730,1509,4,"Quick and efficient, thanks!",2022-03-31 04:38:37,2022-03
3206,4250,917,765,4,,2023-08-04 17:58:34,2023-08
3207,4250,765,917,3,"Smooth ride, on time.",2023-08-04 19:02:34,2023-08
3208,4251,1910,1139,4,"Quick and efficient, thanks!",2024-01-21 06:40:39,2024-01
3209,4252,1910,235,4,,2023-01-01 09:52:59,2023-01
3210,4253,1910,1956,5,"5 stars, highly recommend!",2022-07-06 01:20:25,2022-07
3211,4253,1956,1910,2,"Excellent service, will ride again.",2022-07-06 03:09:25,2022-07
3212,4254,1910,571,5,,2022-11-24 21:09:11,2022-11
3213,4255,1910,1509,5,"Excellent service, will ride again.",2023-09-30 04:57:29,2023-09
3214,4255,1509,1910,4,Super friendly and helpful.,2023-09-30 07:11:29,2023-09
3215,4256,1910,1386,5,,2023-09-25 23:16:01,2023-09
3216,4258,1910,187,5,,2024-01-04 12:00:54,2024-01
3217,4260,1910,643,5,,2023-08-25 13:33:49,2023-08
3218,4263,1910,728,4,"Great driver, very professional!",2022-07-03 12:59:43,2022-07
3219,4263,728,1910,2,"Great driver, very professional!",2022-07-03 13:48:43,2022-07
3220,4266,1910,1081,4,,2024-03-20 00:27:21,2024-03
3221,4267,1910,1590,3,,2024-05-08 14:11:23,2024-05
3222,4267,1590,1910,4,"Excellent service, will ride again.",2024-05-08 14:39:23,2024-05
3223,4268,1910,248,5,,2023-11-03 08:27:20,2023-11
3224,4268,248,1910,5,Super friendly and helpful.,2023-11-03 07:45:20,2023-11
3225,4271,162,1910,3,Very clean car.,2023-09-05 18:40:05,2023-09
3226,4273,1910,1355,5,Very courteous driver.,2023-08-07 19:50:33,2023-08
3227,4277,784,920,3,Fine driver.,2023-05-06 01:00:06,2023-05
3228,4279,784,1183,4,"5 stars, highly recommend!",2023-09-12 15:13:14,2023-09
3229,4280,258,784,4,Super friendly and helpful.,2022-11-26 03:16:38,2022-11
3230,4281,784,1507,5,"Great driver, very professional!",2023-12-12 09:47:21,2023-12
3231,4281,1507,784,4,"Great driver, very professional!",2023-12-12 11:35:21,2023-12
3232,4282,784,1091,5,,2023-08-14 09:22:52,2023-08
3233,4282,1091,784,4,Very clean car.,2023-08-14 11:49:52,2023-08
3234,4284,1248,784,3,Super friendly and helpful.,2023-10-15 11:03:10,2023-10
3235,4285,784,488,3,Average experience.,2022-08-17 13:36:53,2022-08
3236,4285,488,784,3,"Smooth ride, on time.",2022-08-17 14:58:53,2022-08
3237,4287,784,1380,5,"Perfect trip, no issues.",2023-06-20 18:59:20,2023-06
3238,4289,283,485,4,"Excellent service, will ride again.",2022-01-02 09:27:27,2022-01
3239,4289,485,283,4,Super friendly and helpful.,2022-01-02 09:57:27,2022-01
3240,4290,283,1135,5,,2024-01-31 23:18:20,2024-01
3241,4291,283,1131,4,Very courteous driver.,2022-03-23 12:57:05,2022-03
3242,4292,1574,283,4,"Great driver, very professional!",2022-10-31 11:48:09,2022-10
3243,4293,1403,283,3,Very clean car.,2024-04-12 22:07:38,2024-04
3244,4294,1858,376,4,,2023-11-16 17:07:23,2023-11
3245,4295,1513,664,3,,2022-08-23 10:25:47,2022-08
3246,4296,1513,995,4,,2022-07-06 08:17:06,2022-07
3247,4296,995,1513,4,Super friendly and helpful.,2022-07-06 08:46:06,2022-07
3248,4297,1356,106,3,,2023-05-02 20:30:48,2023-05
3249,4298,106,446,5,,2022-12-04 01:19:08,2022-12
3250,4299,609,1105,5,,2023-05-04 21:05:43,2023-05
3251,4299,1105,609,3,"Smooth ride, on time.",2023-05-04 22:44:43,2023-05
3252,4301,609,1181,4,,2022-11-05 23:59:04,2022-11
3253,4302,609,996,4,,2023-05-15 18:17:27,2023-05
3254,4303,609,811,3,Fine driver.,2022-02-15 06:43:17,2022-02
3255,4304,609,1091,5,Loved the music selection!,2023-09-14 06:45:32,2023-09
3256,4304,1091,609,3,"Great driver, very professional!",2023-09-14 07:06:32,2023-09
3257,4305,609,1170,2,,2022-03-04 11:05:52,2022-03
3258,4307,609,1948,4,Very clean car.,2024-03-30 04:38:00,2024-03
3259,4309,609,612,4,Fast and safe driver.,2022-02-19 14:26:45,2022-02
3260,4310,609,192,5,"Great rider, very polite.",2023-05-24 23:04:18,2023-05
3261,4315,1384,1331,5,"Great rider, very polite.",2023-04-09 03:51:04,2023-04
3262,4316,1384,1041,3,,2024-05-14 05:38:48,2024-05
3263,4317,1384,1999,3,,2022-11-04 17:43:28,2022-11
3264,4318,1384,162,4,,2022-04-19 11:13:09,2022-04
3265,4321,297,1183,5,"Great rider, very polite.",2023-01-01 02:18:21,2023-01
3266,4322,297,1752,4,Very comfortable ride.,2023-11-16 08:49:37,2023-11
3267,4323,297,570,4,Super friendly and helpful.,2024-03-15 02:16:14,2024-03
3268,4324,1083,1775,5,,2022-05-07 08:39:24,2022-05
3269,4325,249,1993,2,Had trouble finding the pickup spot.,2023-07-01 20:35:01,2023-07
3270,4326,249,811,3,Nothing to complain about.,2023-11-18 06:10:31,2023-11
3271,4330,1629,986,5,,2022-11-26 05:17:06,2022-11
3272,4331,1629,1995,3,,2024-03-29 10:32:27,2024-03
3273,4332,1629,1286,3,Nothing to complain about.,2023-10-15 02:29:18,2023-10
3274,4333,1629,146,4,,2022-08-02 03:00:30,2022-08
3275,4333,146,1629,4,,2022-08-02 03:25:30,2022-08
3276,4334,1629,697,5,Car was spotless.,2022-05-28 00:22:35,2022-05
3277,4335,1629,1477,3,Average experience.,2022-04-19 17:01:44,2022-04
3278,4336,1629,201,4,,2023-01-10 09:02:42,2023-01
3279,4336,201,1629,3,Very clean car.,2023-01-10 09:49:42,2023-01
3280,4339,1629,506,4,Super friendly and helpful.,2023-07-26 13:12:12,2023-07
3281,4341,1629,697,3,,2022-09-13 20:53:49,2022-09
3282,4342,1629,1724,5,"Quick and efficient, thanks!",2023-10-24 03:39:58,2023-10
3283,4343,1629,647,3,,2023-03-23 04:12:50,2023-03
3284,4344,1629,643,4,"Great rider, very polite.",2022-12-22 19:10:45,2022-12
3285,4345,200,1956,3,Decent experience.,2022-10-16 12:06:50,2022-10
3286,4346,498,200,4,"Great driver, very professional!",2022-12-19 01:28:30,2022-12
3287,4347,200,1336,3,,2023-04-23 11:53:50,2023-04
3288,4350,590,1562,5,,2024-03-26 18:36:55,2024-03
3289,4352,1995,505,3,,2024-01-07 10:04:12,2024-01
3290,4353,1571,132,4,,2024-06-20 22:22:05,2024-06
3291,4354,1571,230,3,Acceptable ride.,2022-12-15 06:44:31,2022-12
3292,4355,1571,1380,5,"Easy pickup, no problems.",2024-01-18 21:53:39,2024-01
3293,4356,1571,1328,4,"5 stars, highly recommend!",2023-12-10 03:46:49,2023-12
3294,4358,1571,866,3,Decent experience.,2023-09-01 17:22:34,2023-09
3295,4358,866,1571,3,Very clean car.,2023-09-01 17:58:34,2023-09
3296,4359,286,1571,4,Very clean car.,2023-05-16 02:37:14,2023-05
3297,4361,288,1571,3,,2023-06-16 02:27:59,2023-06
3298,4362,136,1571,4,Very clean car.,2022-07-17 06:44:32,2022-07
3299,4364,1571,132,3,,2023-11-24 23:14:20,2023-11
3300,4368,2,1571,4,,2022-03-01 04:28:50,2022-03
3301,4370,1571,1210,3,Average experience.,2022-05-21 15:44:41,2022-05
3302,4371,1571,571,4,,2022-01-28 18:06:51,2022-01
3303,4374,1571,142,5,Very clean car.,2024-01-30 18:34:10,2024-01
3304,4375,1713,1571,4,,2024-05-30 12:55:19,2024-05
3305,4379,1571,66,5,,2023-06-25 03:54:40,2023-06
3306,4382,1571,1011,3,Decent experience.,2024-05-26 01:07:16,2024-05
3307,4384,1571,664,4,"Easy pickup, no problems.",2024-02-26 03:47:58,2024-02
3308,4384,664,1571,4,,2024-02-26 03:05:58,2024-02
3309,4385,1571,1947,4,Car was spotless.,2022-10-10 08:34:55,2022-10
3310,4386,1571,996,3,,2024-05-11 21:40:21,2024-05
3311,4387,665,1571,3,,2022-10-27 20:17:43,2022-10
3312,4388,1571,996,3,,2022-01-22 18:36:55,2022-01
3313,4388,996,1571,3,Super friendly and helpful.,2022-01-22 18:48:55,2022-01
3314,4389,1571,818,2,,2024-05-08 14:53:07,2024-05
3315,4390,1571,612,4,Very courteous driver.,2023-12-24 13:51:12,2023-12
3316,4391,1571,1288,3,,2022-03-13 23:30:11,2022-03
3317,4394,1571,1040,4,"Perfect trip, no issues.",2023-11-14 13:22:01,2023-11
3318,4395,1571,564,4,,2024-02-07 20:10:08,2024-02
3319,4397,1571,1386,4,,2023-07-31 04:55:33,2023-07
3320,4399,24,1571,4,Very clean car.,2022-11-05 00:02:56,2022-11
3321,4401,1571,1117,4,,2023-10-27 05:16:25,2023-10
3322,4401,1117,1571,3,"Smooth ride, on time.",2023-10-27 06:37:25,2023-10
3323,4403,1571,553,3,Trip was okay.,2022-10-17 15:56:45,2022-10
3324,4403,553,1571,4,"Excellent service, will ride again.",2022-10-17 14:56:45,2022-10
3325,4404,1237,1571,3,"Great driver, very professional!",2022-10-12 10:05:58,2022-10
3326,4406,1571,789,4,,2022-12-15 03:02:38,2022-12
3327,4406,789,1571,4,Super friendly and helpful.,2022-12-15 02:28:38,2022-12
3328,4408,1571,779,2,Had trouble finding the pickup spot.,2023-06-12 06:21:08,2023-06
3329,4408,779,1571,2,Very clean car.,2023-06-12 04:53:08,2023-06
3330,4410,1571,319,4,"Quick and efficient, thanks!",2022-06-20 03:02:17,2022-06
3331,4411,1571,1741,4,,2023-09-25 17:16:35,2023-09
3332,4411,1741,1571,4,,2023-09-25 17:28:35,2023-09
3333,4412,104,1571,3,Very clean car.,2024-05-15 18:46:14,2024-05
3334,4414,1571,1011,3,Trip was okay.,2023-07-10 04:58:12,2023-07
3335,4416,1955,1571,4,"Great driver, very professional!",2022-12-26 20:10:48,2022-12
3336,4418,1571,647,4,,2023-07-16 02:28:25,2023-07
3337,4419,1571,748,4,,2023-08-15 04:38:55,2023-08
3338,4419,748,1571,3,Very clean car.,2023-08-15 03:44:55,2023-08
3339,4423,1571,467,3,Trip was okay.,2022-08-07 04:04:12,2022-08
3340,4424,1571,1413,4,Fast and safe driver.,2024-04-28 21:14:54,2024-04
3341,4425,1571,118,5,,2023-03-12 21:50:37,2023-03
3342,4425,118,1571,4,"Smooth ride, on time.",2023-03-12 21:08:37,2023-03
3343,4427,1571,1437,5,,2024-02-22 05:27:19,2024-02
3344,4428,1571,630,4,"Excellent service, will ride again.",2023-01-31 18:45:45,2023-01
3345,4432,1571,1413,4,Very comfortable ride.,2022-04-03 10:31:33,2022-04
3346,4434,1571,1995,4,,2023-06-08 05:59:22,2023-06
3347,4436,1571,131,4,Super friendly and helpful.,2023-05-12 11:19:38,2023-05
3348,4437,1571,1590,3,,2022-09-26 01:25:33,2022-09
3349,4437,1590,1571,4,"Great driver, very professional!",2022-09-26 00:53:33,2022-09
3350,4439,1571,1397,3,Fine driver.,2023-09-13 13:24:26,2023-09
3351,4441,1571,1981,4,Very courteous driver.,2022-08-16 16:02:18,2022-08
3352,4444,999,1324,3,,2023-07-25 21:05:44,2023-07
3353,4445,1135,1792,4,Very clean car.,2023-11-06 23:51:36,2023-11
3354,4447,1792,834,4,,2023-05-11 18:33:27,2023-05
3355,4447,834,1792,1,,2023-05-11 20:26:27,2023-05
3356,4448,1792,1658,4,,2023-10-05 11:50:14,2023-10
3357,4449,1792,947,4,,2023-03-24 18:54:32,2023-03
3358,4450,1792,969,4,,2022-10-26 16:53:31,2022-10
3359,4451,1792,97,4,Super friendly and helpful.,2023-02-23 11:55:59,2023-02
3360,4451,97,1792,4,"Great driver, very professional!",2023-02-23 12:19:59,2023-02
3361,4452,1792,1403,2,Took too long.,2022-02-25 08:37:35,2022-02
3362,4455,1792,351,4,"Great rider, very polite.",2022-01-12 23:01:02,2022-01
3363,4456,1792,898,4,,2022-09-01 08:20:12,2022-09
3364,4456,898,1792,3,Very clean car.,2022-09-01 07:49:12,2022-09
3365,4457,1792,693,3,Got there safely.,2022-05-12 07:27:56,2022-05
3366,4458,1792,1324,5,,2023-12-11 07:57:51,2023-12
3367,4459,1792,147,3,"OK trip, nothing special.",2022-08-29 03:48:45,2022-08
3368,4463,204,1053,3,,2023-04-19 06:50:21,2023-04
3369,4465,204,1574,3,,2023-05-11 19:45:31,2023-05
3370,4466,204,822,3,,2022-02-20 16:20:32,2022-02
3371,4467,204,155,4,,2022-08-15 02:52:47,2022-08
3372,4467,155,204,3,"Smooth ride, on time.",2022-08-15 04:47:47,2022-08
3373,4468,204,1311,4,Loved the music selection!,2024-01-07 07:54:02,2024-01
3374,4469,204,1984,4,,2024-01-20 17:52:54,2024-01
3375,4470,204,132,4,,2022-05-26 05:34:00,2022-05
3376,4470,132,204,3,"Great driver, very professional!",2022-05-26 06:59:00,2022-05
3377,4471,204,1026,4,,2024-03-19 17:19:05,2024-03
3378,4473,204,1956,5,Super friendly and helpful.,2022-08-26 21:04:23,2022-08
3379,4473,1956,204,4,"Excellent service, will ride again.",2022-08-26 21:23:23,2022-08
3380,4475,204,2,4,Very courteous driver.,2022-03-06 11:54:39,2022-03
3381,4476,204,1197,3,"OK trip, nothing special.",2024-02-11 06:05:43,2024-02
3382,4476,1197,204,3,,2024-02-11 06:39:43,2024-02
3383,4477,1141,204,2,Very clean car.,2022-01-06 21:44:02,2022-01
3384,4479,204,293,5,"Easy pickup, no problems.",2024-02-10 04:41:52,2024-02
3385,4479,293,204,4,"Excellent service, will ride again.",2024-02-10 05:19:52,2024-02
3386,4480,204,1087,4,"Perfect trip, no issues.",2024-05-03 13:21:57,2024-05
3387,4481,204,539,4,,2023-06-15 03:52:08,2023-06
3388,4483,204,1640,4,,2023-01-04 21:31:02,2023-01
3389,4484,204,1658,3,Decent experience.,2022-05-03 04:22:16,2022-05
3390,4484,1658,204,2,Very clean car.,2022-05-03 06:12:16,2022-05
3391,4485,204,601,4,"Great driver, very professional!",2023-04-09 07:35:17,2023-04
3392,4485,601,204,2,"Smooth ride, on time.",2023-04-09 09:32:17,2023-04
3393,4486,204,920,3,Decent experience.,2022-01-03 01:39:02,2022-01
3394,4487,204,1084,2,Driver was rude.,2022-10-02 08:40:04,2022-10
3395,4488,204,1894,3,Fine driver.,2022-07-30 22:18:45,2022-07
3396,4489,204,969,4,Very courteous driver.,2024-02-27 05:52:37,2024-02
3397,4490,568,748,3,Average experience.,2023-10-04 09:46:55,2023-10
3398,4490,748,568,2,"Smooth ride, on time.",2023-10-04 10:07:55,2023-10
3399,4492,568,1352,5,,2023-11-07 09:29:46,2023-11
3400,4493,187,568,3,Super friendly and helpful.,2022-09-06 15:02:59,2022-09
3401,4494,568,690,4,"Quick and efficient, thanks!",2023-04-24 12:41:47,2023-04
3402,4496,568,1237,5,"Quick and efficient, thanks!",2022-01-11 12:56:19,2022-01
3403,4496,1237,568,3,"Excellent service, will ride again.",2022-01-11 12:47:19,2022-01
3404,4497,568,190,2,Not very clean.,2022-11-08 01:26:44,2022-11
3405,4499,448,568,4,"Smooth ride, on time.",2023-12-05 11:21:51,2023-12
3406,4501,568,1654,3,,2024-03-26 15:02:05,2024-03
3407,4502,1128,1963,3,Super friendly and helpful.,2022-05-25 23:20:58,2022-05
3408,4505,1963,1181,4,"Great rider, very polite.",2022-03-11 23:35:27,2022-03
3409,4506,1410,1963,2,Super friendly and helpful.,2022-11-02 11:10:01,2022-11
3410,4507,1963,1044,5,"5 stars, highly recommend!",2022-04-08 14:26:50,2022-04
3411,4509,959,1963,3,,2022-10-18 03:25:28,2022-10
3412,4512,1410,1963,4,"Great driver, very professional!",2022-12-25 15:13:40,2022-12
3413,4513,1963,136,4,Very clean car.,2023-11-20 16:53:38,2023-11
3414,4513,136,1963,3,"Excellent service, will ride again.",2023-11-20 16:05:38,2023-11
3415,4514,1963,225,4,"Quick and efficient, thanks!",2023-06-10 04:15:08,2023-06
3416,4515,1963,1981,5,,2024-04-27 19:16:53,2024-04
3417,4517,1963,89,3,,2022-12-25 09:12:03,2022-12
3418,4517,89,1963,4,Super friendly and helpful.,2022-12-25 10:24:03,2022-12
3419,4518,1035,1963,4,Super friendly and helpful.,2022-08-24 16:26:16,2022-08
3420,4519,1963,834,4,,2022-10-07 01:51:41,2022-10
3421,4520,1963,477,4,,2023-05-29 23:12:45,2023-05
3422,4521,1963,1450,2,,2022-03-27 17:56:49,2022-03
3423,4525,1963,1221,4,,2023-05-11 21:29:31,2023-05
3424,4526,1963,919,5,,2023-01-24 19:19:35,2023-01
3425,4527,1963,1099,5,"Smooth ride, on time.",2022-04-19 21:27:45,2022-04
3426,4527,1099,1963,4,,2022-04-19 23:59:45,2022-04
3427,4529,1963,1461,4,Loved the music selection!,2023-08-04 12:27:32,2023-08
3428,4529,1461,1963,4,Super friendly and helpful.,2023-08-04 12:06:32,2023-08
3429,4530,1963,726,3,,2022-07-04 10:50:02,2022-07
3430,4531,1963,1956,4,,2023-04-24 03:32:46,2023-04
3431,4532,645,1963,3,"Smooth ride, on time.",2023-05-05 15:30:40,2023-05
3432,4533,1963,1968,5,"Quick and efficient, thanks!",2024-01-16 18:57:34,2024-01
3433,4533,1968,1963,2,Super friendly and helpful.,2024-01-16 18:41:34,2024-01
3434,4534,1963,1248,4,Super friendly and helpful.,2022-11-21 04:45:30,2022-11
3435,4534,1248,1963,4,Very clean car.,2022-11-21 06:15:30,2022-11
3436,4536,1963,446,4,"Great driver, very professional!",2022-12-14 19:49:56,2022-12
3437,4536,446,1963,3,"Great driver, very professional!",2022-12-14 22:01:56,2022-12
3438,4538,1890,1963,2,"Great driver, very professional!",2023-10-11 13:19:40,2023-10
3439,4540,1963,1030,5,,2022-11-02 19:59:36,2022-11
3440,4540,1030,1963,3,Very clean car.,2022-11-02 19:55:36,2022-11
3441,4545,1963,14,4,"5 stars, highly recommend!",2023-06-13 03:11:22,2023-06
3442,4547,230,1963,3,Very clean car.,2024-03-14 15:37:01,2024-03
3443,4548,1963,947,4,,2023-10-29 17:41:09,2023-10
3444,4551,281,959,4,Very courteous driver.,2022-01-15 08:53:09,2022-01
3445,4551,959,281,1,"Smooth ride, on time.",2022-01-15 09:36:09,2022-01
3446,4554,1180,485,4,,2022-10-11 10:57:27,2022-10
3447,4555,1180,553,5,,2023-08-24 00:32:40,2023-08
3448,4556,1180,779,4,Car was spotless.,2023-10-25 11:48:30,2023-10
3449,4557,1180,1987,4,,2023-04-29 15:37:26,2023-04
3450,4559,1180,472,2,,2023-05-25 12:33:12,2023-05
3451,4561,1180,1206,4,,2024-01-07 12:55:18,2024-01
3452,4562,1180,235,4,,2022-08-26 13:10:20,2022-08
3453,4563,1180,1206,5,,2023-12-07 01:08:14,2023-12
3454,4568,1180,2,3,"OK trip, nothing special.",2024-03-22 15:41:17,2024-03
3455,4568,2,1180,5,Very clean car.,2024-03-22 16:51:17,2024-03
3456,4570,1180,1084,4,"Easy pickup, no problems.",2022-02-27 12:11:43,2022-02
3457,4570,1084,1180,5,,2022-02-27 11:46:43,2022-02
3458,4571,1180,376,4,,2022-09-17 15:02:09,2022-09
3459,4573,1180,1987,5,Very comfortable ride.,2024-01-22 15:15:24,2024-01
3460,4574,1180,248,3,Got there safely.,2023-03-29 13:33:43,2023-03
3461,4575,1180,1371,5,Very courteous driver.,2022-08-28 03:45:04,2022-08
3462,4575,1371,1180,3,Very clean car.,2022-08-28 05:43:04,2022-08
3463,4576,1180,1053,2,Car smelled bad.,2023-11-10 21:08:32,2023-11
3464,4577,1180,1479,4,,2023-11-26 01:11:55,2023-11
3465,4577,1479,1180,2,"Great driver, very professional!",2023-11-26 02:11:55,2023-11
3466,4578,1180,919,4,,2023-02-10 01:53:39,2023-02
3467,4579,1180,327,4,"Quick and efficient, thanks!",2024-03-05 19:35:16,2024-03
3468,4579,327,1180,4,Super friendly and helpful.,2024-03-05 20:25:16,2024-03
3469,4582,341,1180,4,"Great driver, very professional!",2022-01-04 15:08:39,2022-01
3470,4584,646,248,5,Very courteous driver.,2022-01-07 18:08:49,2022-01
3471,4584,248,646,3,"Smooth ride, on time.",2022-01-07 18:28:49,2022-01
3472,4586,646,331,4,,2022-09-25 13:07:29,2022-09
3473,4586,331,646,3,Super friendly and helpful.,2022-09-25 14:47:29,2022-09
3474,4587,818,880,4,"Excellent service, will ride again.",2024-01-28 20:21:43,2024-01
3475,4588,846,1371,5,"Excellent service, will ride again.",2023-08-14 06:40:47,2023-08
3476,4589,1564,846,3,,2022-02-17 23:27:27,2022-02
3477,4590,846,1724,4,,2023-06-15 09:06:47,2023-06
3478,4590,1724,846,3,Very clean car.,2023-06-15 10:38:47,2023-06
3479,4592,846,1026,4,Very courteous driver.,2022-05-05 10:51:39,2022-05
3480,4594,846,194,4,"5 stars, highly recommend!",2023-09-18 21:54:40,2023-09
3481,4595,846,7,2,,2024-05-23 23:44:15,2024-05
3482,4598,846,207,3,,2024-01-23 10:58:17,2024-01
3483,4600,846,199,5,Fast and safe driver.,2022-07-02 02:49:11,2022-07
3484,4601,846,1221,4,,2024-01-16 16:53:25,2024-01
3485,4603,846,602,4,"Quick and efficient, thanks!",2023-09-21 01:28:53,2023-09
3486,4604,846,736,3,,2022-07-21 04:02:19,2022-07
3487,4604,736,846,4,"Great driver, very professional!",2022-07-21 03:25:19,2022-07
3488,4607,846,506,3,,2024-06-11 01:43:13,2024-06
3489,4608,846,1653,4,,2024-02-16 07:22:34,2024-02
3490,4608,1653,846,4,"Smooth ride, on time.",2024-02-16 06:34:34,2024-02
3491,4609,846,789,3,Acceptable ride.,2022-02-01 20:35:18,2022-02
3492,4610,1450,846,3,"Great driver, very professional!",2023-08-27 15:01:01,2023-08
3493,4611,1477,846,4,Super friendly and helpful.,2023-10-22 04:54:31,2023-10
3494,4612,690,846,2,Very clean car.,2023-12-03 09:36:12,2023-12
3495,4613,846,1955,3,,2022-06-19 21:05:39,2022-06
3496,4614,119,671,3,"Smooth ride, on time.",2022-03-11 06:38:21,2022-03
3497,4616,671,190,2,,2023-05-19 06:00:55,2023-05
3498,4616,190,671,2,Super friendly and helpful.,2023-05-19 07:28:55,2023-05
3499,4619,188,502,3,Got there safely.,2022-11-13 15:10:52,2022-11
3500,4620,378,1011,4,,2023-07-10 01:49:07,2023-07
3501,4620,1011,378,3,Very clean car.,2023-07-10 02:05:07,2023-07
3502,4622,378,351,5,,2022-04-11 00:47:22,2022-04
3503,4622,351,378,4,Super friendly and helpful.,2022-04-10 23:04:22,2022-04
3504,4623,378,97,3,,2023-04-24 12:09:06,2023-04
3505,4623,97,378,2,Very clean car.,2023-04-24 11:07:06,2023-04
3506,4624,815,115,2,,2022-02-23 09:06:35,2022-02
3507,4625,815,866,3,Fine driver.,2023-05-10 16:40:16,2023-05
3508,4627,1375,1727,5,"Smooth ride, on time.",2023-10-27 18:46:24,2023-10
3509,4627,1727,1375,5,"Smooth ride, on time.",2023-10-27 19:44:24,2023-10
3510,4629,1375,1975,5,,2023-04-07 17:04:33,2023-04
3511,4631,975,647,3,Got there safely.,2022-09-17 07:22:52,2022-09
3512,4631,647,975,3,"Great driver, very professional!",2022-09-17 07:05:52,2022-09
3513,4633,975,288,2,Driver was late.,2022-02-06 04:35:56,2022-02
3514,4634,975,331,5,Car was spotless.,2023-06-07 02:58:44,2023-06
3515,4634,331,975,3,"Smooth ride, on time.",2023-06-07 02:16:44,2023-06
3516,4635,975,1509,4,,2022-12-06 04:27:08,2022-12
3517,4635,1509,975,5,,2022-12-06 04:46:08,2022-12
3518,4637,1464,1141,4,,2024-01-10 03:59:56,2024-01
3519,4637,1141,1464,4,"Smooth ride, on time.",2024-01-10 03:33:56,2024-01
3520,4638,1464,2,4,Super friendly and helpful.,2022-04-08 22:36:42,2022-04
3521,4639,891,1464,3,"Smooth ride, on time.",2023-11-06 01:11:32,2023-11
3522,4642,1464,1060,4,,2022-01-28 01:00:02,2022-01
3523,4643,1464,1286,4,Loved the music selection!,2022-01-04 00:56:33,2022-01
3524,4643,1286,1464,2,"Excellent service, will ride again.",2022-01-04 01:54:33,2022-01
3525,4645,351,1464,2,,2022-05-13 01:35:34,2022-05
3526,4647,1464,1170,5,,2022-01-28 18:02:53,2022-01
3527,4649,1464,1649,4,,2024-04-10 16:32:31,2024-04
3528,4650,1464,1564,5,Loved the music selection!,2023-06-25 05:50:20,2023-06
3529,4651,1464,1477,5,,2023-07-03 03:15:12,2023-07
3530,4651,1477,1464,3,"Smooth ride, on time.",2023-07-03 04:34:12,2023-07
3531,4653,1394,1464,2,Very clean car.,2022-05-01 11:22:03,2022-05
3532,4654,1464,1100,3,Decent experience.,2023-07-26 02:16:49,2023-07
3533,4655,1464,394,3,,2022-10-04 21:08:02,2022-10
3534,4655,394,1464,4,"Excellent service, will ride again.",2022-10-04 21:38:02,2022-10
3535,4657,1464,293,4,,2022-08-04 03:02:08,2022-08
3536,4658,1464,412,4,"Great rider, very polite.",2023-06-28 03:17:36,2023-06
3537,4660,1464,1336,5,,2024-06-24 00:46:50,2024-06
3538,4662,1895,1135,4,,2024-01-26 09:44:37,2024-01
3539,4663,1895,932,4,,2022-09-24 09:51:44,2022-09
3540,4664,1895,842,3,,2024-01-02 22:20:27,2024-01
3541,4664,842,1895,2,"Great driver, very professional!",2024-01-02 22:24:27,2024-01
3542,4667,1895,202,4,Car was spotless.,2023-10-15 14:29:08,2023-10
3543,4669,858,1651,4,"Great rider, very polite.",2022-03-07 19:35:56,2022-03
3544,4669,1651,858,2,"Smooth ride, on time.",2022-03-07 20:46:56,2022-03
3545,4670,858,645,4,,2024-03-29 19:14:14,2024-03
3546,4672,858,544,4,"Quick and efficient, thanks!",2023-04-10 05:20:56,2023-04
3547,4674,858,376,3,Fine driver.,2024-06-22 06:36:06,2024-06
3548,4675,858,1108,5,"Excellent service, will ride again.",2024-02-27 22:01:57,2024-02
3549,4676,858,1091,3,,2023-12-19 21:00:06,2023-12
3550,4676,1091,858,3,,2023-12-19 21:11:06,2023-12
3551,4677,647,858,3,Super friendly and helpful.,2024-02-02 20:58:09,2024-02
3552,4678,65,858,5,Super friendly and helpful.,2024-04-06 21:32:18,2024-04
3553,4679,858,210,5,,2024-04-09 23:46:36,2024-04
3554,4680,858,833,4,"Smooth ride, on time.",2022-02-01 14:38:17,2022-02
3555,4682,858,959,4,"Easy pickup, no problems.",2024-06-10 21:54:20,2024-06
3556,4682,959,858,5,,2024-06-10 21:17:20,2024-06
3557,4683,1148,1948,4,"Easy pickup, no problems.",2023-01-31 18:49:55,2023-01
3558,4684,95,1881,4,Very comfortable ride.,2022-05-01 10:47:24,2022-05
3559,4685,508,95,4,Very clean car.,2022-11-09 22:21:08,2022-11
3560,4686,1108,95,1,Very clean car.,2023-10-07 00:09:43,2023-10
3561,4689,1757,766,3,Acceptable ride.,2022-05-31 03:59:51,2022-05
3562,4689,766,1757,4,"Great driver, very professional!",2022-05-31 03:55:51,2022-05
3563,4690,1494,1757,2,Very clean car.,2024-03-22 10:04:44,2024-03
3564,4691,1757,24,4,,2023-08-17 18:06:39,2023-08
3565,4692,1734,1413,3,,2022-04-16 08:16:30,2022-04
3566,4692,1413,1734,5,"Smooth ride, on time.",2022-04-16 07:39:30,2022-04
3567,4695,814,469,3,,2022-05-26 02:51:08,2022-05
3568,4696,814,1100,5,Loved the music selection!,2022-10-13 02:46:46,2022-10
3569,4698,253,947,3,,2024-06-27 14:35:45,2024-06
3570,4699,253,508,5,Very clean car.,2022-11-27 01:27:19,2022-11
3571,4699,508,253,3,"Smooth ride, on time.",2022-11-27 01:15:19,2022-11
3572,4700,253,693,3,,2023-10-13 20:21:37,2023-10
3573,4702,1065,341,4,Very comfortable ride.,2024-06-09 15:57:24,2024-06
3574,4703,1065,630,3,Fine driver.,2023-11-14 03:15:26,2023-11
3575,4703,630,1065,3,"Smooth ride, on time.",2023-11-14 04:44:26,2023-11
3576,4704,493,1651,4,Loved the music selection!,2023-12-05 15:48:08,2023-12
3577,4705,351,493,3,"Smooth ride, on time.",2022-11-20 21:17:18,2022-11
3578,4707,493,1394,5,"Great rider, very polite.",2022-09-17 05:29:10,2022-09
3579,4708,493,1889,3,,2022-03-18 15:17:59,2022-03
3580,4710,493,319,4,,2022-08-31 16:00:48,2022-08
3581,4715,493,1739,3,,2024-05-12 00:23:59,2024-05
3582,4717,493,1794,5,Car was spotless.,2023-08-19 19:45:20,2023-08
3583,4718,493,1139,4,,2023-06-03 03:53:25,2023-06
3584,4720,1293,809,2,,2022-05-23 16:12:32,2022-05
3585,4721,1955,809,3,Very clean car.,2024-02-15 21:38:31,2024-02
3586,4723,260,131,4,,2024-03-07 00:25:35,2024-03
3587,4725,260,256,5,Very courteous driver.,2022-03-24 13:13:03,2022-03
3588,4728,260,235,4,"Quick and efficient, thanks!",2024-03-02 03:15:53,2024-03
3589,4728,235,260,3,Very clean car.,2024-03-02 03:54:53,2024-03
3590,4729,260,1170,4,Car was spotless.,2024-02-18 21:41:48,2024-02
3591,4729,1170,260,3,"Smooth ride, on time.",2024-02-18 23:25:48,2024-02
3592,4730,260,1736,4,,2024-03-26 14:18:29,2024-03
3593,4731,260,224,5,,2022-04-18 20:14:17,2022-04
3594,4733,1053,260,4,Very clean car.,2024-02-25 09:48:06,2024-02
3595,4736,260,1889,4,,2022-09-27 11:27:19,2022-09
3596,4737,260,1724,4,,2023-12-04 09:40:48,2023-12
3597,4737,1724,260,4,Very clean car.,2023-12-04 09:54:48,2023-12
3598,4738,260,1356,5,,2023-08-08 17:22:13,2023-08
3599,4739,260,643,4,,2022-03-17 12:29:29,2022-03
3600,4740,260,187,3,Fine driver.,2022-10-28 21:57:43,2022-10
3601,4740,187,260,3,"Smooth ride, on time.",2022-10-28 23:22:43,2022-10
3602,4742,260,1100,4,Fast and safe driver.,2024-05-10 18:40:04,2024-05
3603,4746,260,15,5,Very courteous driver.,2022-01-01 06:39:35,2022-01
3604,4747,260,1477,4,Very courteous driver.,2022-01-07 05:25:16,2022-01
3605,4750,712,293,5,,2023-06-30 14:57:01,2023-06
3606,4753,712,164,3,Acceptable ride.,2022-07-01 21:56:46,2022-07
3607,4755,712,1221,3,Got there safely.,2022-09-23 06:40:39,2022-09
3608,4755,1221,712,2,,2022-09-23 06:44:39,2022-09
3609,4760,1574,712,2,Super friendly and helpful.,2023-04-13 02:20:11,2023-04
3610,4761,192,712,3,"Excellent service, will ride again.",2024-05-03 07:52:36,2024-05
3611,4763,1044,712,4,,2023-06-11 13:07:59,2023-06
3612,4764,712,1776,3,Nothing to complain about.,2022-05-03 04:12:05,2022-05
3613,4765,712,544,4,,2024-01-25 02:08:24,2024-01
3614,4766,712,351,5,Very clean car.,2024-05-28 07:27:06,2024-05
3615,4766,351,712,4,"Great driver, very professional!",2024-05-28 07:52:06,2024-05
3616,4767,853,571,5,,2024-03-28 12:02:51,2024-03
3617,4769,853,55,3,,2022-09-03 11:45:38,2022-09
3618,4770,967,1839,3,,2022-12-15 05:56:58,2022-12
3619,4770,1839,967,4,Very clean car.,2022-12-15 07:00:58,2022-12
3620,4775,967,986,5,Loved the music selection!,2022-07-20 06:26:23,2022-07
3621,4777,967,461,3,,2022-10-13 07:51:38,2022-10
3622,4778,967,665,3,,2022-05-10 18:12:44,2022-05
3623,4779,967,1205,3,Nothing to complain about.,2023-01-17 04:28:35,2023-01
3624,4781,967,118,3,,2024-05-10 02:57:39,2024-05
3625,4782,967,1221,4,,2022-11-25 11:49:28,2022-11
3626,4783,967,867,3,,2022-01-27 04:56:53,2022-01
3627,4783,867,967,3,,2022-01-27 05:05:53,2022-01
3628,4784,967,995,4,Very comfortable ride.,2022-03-30 08:27:02,2022-03
3629,4788,967,1336,3,Decent experience.,2023-03-26 21:52:21,2023-03
3630,4788,1336,967,2,"Excellent service, will ride again.",2023-03-26 23:50:21,2023-03
3631,4790,1117,967,4,Very clean car.,2024-02-07 00:52:06,2024-02
3632,4792,967,1221,4,,2023-02-22 18:06:09,2023-02
3633,4793,469,967,3,"Smooth ride, on time.",2023-02-25 10:40:16,2023-02
3634,4794,967,1795,3,,2023-07-18 16:51:43,2023-07
3635,4795,967,1776,4,"Smooth ride, on time.",2023-05-11 11:30:00,2023-05
3636,4797,967,1981,5,,2024-05-22 10:43:16,2024-05
3637,4800,967,833,4,Very comfortable ride.,2023-11-04 13:35:25,2023-11
3638,4801,967,1243,5,,2023-07-21 13:50:39,2023-07
3639,4801,1243,967,4,Very clean car.,2023-07-21 15:23:39,2023-07
3640,4803,967,1134,4,,2023-06-20 17:02:01,2023-06
3641,4804,967,1654,3,,2023-02-08 20:57:52,2023-02
3642,4805,967,601,4,,2022-01-22 23:16:24,2022-01
3643,4805,601,967,4,"Great driver, very professional!",2022-01-22 23:35:24,2022-01
3644,4807,967,467,3,Nothing to complain about.,2022-06-07 10:56:17,2022-06
3645,4808,967,860,3,Trip was okay.,2024-05-01 15:00:56,2024-05
3646,4809,967,224,2,,2022-11-12 04:19:23,2022-11
3647,4809,224,967,3,"Smooth ride, on time.",2022-11-12 04:04:23,2022-11
3648,4810,932,967,5,"Excellent service, will ride again.",2022-01-12 01:38:21,2022-01
3649,4811,967,549,5,"5 stars, highly recommend!",2024-01-31 06:26:34,2024-01
3650,4812,967,705,3,Got there safely.,2022-10-04 12:32:25,2022-10
3651,4812,705,967,3,,2022-10-04 14:10:25,2022-10
3652,4814,967,1183,4,,2023-09-01 15:11:29,2023-09
3653,4816,967,1651,5,,2023-09-11 08:07:22,2023-09
3654,4816,1651,967,3,Super friendly and helpful.,2023-09-11 06:39:22,2023-09
3655,4817,967,1301,5,,2023-04-28 10:03:04,2023-04
3656,4817,1301,967,2,Very clean car.,2023-04-28 10:02:04,2023-04
3657,4818,508,967,3,Very clean car.,2024-02-01 14:56:55,2024-02
3658,4819,267,1853,5,"Quick and efficient, thanks!",2024-01-24 06:24:08,2024-01
3659,4820,267,833,3,Trip was okay.,2024-06-06 04:59:20,2024-06
3660,4820,833,267,2,Very clean car.,2024-06-06 06:15:20,2024-06
3661,4821,267,608,4,,2024-05-29 19:55:46,2024-05
3662,4822,267,932,5,,2023-08-14 10:31:23,2023-08
3663,4822,932,267,3,"Excellent service, will ride again.",2023-08-14 09:39:23,2023-08
3664,4823,267,1765,3,Fine driver.,2023-02-06 02:20:57,2023-02
3665,4823,1765,267,3,Very clean car.,2023-02-06 01:49:57,2023-02
3666,4824,539,267,3,Super friendly and helpful.,2022-01-29 01:22:38,2022-01
3667,4825,1158,1607,3,,2022-07-16 03:56:10,2022-07
3668,4829,1044,1010,3,"Smooth ride, on time.",2022-03-08 16:22:37,2022-03
3669,4830,1010,118,3,Decent experience.,2024-03-11 09:09:51,2024-03
3670,4831,1010,697,3,,2022-03-21 15:07:23,2022-03
3671,4832,1010,1087,5,"Perfect trip, no issues.",2023-04-21 20:14:52,2023-04
3672,4833,1010,741,2,,2024-04-28 12:30:54,2024-04
3673,4833,741,1010,3,Super friendly and helpful.,2024-04-28 12:52:54,2024-04
3674,4835,1010,389,5,,2023-12-30 19:28:04,2023-12
3675,4836,1010,932,4,,2023-04-03 13:30:39,2023-04
3676,4836,932,1010,4,"Smooth ride, on time.",2023-04-03 13:40:39,2023-04
3677,4845,1010,1227,3,,2024-03-12 16:38:40,2024-03
3678,4848,1010,201,5,Car was spotless.,2024-03-19 23:28:43,2024-03
3679,4848,201,1010,4,"Excellent service, will ride again.",2024-03-20 00:05:43,2024-03
3680,4849,5,1010,3,"Excellent service, will ride again.",2023-09-15 05:23:06,2023-09
3681,4850,1010,1427,5,Car was spotless.,2023-03-14 07:14:48,2023-03
3682,4853,1010,585,5,,2023-06-17 21:57:29,2023-06
3683,4855,1010,1776,5,Super friendly and helpful.,2023-01-02 03:54:48,2023-01
3684,4857,1060,1010,4,"Smooth ride, on time.",2023-09-08 23:51:28,2023-09
3685,4861,1010,1373,4,Very clean car.,2023-11-17 14:01:34,2023-11
3686,4861,1373,1010,3,Super friendly and helpful.,2023-11-17 13:57:34,2023-11
3687,4862,1532,1010,2,Very clean car.,2023-05-05 01:47:04,2023-05
3688,4864,1010,1386,4,,2023-03-29 17:08:21,2023-03
3689,4866,1010,1227,5,,2024-01-27 12:51:59,2024-01
3690,4866,1227,1010,5,"Excellent service, will ride again.",2024-01-27 12:31:59,2024-01
3691,4869,1010,833,5,Fast and safe driver.,2023-01-25 10:46:48,2023-01
3692,4869,833,1010,3,,2023-01-25 11:14:48,2023-01
3693,4870,1010,1281,3,"OK trip, nothing special.",2023-02-21 21:00:14,2023-02
3694,4871,1010,1293,4,,2022-07-25 19:04:12,2022-07
3695,4872,1010,1941,1,Rough driving.,2024-01-31 19:53:17,2024-01
3696,4875,1010,1044,5,Loved the music selection!,2023-04-18 18:26:44,2023-04
3697,4875,1044,1010,4,,2023-04-18 18:42:44,2023-04
3698,4876,1010,665,3,,2023-11-09 09:06:52,2023-11
3699,4878,1010,974,5,,2022-08-15 06:17:23,2022-08
3700,4879,1010,1293,5,"5 stars, highly recommend!",2023-12-03 12:33:25,2023-12
3701,4879,1293,1010,4,Very clean car.,2023-12-03 12:01:25,2023-12
3702,4881,1010,15,4,,2024-05-18 13:07:31,2024-05
3703,4882,1010,1532,3,Decent experience.,2022-09-06 06:41:56,2022-09
3704,4885,1010,506,3,,2024-02-22 13:46:24,2024-02
3705,4887,1010,142,4,"Easy pickup, no problems.",2023-04-16 03:33:39,2023-04
3706,4895,1755,1751,3,Super friendly and helpful.,2024-06-12 16:35:30,2024-06
3707,4897,1751,1371,4,Super friendly and helpful.,2022-06-28 20:01:36,2022-06
3708,4897,1371,1751,3,"Smooth ride, on time.",2022-06-28 20:04:36,2022-06
3709,4898,1751,1041,3,Fine driver.,2022-11-06 09:30:49,2022-11
3710,4898,1041,1751,2,"Smooth ride, on time.",2022-11-06 09:35:49,2022-11
3711,4900,667,1207,4,"Great driver, very professional!",2024-05-10 05:35:23,2024-05
3712,4901,667,1026,4,,2024-03-01 06:54:15,2024-03
3713,4902,667,119,4,Loved the music selection!,2024-05-08 10:43:06,2024-05
3714,4903,667,1653,5,,2023-04-22 17:11:48,2023-04
3715,4903,1653,667,5,"Smooth ride, on time.",2023-04-22 18:11:48,2023-04
3716,4904,667,1653,3,,2023-01-20 10:00:24,2023-01
3717,4906,667,1881,4,,2023-12-01 04:34:29,2023-12
3718,4906,1881,667,3,Very clean car.,2023-12-01 06:13:29,2023-12
3719,4907,667,1724,2,,2023-11-27 09:59:29,2023-11
3720,4908,667,1623,3,,2023-09-03 03:13:01,2023-09
3721,4908,1623,667,4,,2023-09-03 03:15:01,2023-09
3722,4909,667,1041,4,Very clean car.,2022-06-28 01:41:18,2022-06
3723,4913,667,1968,5,"Perfect trip, no issues.",2022-04-30 18:03:36,2022-04
3724,4915,133,1776,4,,2024-06-07 19:25:30,2024-06
3725,4917,1170,133,3,"Excellent service, will ride again.",2023-02-03 05:09:37,2023-02
3726,4921,51,957,4,Very courteous driver.,2022-04-14 21:01:08,2022-04
3727,4923,1111,51,3,Super friendly and helpful.,2022-08-01 01:16:38,2022-08
3728,4925,51,1794,5,,2022-11-03 20:36:26,2022-11
3729,4925,1794,51,3,"Excellent service, will ride again.",2022-11-03 21:37:26,2022-11
3730,4926,51,1030,4,Very clean car.,2023-12-03 12:51:14,2023-12
3731,4929,51,318,3,Got there safely.,2022-03-02 00:16:26,2022-03
3732,4930,51,1727,4,Fast and safe driver.,2023-02-18 03:25:57,2023-02
3733,4930,1727,51,3,Very clean car.,2023-02-18 05:23:57,2023-02
3734,4931,51,433,4,"Great driver, very professional!",2023-04-24 09:42:22,2023-04
3735,4932,51,1889,3,Nothing to complain about.,2022-06-02 03:29:01,2022-06
3736,4933,51,1828,3,,2022-08-17 17:11:03,2022-08
3737,4935,51,1764,2,,2023-07-06 21:45:33,2023-07
3738,4935,1764,51,3,"Smooth ride, on time.",2023-07-06 21:56:33,2023-07
3739,4937,51,1605,4,Very comfortable ride.,2024-01-08 00:27:31,2024-01
3740,4938,1131,51,3,,2022-04-16 09:53:24,2022-04
3741,4940,51,1776,4,Fast and safe driver.,2022-08-14 07:27:18,2022-08
3742,4941,51,1955,4,"Perfect trip, no issues.",2022-04-26 05:35:29,2022-04
3743,4943,1947,51,4,,2023-12-13 21:31:56,2023-12
3744,4944,51,258,5,,2024-01-18 09:21:13,2024-01
3745,4948,370,1826,3,,2022-11-08 00:14:47,2022-11
3746,4949,370,542,5,,2024-06-12 23:52:57,2024-06
3747,4949,542,370,4,Super friendly and helpful.,2024-06-12 23:42:57,2024-06
3748,4951,714,1654,3,Got there safely.,2024-03-17 10:30:13,2024-03
3749,4955,714,766,3,Average experience.,2023-12-17 21:43:27,2023-12
3750,4956,714,647,5,,2024-06-21 12:00:21,2024-06
3751,4956,647,714,3,Very clean car.,2024-06-21 11:58:21,2024-06
3752,4957,714,1343,3,Nothing to complain about.,2022-11-05 19:28:04,2022-11
3753,4959,286,714,3,"Excellent service, will ride again.",2023-03-20 02:03:10,2023-03
3754,4962,714,553,4,"Easy pickup, no problems.",2022-07-21 06:07:08,2022-07
3755,4963,714,510,3,Fine driver.,2022-08-09 03:39:32,2022-08
3756,4965,714,199,4,"Easy pickup, no problems.",2022-07-31 19:47:21,2022-07
3757,4967,714,1131,4,,2022-09-28 15:34:54,2022-09
3758,4969,714,1790,5,"Great rider, very polite.",2023-06-16 07:10:22,2023-06
3759,4969,1790,714,3,"Smooth ride, on time.",2023-06-16 08:56:22,2023-06
3760,4970,714,834,4,,2024-01-17 07:40:18,2024-01
3761,4972,714,461,3,Average experience.,2024-02-04 08:44:02,2024-02
3762,4974,714,842,4,,2022-03-25 23:28:41,2022-03
3763,4975,714,959,5,,2023-05-04 12:58:05,2023-05
3764,4976,1956,714,2,"Excellent service, will ride again.",2022-02-25 07:31:57,2022-02
3765,4977,714,1999,4,,2023-10-29 03:58:30,2023-10
3766,4983,1948,2000,2,"Smooth ride, on time.",2023-09-29 04:25:53,2023-09
3767,4988,2000,1492,5,Super friendly and helpful.,2023-01-30 05:37:12,2023-01
3768,4988,1492,2000,4,Super friendly and helpful.,2023-01-30 06:32:12,2023-01
3769,4989,2000,328,2,,2023-10-10 09:14:05,2023-10
3770,4991,2000,602,3,,2022-03-21 10:05:59,2022-03
3771,4991,602,2000,2,"Great driver, very professional!",2022-03-21 12:35:59,2022-03
3772,4994,1600,736,3,"OK trip, nothing special.",2022-07-06 17:33:16,2022-07
3773,4995,1443,1807,3,"Excellent service, will ride again.",2022-06-19 12:19:23,2022-06
3774,4996,1453,207,4,,2022-06-27 16:39:34,2022-06
3775,4998,1453,1135,4,Very clean car.,2024-02-10 23:01:54,2024-02
3776,4998,1135,1453,4,Very clean car.,2024-02-11 00:35:54,2024-02
3777,4999,1453,1999,5,,2022-01-12 05:51:20,2022-01
3778,4999,1999,1453,4,Very clean car.,2022-01-12 07:12:20,2022-01
3779,5003,256,1453,4,Very clean car.,2024-04-29 08:14:29,2024-04
3780,5004,1453,1991,4,,2024-05-02 05:32:39,2024-05
3781,5005,1197,1453,4,,2022-04-09 00:23:19,2022-04
3782,5006,1453,1995,4,,2023-01-03 07:09:58,2023-01
3783,5010,1453,201,4,,2023-04-09 07:42:51,2023-04
3784,5011,1373,1453,3,Super friendly and helpful.,2024-06-08 03:14:24,2024-06
3785,5013,1453,1030,5,"Perfect trip, no issues.",2023-05-06 20:49:16,2023-05
3786,5014,1453,1355,4,,2023-03-12 13:55:47,2023-03
3787,5014,1355,1453,3,Very clean car.,2023-03-12 13:35:47,2023-03
3788,5016,1437,1453,5,"Excellent service, will ride again.",2022-12-14 17:06:47,2022-12
3789,5017,288,1453,4,"Smooth ride, on time.",2022-03-16 14:49:49,2022-03
3790,5024,1453,1135,3,,2023-10-14 18:23:43,2023-10
3791,5025,1453,461,3,,2023-02-09 11:13:21,2023-02
3792,5027,1453,1461,4,"Easy pickup, no problems.",2022-01-31 19:08:55,2022-01
3793,5029,1453,995,3,,2022-03-13 01:45:01,2022-03
3794,5030,1453,136,4,"Great rider, very polite.",2023-11-01 21:56:44,2023-11
3795,5033,1453,1709,3,Average experience.,2022-03-27 13:07:28,2022-03
3796,5034,1453,1881,3,,2022-11-30 20:40:50,2022-11
3797,5037,1453,728,5,,2023-09-08 09:19:32,2023-09
3798,5042,1453,1495,4,,2022-05-26 14:47:48,2022-05
3799,5043,1453,919,5,,2023-10-22 11:25:15,2023-10
3800,5044,1453,1131,5,,2022-03-21 01:19:29,2022-03
3801,5048,1608,1453,3,Super friendly and helpful.,2022-02-08 05:44:18,2022-02
3802,5049,1814,1453,5,"Smooth ride, on time.",2023-02-26 14:17:14,2023-02
3803,5050,1453,202,4,"Quick and efficient, thanks!",2022-09-07 02:19:45,2022-09
3804,5052,1453,1658,4,,2024-01-24 08:00:15,2024-01
3805,5052,1658,1453,2,Very clean car.,2024-01-24 08:31:15,2024-01
3806,5053,1453,1053,3,,2023-12-10 01:27:50,2023-12
3807,5054,1453,44,4,Super friendly and helpful.,2022-08-18 22:54:09,2022-08
3808,5056,1453,1709,2,Car smelled bad.,2024-02-15 20:54:56,2024-02
3809,5057,1453,461,3,,2023-02-11 16:23:23,2023-02
3810,5058,1453,139,4,Very comfortable ride.,2022-12-03 17:31:17,2022-12
3811,5059,1453,515,4,"Easy pickup, no problems.",2024-05-01 09:18:34,2024-05
3812,5059,515,1453,4,Very clean car.,2024-05-01 08:32:34,2024-05
3813,5061,1453,690,4,"Excellent service, will ride again.",2022-05-22 13:50:35,2022-05
3814,5061,690,1453,4,"Excellent service, will ride again.",2022-05-22 14:05:35,2022-05
3815,5062,1453,1472,5,,2022-05-06 13:34:29,2022-05
3816,5063,1453,120,3,,2023-10-26 22:14:58,2023-10
3817,5065,1453,1968,4,,2023-05-31 18:27:06,2023-05
3818,5066,1453,986,3,Nothing to complain about.,2024-04-02 18:53:44,2024-04
3819,5069,1453,1812,4,,2023-05-19 13:21:56,2023-05
3820,5070,1453,147,2,,2022-06-19 14:48:43,2022-06
3821,5071,1453,433,4,,2024-03-01 03:17:20,2024-03
3822,5073,1453,139,5,,2023-09-09 20:18:22,2023-09
3823,5073,139,1453,3,Super friendly and helpful.,2023-09-09 21:12:22,2023-09
3824,5074,1608,1453,2,"Smooth ride, on time.",2023-12-11 23:16:08,2023-12
3825,5075,1453,139,4,,2023-12-05 11:27:29,2023-12
3826,5075,139,1453,4,Very clean car.,2023-12-05 12:10:29,2023-12
3827,5077,1453,1104,4,,2023-08-24 03:26:10,2023-08
3828,5077,1104,1453,4,"Great driver, very professional!",2023-08-24 03:29:10,2023-08
3829,5080,1453,969,3,,2024-03-01 19:05:20,2024-03
3830,5081,433,1453,4,"Excellent service, will ride again.",2024-06-07 05:34:53,2024-06
3831,5083,1453,1099,4,"Great rider, very polite.",2022-09-10 12:04:07,2022-09
3832,5085,1032,1765,3,Fine driver.,2022-03-12 02:55:10,2022-03
3833,5090,356,1755,4,"Great driver, very professional!",2023-08-07 02:24:22,2023-08
3834,5090,1755,356,3,Very clean car.,2023-08-07 02:58:22,2023-08
3835,5091,1492,356,3,"Excellent service, will ride again.",2022-10-26 08:01:43,2022-10
3836,5092,356,14,3,,2023-03-25 07:36:53,2023-03
3837,5093,356,645,5,,2022-07-27 04:16:20,2022-07
3838,5094,1520,121,4,"Perfect trip, no issues.",2023-02-17 17:24:33,2023-02
3839,5095,1647,446,5,Very comfortable ride.,2022-08-22 19:32:19,2022-08
3840,5096,1647,1555,4,,2024-06-15 22:33:40,2024-06
3841,5096,1555,1647,4,"Great driver, very professional!",2024-06-16 00:05:40,2024-06
3842,5097,1647,1555,4,,2022-06-15 09:43:57,2022-06
3843,5098,1776,1647,4,Very clean car.,2023-09-05 13:16:28,2023-09
3844,5099,1647,1605,5,,2024-06-20 23:23:32,2024-06
3845,5100,1647,202,4,"Perfect trip, no issues.",2022-10-13 23:06:42,2022-10
3846,5101,1647,446,3,,2024-06-22 17:29:10,2024-06
3847,5101,446,1647,4,Super friendly and helpful.,2024-06-22 17:43:10,2024-06
3848,5102,1647,131,5,,2023-04-26 11:51:57,2023-04
3849,5104,1647,940,4,"Great driver, very professional!",2022-07-09 21:56:33,2022-07
3850,5104,940,1647,3,Very clean car.,2022-07-09 23:32:33,2022-07
3851,5106,1647,131,4,"Great driver, very professional!",2022-04-06 15:20:15,2022-04
3852,5106,131,1647,3,"Smooth ride, on time.",2022-04-06 15:43:15,2022-04
3853,5108,1647,235,3,Got there safely.,2022-08-12 22:42:24,2022-08
3854,5109,1647,1987,5,,2024-02-23 00:05:10,2024-02
3855,5111,1647,52,5,,2024-02-07 22:49:10,2024-02
3856,5113,1647,957,3,,2023-07-19 20:07:57,2023-07
3857,5113,957,1647,4,Very clean car.,2023-07-19 18:31:57,2023-07
3858,5114,1647,1741,3,,2024-03-31 22:20:21,2024-03
3859,5116,1647,225,2,,2023-08-22 19:21:54,2023-08
3860,5117,1647,866,4,,2023-03-05 04:23:07,2023-03
3861,5117,866,1647,3,Very clean car.,2023-03-05 05:19:07,2023-03
3862,5119,1040,1460,3,,2022-02-04 10:03:33,2022-02
3863,5120,927,508,5,,2023-04-22 02:47:40,2023-04
3864,5122,1626,1584,5,,2024-03-03 04:52:27,2024-03
3865,5122,1584,1626,4,"Excellent service, will ride again.",2024-03-03 04:40:27,2024-03
3866,5123,1626,1739,5,,2022-09-17 15:41:38,2022-09
3867,5124,327,1626,3,Super friendly and helpful.,2022-07-31 04:05:51,2022-07
3868,5127,1318,1869,3,Got there safely.,2022-01-14 12:14:28,2022-01
3869,5131,1318,643,5,,2024-04-23 09:37:32,2024-04
3870,5131,643,1318,2,"Excellent service, will ride again.",2024-04-23 09:26:32,2024-04
3871,5132,1318,1100,5,Car was spotless.,2024-02-26 14:37:12,2024-02
3872,5132,1100,1318,4,"Smooth ride, on time.",2024-02-26 14:45:12,2024-02
3873,5133,1108,1318,3,"Excellent service, will ride again.",2024-03-03 12:17:41,2024-03
3874,5134,1318,571,4,"5 stars, highly recommend!",2023-02-17 02:16:47,2023-02
3875,5134,571,1318,3,Very clean car.,2023-02-17 01:44:47,2023-02
3876,5135,1318,1197,4,,2023-12-01 20:43:50,2023-12
3877,5136,1318,271,5,,2023-01-24 11:17:52,2023-01
3878,5137,1318,229,4,Very comfortable ride.,2022-01-24 21:14:12,2022-01
3879,5137,229,1318,2,"Excellent service, will ride again.",2022-01-24 21:01:12,2022-01
3880,5138,145,1162,4,,2023-04-22 16:29:33,2023-04
3881,5139,145,571,3,Decent experience.,2022-11-19 15:10:24,2022-11
3882,5141,1001,1503,2,"Great driver, very professional!",2022-01-27 08:51:46,2022-01
3883,5142,1503,1889,2,Driver was late.,2023-08-10 20:06:39,2023-08
3884,5143,1503,959,5,Car was spotless.,2024-05-28 11:11:12,2024-05
3885,5145,1503,230,3,Average experience.,2022-12-04 12:02:10,2022-12
3886,5148,1690,1206,5,"Excellent service, will ride again.",2023-11-02 23:28:38,2023-11
3887,5149,1690,412,4,"Smooth ride, on time.",2022-04-28 05:52:52,2022-04
3888,5151,1690,194,3,,2022-12-04 19:22:41,2022-12
3889,5152,608,1690,5,"Smooth ride, on time.",2022-02-02 03:57:29,2022-02
3890,5153,1690,1561,3,Nothing to complain about.,2023-05-11 13:36:19,2023-05
3891,5154,1690,1830,3,,2024-03-10 05:58:12,2024-03
3892,5156,1690,1350,3,Fine driver.,2023-05-10 16:53:53,2023-05
3893,5156,1350,1690,4,Super friendly and helpful.,2023-05-10 16:34:53,2023-05
3894,5157,1690,1826,4,Very courteous driver.,2022-11-03 16:50:00,2022-11
3895,5158,1690,1790,4,,2023-06-10 17:21:04,2023-06
3896,5158,1790,1690,3,"Excellent service, will ride again.",2023-06-10 18:34:04,2023-06
3897,5161,1690,1605,4,Very comfortable ride.,2022-06-07 14:34:31,2022-06
3898,5162,1465,1023,5,Super friendly and helpful.,2022-09-19 23:07:55,2022-09
3899,5162,1023,1465,4,Super friendly and helpful.,2022-09-20 00:52:55,2022-09
3900,5163,1465,136,3,Got there safely.,2023-01-23 02:08:10,2023-01
3901,5165,1386,27,3,,2023-02-25 09:29:54,2023-02
3902,5167,27,142,4,"Great rider, very polite.",2024-06-16 06:20:08,2024-06
3903,5168,27,162,5,Very comfortable ride.,2022-01-06 19:17:33,2022-01
3904,5168,162,27,2,,2022-01-06 18:17:33,2022-01
3905,5169,27,867,3,,2024-01-07 14:56:32,2024-01
3906,5170,27,833,4,"5 stars, highly recommend!",2023-10-26 00:50:50,2023-10
3907,5171,27,1438,3,Trip was okay.,2023-08-20 10:16:51,2023-08
3908,5174,1599,919,5,,2022-07-21 07:05:57,2022-07
3909,5177,1599,585,3,Decent experience.,2023-01-16 15:18:51,2023-01
3910,5178,1599,448,4,,2024-03-05 19:57:03,2024-03
3911,5182,1599,327,3,,2023-06-01 13:07:52,2023-06
3912,5183,1599,1413,3,,2023-10-16 17:20:29,2023-10
3913,5184,1599,974,3,Fine driver.,2022-10-17 21:29:24,2022-10
3914,5184,974,1599,3,,2022-10-17 22:38:24,2022-10
3915,5185,1599,62,3,Average experience.,2023-02-18 00:57:39,2023-02
3916,5185,62,1599,4,"Great driver, very professional!",2023-02-17 23:44:39,2023-02
3917,5186,1599,1561,5,"Smooth ride, on time.",2022-11-23 14:33:34,2022-11
3918,5187,1599,1170,5,,2023-01-28 07:49:25,2023-01
3919,5188,66,1599,3,"Great driver, very professional!",2023-12-08 05:04:25,2023-12
3920,5190,1599,224,3,Decent experience.,2023-07-26 00:43:54,2023-07
3921,5191,1599,1400,3,"OK trip, nothing special.",2023-03-04 06:34:22,2023-03
3922,5191,1400,1599,5,Very clean car.,2023-03-04 05:44:22,2023-03
3923,5193,1599,494,4,,2024-02-06 12:41:56,2024-02
3924,5194,1599,1775,4,,2024-06-15 02:02:02,2024-06
3925,5194,1775,1599,4,Super friendly and helpful.,2024-06-15 01:03:02,2024-06
3926,5195,1599,458,3,,2023-02-09 08:24:30,2023-02
3927,5196,1599,1035,5,,2023-12-07 02:32:12,2023-12
3928,5199,665,1599,4,"Excellent service, will ride again.",2023-11-10 22:52:53,2023-11
3929,5201,1599,230,4,,2022-01-07 10:03:31,2022-01
3930,5205,1599,338,4,,2022-07-10 01:49:31,2022-07
3931,5207,1599,1814,4,,2022-10-14 09:09:05,2022-10
3932,5210,1599,822,4,Very courteous driver.,2022-07-04 23:46:37,2022-07
3933,5210,822,1599,4,"Great driver, very professional!",2022-07-05 01:43:37,2022-07
3934,5211,1599,235,4,,2023-04-02 15:36:57,2023-04
3935,5212,1599,1355,5,Fast and safe driver.,2022-03-27 08:47:34,2022-03
3936,5213,1599,1507,4,,2024-05-08 04:00:51,2024-05
3937,5214,1599,833,4,Loved the music selection!,2023-04-23 15:29:33,2023-04
3938,5214,833,1599,2,"Smooth ride, on time.",2023-04-23 17:12:33,2023-04
3939,5215,1599,176,3,Decent experience.,2024-03-01 20:30:47,2024-03
3940,5215,176,1599,3,"Excellent service, will ride again.",2024-03-01 20:46:47,2024-03
3941,5217,1599,393,4,"Quick and efficient, thanks!",2024-02-09 08:34:15,2024-02
3942,5217,393,1599,4,Very clean car.,2024-02-09 08:03:15,2024-02
3943,5219,1737,1684,4,,2023-07-18 06:02:46,2023-07
3944,5219,1684,1737,4,"Excellent service, will ride again.",2023-07-18 04:24:46,2023-07
3945,5220,210,1737,3,Super friendly and helpful.,2024-03-19 11:44:19,2024-03
3946,5221,1737,1026,4,,2023-08-11 03:06:02,2023-08
3947,5224,1737,1826,3,,2022-12-05 07:37:21,2022-12
3948,5225,1752,1737,4,"Excellent service, will ride again.",2022-10-18 06:54:37,2022-10
3949,5227,1737,822,3,,2024-06-10 02:00:28,2024-06
3950,5228,1841,1737,4,,2024-03-04 17:15:32,2024-03
3951,5230,1737,1117,4,,2024-04-16 13:52:11,2024-04
3952,5231,1737,1403,3,Decent experience.,2024-02-06 00:08:52,2024-02
3953,5233,286,1737,3,Super friendly and helpful.,2024-01-14 16:15:37,2024-01
3954,5234,1737,665,4,,2022-10-25 19:00:27,2022-10
3955,5235,553,1737,2,"Smooth ride, on time.",2023-01-21 03:44:28,2023-01
3956,5236,1293,1737,3,"Excellent service, will ride again.",2022-02-03 01:38:36,2022-02
3957,5237,1737,1890,3,,2023-07-05 23:24:50,2023-07
3958,5238,1737,542,4,,2022-04-04 13:57:08,2022-04
3959,5242,1794,1567,4,,2022-06-02 12:04:21,2022-06
3960,5243,1567,1243,5,,2023-10-07 19:15:45,2023-10
3961,5244,1567,389,3,Decent experience.,2023-10-14 23:21:53,2023-10
3962,5244,389,1567,4,"Smooth ride, on time.",2023-10-14 23:18:53,2023-10
3963,5245,1567,2,4,,2022-05-02 14:18:14,2022-05
3964,5246,1567,1328,3,,2024-04-11 14:35:34,2024-04
3965,5249,1567,323,4,Loved the music selection!,2022-07-02 14:02:31,2022-07
3966,5251,1567,328,5,,2022-03-08 09:23:38,2022-03
3967,5252,1567,868,3,Got there safely.,2022-07-02 01:32:06,2022-07
3968,5253,1567,1658,3,Average experience.,2023-03-08 16:40:57,2023-03
3969,5254,1567,1221,4,"Smooth ride, on time.",2022-07-07 00:03:36,2022-07
3970,5256,1567,164,3,Average experience.,2022-06-28 19:46:38,2022-06
3971,5256,164,1567,3,"Great driver, very professional!",2022-06-28 21:04:38,2022-06
3972,5257,1567,1206,5,,2022-04-09 03:34:25,2022-04
3973,5257,1206,1567,4,"Excellent service, will ride again.",2022-04-09 05:31:25,2022-04
3974,5258,1053,1567,4,"Smooth ride, on time.",2022-03-15 17:11:46,2022-03
3975,5259,1567,677,3,Fine driver.,2023-10-08 19:49:15,2023-10
3976,5259,677,1567,3,"Great driver, very professional!",2023-10-08 20:27:15,2023-10
3977,5260,331,1567,3,"Great driver, very professional!",2023-02-23 14:39:45,2023-02
3978,5261,1567,1397,3,,2022-01-12 09:02:01,2022-01
3979,5265,305,1562,3,Trip was okay.,2022-05-14 14:16:38,2022-05
3980,5272,305,202,5,"Great rider, very polite.",2024-06-22 22:52:20,2024-06
3981,5272,202,305,3,Very clean car.,2024-06-22 23:14:20,2024-06
3982,5273,305,235,2,,2022-10-02 14:21:27,2022-10
3983,5273,235,305,4,,2022-10-02 15:15:27,2022-10
3984,5274,305,436,4,Car was spotless.,2023-10-11 14:48:33,2023-10
3985,5275,305,1889,2,Not very clean.,2022-02-07 09:52:23,2022-02
3986,5276,305,1865,4,,2023-11-02 21:39:09,2023-11
3987,5278,305,833,5,,2023-03-18 23:03:07,2023-03
3988,5280,305,833,3,,2022-06-25 05:51:15,2022-06
3989,5281,305,1548,3,Decent experience.,2023-08-13 09:19:38,2023-08
3990,5282,778,305,2,Very clean car.,2023-03-19 05:32:55,2023-03
3991,5284,305,544,4,,2023-06-14 10:40:15,2023-06
3992,5285,55,305,3,,2022-12-20 13:24:31,2022-12
3993,5286,305,645,5,"5 stars, highly recommend!",2022-08-06 21:25:06,2022-08
3994,5288,305,494,4,Very courteous driver.,2022-10-10 12:52:21,2022-10
3995,5288,494,305,2,"Excellent service, will ride again.",2022-10-10 14:11:21,2022-10
3996,5290,305,1492,4,,2024-04-25 17:41:09,2024-04
3997,5290,1492,305,4,,2024-04-25 18:37:09,2024-04
3998,5291,996,305,4,,2023-07-06 01:18:18,2023-07
3999,5292,47,779,1,Took a longer route.,2023-06-01 09:25:26,2023-06
4000,5295,1956,47,3,"Excellent service, will ride again.",2022-04-07 09:26:56,2022-04
4001,5296,47,1183,5,Fast and safe driver.,2022-12-11 08:56:35,2022-12
4002,5297,47,1991,2,Driver was late.,2023-03-24 03:46:06,2023-03
4003,5297,1991,47,4,"Smooth ride, on time.",2023-03-24 02:10:06,2023-03
4004,5301,47,1403,5,"Smooth ride, on time.",2023-08-10 07:22:50,2023-08
4005,5301,1403,47,3,Super friendly and helpful.,2023-08-10 08:47:50,2023-08
4006,5302,47,1100,4,,2022-12-03 05:17:31,2022-12
4007,5303,47,1828,4,,2022-06-24 16:24:03,2022-06
4008,5306,47,341,4,Fast and safe driver.,2022-05-25 19:50:30,2022-05
4009,5306,341,47,2,"Smooth ride, on time.",2022-05-25 20:00:30,2022-05
4010,5307,47,162,5,,2022-08-12 17:11:54,2022-08
4011,5308,47,1693,3,Got there safely.,2024-05-14 11:57:52,2024-05
4012,5309,47,324,5,"Easy pickup, no problems.",2023-10-05 04:39:29,2023-10
4013,5310,1117,47,2,,2022-04-23 09:20:29,2022-04
4014,5311,47,132,3,Acceptable ride.,2023-11-03 00:27:32,2023-11
4015,5314,47,131,4,"5 stars, highly recommend!",2022-07-22 06:17:24,2022-07
4016,5316,47,1227,5,Loved the music selection!,2022-12-16 10:54:49,2022-12
4017,5316,1227,47,3,,2022-12-16 11:15:49,2022-12
4018,5318,718,120,3,,2022-03-12 15:33:19,2022-03
4019,5319,1856,1162,3,,2022-12-24 00:29:54,2022-12
4020,5320,532,1605,3,Got there safely.,2023-06-27 21:42:43,2023-06
4021,5322,1764,1498,4,"Smooth ride, on time.",2024-03-10 06:39:50,2024-03
4022,5323,1498,1427,4,Loved the music selection!,2023-04-23 03:45:09,2023-04
4023,5324,1498,187,4,,2024-03-08 14:10:29,2024-03
4024,5325,1498,765,3,,2022-12-17 08:18:11,2022-12
4025,5326,1842,142,3,"OK trip, nothing special.",2023-12-02 09:35:44,2023-12
4026,5326,142,1842,4,Very clean car.,2023-12-02 11:20:44,2023-12
4027,5328,1842,1108,3,Got there safely.,2022-12-09 19:17:08,2022-12
4028,5331,1755,1842,2,"Great driver, very professional!",2022-09-05 11:32:53,2022-09
4029,5334,947,1805,4,"Great driver, very professional!",2022-01-17 13:35:21,2022-01
4030,5337,1805,779,3,,2024-04-22 12:01:28,2024-04
4031,5338,1805,1207,5,,2022-11-14 10:39:00,2022-11
4032,5341,1805,1183,4,"Great driver, very professional!",2022-05-05 07:46:56,2022-05
4033,5342,1805,430,4,Very comfortable ride.,2023-07-20 19:46:17,2023-07
4034,5346,1805,1825,4,Loved the music selection!,2024-06-07 17:36:03,2024-06
4035,5350,1805,461,3,,2022-10-20 12:38:02,2022-10
4036,5353,1805,1755,3,Trip was okay.,2023-06-15 18:46:27,2023-06
4037,5354,1805,351,5,"Easy pickup, no problems.",2024-06-26 04:02:45,2024-06
4038,5356,1805,97,4,Car was spotless.,2022-11-08 00:21:58,2022-11
4039,5358,1805,1394,4,,2023-03-23 03:16:44,2023-03
4040,5363,1430,1454,3,Very clean car.,2023-03-29 09:54:58,2023-03
4041,5364,1454,201,4,,2023-09-29 08:57:04,2023-09
4042,5365,593,1454,1,Super friendly and helpful.,2023-05-10 04:32:13,2023-05
4043,5366,1454,1948,4,,2023-04-22 06:59:28,2023-04
4044,5368,202,1769,3,"Smooth ride, on time.",2024-01-12 07:09:50,2024-01
4045,5370,444,1205,3,,2023-09-09 10:55:08,2023-09
4046,5370,1205,444,5,"Excellent service, will ride again.",2023-09-09 10:26:08,2023-09
4047,5371,444,229,4,Very clean car.,2024-03-27 00:30:28,2024-03
4048,5372,444,645,4,,2024-06-11 08:44:30,2024-06
4049,5374,444,1196,5,"Smooth ride, on time.",2023-05-07 09:53:58,2023-05
4050,5374,1196,444,3,Super friendly and helpful.,2023-05-07 11:31:58,2023-05
4051,5376,645,444,5,"Excellent service, will ride again.",2023-07-02 00:29:31,2023-07
4052,5379,444,570,5,,2023-11-27 01:04:01,2023-11
4053,5380,444,878,3,Decent experience.,2024-02-25 01:56:30,2024-02
4054,5381,318,444,4,Very clean car.,2022-05-16 10:57:42,2022-05
4055,5383,271,444,2,"Excellent service, will ride again.",2022-06-14 19:08:32,2022-06
4056,5384,444,258,4,Fast and safe driver.,2024-04-15 14:15:27,2024-04
4057,5384,258,444,3,Very clean car.,2024-04-15 14:03:27,2024-04
4058,5386,1407,515,4,,2023-11-25 13:45:20,2023-11
4059,5386,515,1407,3,,2023-11-25 13:22:20,2023-11
4060,5389,1407,957,4,,2022-01-10 04:11:14,2022-01
4061,5392,1221,1903,2,"Excellent service, will ride again.",2023-05-12 05:46:22,2023-05
4062,5395,1903,477,4,,2023-05-25 03:48:19,2023-05
4063,5395,477,1903,2,Super friendly and helpful.,2023-05-25 03:06:19,2023-05
4064,5396,1903,742,2,,2023-04-10 22:12:24,2023-04
4065,5397,1903,1968,5,"Easy pickup, no problems.",2023-05-25 06:33:48,2023-05
4066,5398,1903,1139,2,,2023-02-13 04:06:33,2023-02
4067,5398,1139,1903,5,Very clean car.,2023-02-13 04:31:33,2023-02
4068,5399,553,1903,4,Very clean car.,2022-08-28 13:42:11,2022-08
4069,5400,1903,919,5,,2024-02-27 20:21:52,2024-02
4070,5403,1903,1830,4,,2022-08-16 11:53:54,2022-08
4071,5403,1830,1903,2,Very clean car.,2022-08-16 12:07:54,2022-08
4072,5404,1865,1903,4,,2022-12-26 19:54:42,2022-12
4073,5405,1903,601,3,Got there safely.,2022-08-08 10:37:42,2022-08
4074,5405,601,1903,2,"Smooth ride, on time.",2022-08-08 10:15:42,2022-08
4075,5406,1736,1903,3,,2023-06-26 21:33:50,2023-06
4076,5410,1903,142,4,,2023-04-23 16:14:51,2023-04
4077,5413,1903,1869,4,,2022-02-21 07:02:36,2022-02
4078,5416,1585,1400,4,"Easy pickup, no problems.",2023-08-07 21:23:26,2023-08
4079,5417,1585,202,4,,2023-10-15 01:13:08,2023-10
4080,5417,202,1585,2,"Excellent service, will ride again.",2023-10-15 01:08:08,2023-10
4081,5420,24,397,3,Super friendly and helpful.,2023-06-08 22:04:25,2023-06
4082,5421,571,1005,3,"Smooth ride, on time.",2024-01-17 00:50:51,2024-01
4083,5422,1005,394,3,,2024-04-17 06:01:45,2024-04
4084,5423,1005,271,5,Very courteous driver.,2022-08-02 20:34:34,2022-08
4085,5424,1005,1099,5,,2023-08-10 06:13:56,2023-08
4086,5426,1005,834,3,,2023-02-18 20:42:17,2023-02
4087,5428,380,271,3,,2022-05-26 10:12:41,2022-05
4088,5430,262,2,5,,2022-08-05 16:55:29,2022-08
4089,5431,262,1207,4,,2022-02-14 23:32:07,2022-02
4090,5432,262,328,3,Acceptable ride.,2023-05-28 18:55:47,2023-05
4091,5434,1379,1482,3,Acceptable ride.,2024-02-03 16:59:54,2024-02
4092,5434,1482,1379,3,"Smooth ride, on time.",2024-02-03 19:07:54,2024-02
4093,5435,1379,341,5,,2023-11-07 14:44:40,2023-11
4094,5436,1379,1134,4,Very comfortable ride.,2023-10-12 08:18:46,2023-10
4095,5436,1134,1379,3,Super friendly and helpful.,2023-10-12 09:03:46,2023-10
4096,5438,1379,1547,5,Very clean car.,2023-06-24 17:49:40,2023-06
4097,5439,1379,693,3,,2022-12-12 20:39:01,2022-12
4098,5440,1379,1162,5,Fast and safe driver.,2023-11-10 19:38:30,2023-11
4099,5440,1162,1379,2,,2023-11-10 18:32:30,2023-11
4100,5441,1379,1544,4,,2024-05-03 02:34:58,2024-05
4101,5442,1379,248,5,,2022-09-29 01:13:00,2022-09
4102,5444,1526,1379,3,,2023-05-09 16:36:23,2023-05
4103,5445,1379,506,4,,2022-06-23 17:19:31,2022-06
4104,5446,1379,1267,3,Acceptable ride.,2024-04-26 13:08:23,2024-04
4105,5449,1379,1987,4,"Great rider, very polite.",2022-01-14 01:39:33,2022-01
4106,5450,1379,40,4,,2022-11-03 18:52:47,2022-11
4107,5452,1379,1162,5,Very courteous driver.,2022-08-17 11:57:08,2022-08
4108,5452,1162,1379,3,Super friendly and helpful.,2022-08-17 11:30:08,2022-08
4109,5454,1379,1310,3,,2024-01-21 19:40:51,2024-01
4110,5461,300,1081,4,"Great rider, very polite.",2023-01-11 21:02:48,2023-01
4111,5462,300,14,4,"Quick and efficient, thanks!",2022-03-16 18:02:52,2022-03
4112,5467,1202,883,4,,2023-05-19 15:36:05,2023-05
4113,5467,883,1202,4,,2023-05-19 17:49:05,2023-05
4114,5468,1202,1053,3,,2022-05-12 09:28:10,2022-05
4115,5469,1202,477,4,"Quick and efficient, thanks!",2023-03-19 13:44:48,2023-03
4116,5470,1202,1995,3,Trip was okay.,2022-03-01 23:47:34,2022-03
4117,5470,1995,1202,4,"Excellent service, will ride again.",2022-03-02 00:10:34,2022-03
4118,5472,1202,319,4,"5 stars, highly recommend!",2023-11-28 02:46:48,2023-11
4119,5473,1202,1507,4,"Smooth ride, on time.",2024-01-01 22:26:03,2024-01
4120,5473,1507,1202,3,"Excellent service, will ride again.",2024-01-01 22:06:03,2024-01
4121,5474,1202,1781,4,,2022-02-09 05:33:08,2022-02
4122,5474,1781,1202,2,Super friendly and helpful.,2022-02-09 04:44:08,2022-02
4123,5475,1202,1091,4,,2023-12-14 12:07:31,2023-12
4124,5476,1194,932,4,"5 stars, highly recommend!",2023-11-22 00:50:02,2023-11
4125,5477,1194,1584,5,Super friendly and helpful.,2023-11-20 07:03:37,2023-11
4126,5479,545,331,3,,2022-02-04 03:29:20,2022-02
4127,5480,545,1302,4,"Smooth ride, on time.",2023-01-22 05:35:10,2023-01
4128,5480,1302,545,3,"Excellent service, will ride again.",2023-01-22 05:45:10,2023-01
4129,5484,154,1564,4,,2022-12-15 01:46:06,2022-12
4130,5484,1564,154,3,Very clean car.,2022-12-15 00:24:06,2022-12
4131,5487,154,1869,5,Very clean car.,2023-06-11 01:10:19,2023-06
4132,5488,385,1131,5,,2022-06-06 12:19:53,2022-06
4133,5488,1131,385,3,"Smooth ride, on time.",2022-06-06 12:03:53,2022-06
4134,5490,385,1494,5,,2023-01-02 02:17:52,2023-01
4135,5492,385,608,5,,2023-12-27 04:32:49,2023-12
4136,5492,608,385,4,"Smooth ride, on time.",2023-12-27 05:21:49,2023-12
4137,5493,385,498,4,,2023-11-20 12:13:48,2023-11
4138,5493,498,385,4,,2023-11-20 13:11:48,2023-11
4139,5494,385,469,4,Fast and safe driver.,2023-06-03 19:45:12,2023-06
4140,5496,1814,385,4,"Smooth ride, on time.",2024-03-07 22:26:41,2024-03
4141,5497,385,1763,3,,2023-02-09 02:25:32,2023-02
4142,5498,385,132,5,"Quick and efficient, thanks!",2022-07-24 11:38:54,2022-07
4143,5500,385,1135,4,,2023-02-01 04:59:19,2023-02
4144,5501,385,833,4,,2024-02-29 18:09:47,2024-02
4145,5501,833,385,4,,2024-02-29 17:37:47,2024-02
4146,5503,385,1526,4,Loved the music selection!,2022-11-08 21:16:38,2022-11
4147,5504,385,389,4,Car was spotless.,2023-11-21 12:20:42,2023-11
4148,5504,389,385,2,"Smooth ride, on time.",2023-11-21 11:43:42,2023-11
4149,5505,385,866,3,,2024-03-16 20:10:17,2024-03
4150,5505,866,385,3,Very clean car.,2024-03-16 22:35:17,2024-03
4151,5506,1544,385,3,Very clean car.,2022-08-19 09:07:27,2022-08
4152,5508,1165,833,5,,2024-03-03 19:07:18,2024-03
4153,5508,833,1165,3,"Smooth ride, on time.",2024-03-03 20:50:18,2024-03
4154,5509,1352,1165,3,"Great driver, very professional!",2022-03-15 09:10:51,2022-03
4155,5511,1165,339,2,,2023-06-27 00:34:47,2023-06
4156,5512,1165,194,4,,2023-12-24 22:41:24,2023-12
4157,5514,1165,957,4,,2022-03-17 00:27:14,2022-03
4158,5515,1165,224,3,,2022-01-02 20:43:40,2022-01
4159,5521,412,1165,4,Super friendly and helpful.,2024-01-21 15:45:20,2024-01
4160,5525,1165,1243,3,Nothing to complain about.,2022-08-23 14:23:34,2022-08
4161,5526,1165,601,3,,2022-07-18 02:04:00,2022-07
4162,5527,1739,1165,3,"Smooth ride, on time.",2022-08-17 02:44:56,2022-08
4163,5528,1165,66,3,,2024-03-22 18:14:32,2024-03
4164,5529,1165,940,5,,2023-04-07 17:36:54,2023-04
4165,5530,1165,570,3,,2023-01-08 09:55:26,2023-01
4166,5530,570,1165,3,"Smooth ride, on time.",2023-01-08 09:32:26,2023-01
4167,5531,1165,331,4,,2023-02-01 10:09:19,2023-02
4168,5531,331,1165,3,"Smooth ride, on time.",2023-02-01 11:22:19,2023-02
4169,5533,1165,1011,5,,2024-06-02 08:35:42,2024-06
4170,5534,1165,271,5,,2023-12-13 16:43:50,2023-12
4171,5534,271,1165,3,"Smooth ride, on time.",2023-12-13 19:10:50,2023-12
4172,5536,1165,1227,3,Trip was okay.,2022-08-27 04:42:46,2022-08
4173,5539,1165,1207,5,"Smooth ride, on time.",2022-08-24 12:53:14,2022-08
4174,5540,1165,1386,5,,2023-02-08 18:25:21,2023-02
4175,5541,224,1165,2,Super friendly and helpful.,2024-02-14 11:50:17,2024-02
4176,5542,1165,1081,4,Super friendly and helpful.,2023-07-04 22:13:50,2023-07
4177,5546,1165,1881,3,,2022-10-28 01:48:27,2022-10
4178,5546,1881,1165,2,,2022-10-28 01:46:27,2022-10
4179,5549,1165,1987,4,,2024-04-03 23:18:59,2024-04
4180,5551,1165,162,5,,2023-10-20 18:15:22,2023-10
4181,5551,162,1165,4,,2023-10-20 19:25:22,2023-10
4182,5552,1165,957,3,,2023-09-26 11:47:24,2023-09
4183,5552,957,1165,4,"Excellent service, will ride again.",2023-09-26 12:36:24,2023-09
4184,5553,1165,920,4,"Excellent service, will ride again.",2024-02-10 16:12:51,2024-02
4185,5557,1165,1343,4,"Great rider, very polite.",2022-01-13 03:00:33,2022-01
4186,5558,1165,1198,4,Fast and safe driver.,2022-04-30 04:17:41,2022-04
4187,5558,1198,1165,4,"Excellent service, will ride again.",2022-04-30 04:16:41,2022-04
4188,5560,1165,1658,4,,2024-03-18 01:35:19,2024-03
4189,5564,466,833,4,,2023-03-15 13:46:46,2023-03
4190,5564,833,466,3,Super friendly and helpful.,2023-03-15 15:03:46,2023-03
4191,5565,466,742,3,,2022-12-28 12:38:56,2022-12
4192,5568,466,1477,4,,2024-02-19 11:59:53,2024-02
4193,5569,466,201,5,,2023-12-25 07:30:49,2023-12
4194,5569,201,466,4,,2023-12-25 07:31:49,2023-12
4195,5570,466,759,5,,2022-12-19 21:04:58,2022-12
4196,5571,539,466,4,Super friendly and helpful.,2023-07-31 06:41:25,2023-07
4197,5573,466,1983,3,Decent experience.,2023-03-22 15:15:02,2023-03
4198,5574,434,466,3,Very clean car.,2022-10-15 19:03:46,2022-10
4199,5576,466,1881,4,,2022-05-31 20:27:41,2022-05
4200,5576,1881,466,3,"Great driver, very professional!",2022-05-31 21:55:41,2022-05
4201,5577,466,136,3,Acceptable ride.,2022-10-15 05:27:39,2022-10
4202,5578,466,318,4,"Great driver, very professional!",2024-02-03 08:49:22,2024-02
4203,5580,466,690,5,,2023-04-21 22:43:32,2023-04
4204,5580,690,466,4,Very clean car.,2023-04-21 23:06:32,2023-04
4205,5584,867,466,4,"Great driver, very professional!",2024-03-25 20:16:50,2024-03
4206,5585,1948,1383,4,Very clean car.,2022-11-22 12:52:45,2022-11
4207,5586,1383,458,3,,2022-11-14 03:05:21,2022-11
4208,5589,1383,1221,4,"5 stars, highly recommend!",2022-08-14 13:04:59,2022-08
4209,5594,37,1373,5,,2023-04-29 03:05:00,2023-04
4210,5594,1373,37,3,,2023-04-29 05:01:00,2023-04
4211,5595,37,1026,4,Fast and safe driver.,2023-11-08 14:03:45,2023-11
4212,5596,37,1413,4,,2023-08-26 11:54:39,2023-08
4213,5600,37,822,3,,2023-11-09 11:21:30,2023-11
4214,5602,37,995,3,Fine driver.,2023-08-26 22:03:49,2023-08
4215,5602,995,37,3,Super friendly and helpful.,2023-08-26 23:15:49,2023-08
4216,5604,37,1105,3,,2022-08-25 02:57:03,2022-08
4217,5606,37,1472,3,Average experience.,2023-03-17 01:15:22,2023-03
4218,5607,37,842,3,Fine driver.,2024-01-01 01:38:10,2024-01
4219,5608,1904,1658,5,,2023-05-11 01:37:18,2023-05
4220,5611,1904,1331,4,,2022-09-27 19:51:18,2022-09
4221,5612,1011,1904,3,Very clean car.,2022-05-18 07:23:17,2022-05
4222,5613,1479,1904,3,"Great driver, very professional!",2022-09-19 09:27:31,2022-09
4223,5617,334,1904,4,Very clean car.,2024-03-03 17:43:25,2024-03
4224,5618,1904,1764,4,,2022-10-07 03:42:57,2022-10
4225,5619,1904,997,4,,2024-06-20 00:38:50,2024-06
4226,5624,1904,210,4,"Great driver, very professional!",2023-03-22 12:49:18,2023-03
4227,5624,210,1904,2,"Excellent service, will ride again.",2023-03-22 13:39:18,2023-03
4228,5627,1904,194,3,Acceptable ride.,2023-10-15 05:33:35,2023-10
4229,5627,194,1904,3,Very clean car.,2023-10-15 05:19:35,2023-10
4230,5629,1904,40,4,,2023-05-04 05:59:02,2023-05
4231,5631,1904,192,4,,2023-02-13 09:49:55,2023-02
4232,5632,1904,697,3,Decent experience.,2023-04-12 19:41:37,2023-04
4233,5633,1904,1544,5,,2023-06-16 10:01:55,2023-06
4234,5634,443,1450,4,,2022-02-14 17:28:48,2022-02
4235,5637,643,1251,2,,2024-05-29 22:13:41,2024-05
4236,5638,128,1651,4,"Smooth ride, on time.",2023-09-18 21:07:42,2023-09
4237,5638,1651,128,5,"Great driver, very professional!",2023-09-18 23:24:42,2023-09
4238,5642,905,1965,4,"5 stars, highly recommend!",2022-10-17 11:29:06,2022-10
4239,5642,1965,905,3,Very clean car.,2022-10-17 10:39:06,2022-10
4240,5643,1099,905,4,,2022-12-30 06:54:35,2022-12
4241,5646,905,89,3,,2022-08-28 07:01:57,2022-08
4242,5646,89,905,4,Very clean car.,2022-08-28 07:59:57,2022-08
4243,5648,905,1564,4,,2023-01-21 08:58:01,2023-01
4244,5650,990,1507,5,Car was spotless.,2024-04-03 05:22:06,2024-04
4245,5650,1507,990,4,Super friendly and helpful.,2024-04-03 05:11:06,2024-04
4246,5652,990,97,4,"Quick and efficient, thanks!",2022-03-16 05:10:13,2022-03
4247,5652,97,990,2,"Excellent service, will ride again.",2022-03-16 06:27:13,2022-03
4248,5654,1636,472,3,Fine driver.,2024-03-27 17:38:48,2024-03
4249,5656,1825,1028,3,,2023-01-09 18:50:00,2023-01
4250,5657,1028,132,5,,2022-12-28 10:06:52,2022-12
4251,5657,132,1028,4,"Great driver, very professional!",2022-12-28 11:11:52,2022-12
4252,5660,645,1028,3,Very clean car.,2023-04-12 12:00:30,2023-04
4253,5663,1028,510,3,Got there safely.,2022-08-18 14:04:01,2022-08
4254,5663,510,1028,2,Super friendly and helpful.,2022-08-18 13:20:01,2022-08
4255,5664,256,1028,4,Very clean car.,2022-10-25 14:12:34,2022-10
4256,5667,1028,434,3,,2023-02-28 03:04:31,2023-02
4257,5669,1028,1890,3,Acceptable ride.,2023-02-06 12:32:31,2023-02
4258,5671,510,1028,1,"Excellent service, will ride again.",2022-11-06 05:03:38,2022-11
4259,5672,1028,1170,5,Very clean car.,2024-01-23 03:36:58,2024-01
4260,5673,1028,142,4,,2023-04-03 13:00:18,2023-04
4261,5674,1028,248,4,,2022-07-01 18:52:06,2022-07
4262,5676,1028,187,4,,2022-10-19 18:43:31,2022-10
4263,5677,1028,52,5,Super friendly and helpful.,2023-08-13 18:56:50,2023-08
4264,5680,1343,1028,4,Super friendly and helpful.,2023-08-15 11:48:19,2023-08
4265,5681,162,1028,4,"Smooth ride, on time.",2023-06-15 02:14:30,2023-06
4266,5685,1028,2,4,Super friendly and helpful.,2023-09-05 19:13:48,2023-09
4267,5687,187,1028,3,"Smooth ride, on time.",2022-05-27 20:43:14,2022-05
4268,5688,1028,508,5,"5 stars, highly recommend!",2023-02-04 22:59:10,2023-02
4269,5688,508,1028,4,Very clean car.,2023-02-05 00:15:10,2023-02
4270,5690,1028,1134,5,,2024-06-15 04:11:16,2024-06
4271,5691,996,1028,4,"Great driver, very professional!",2023-11-02 16:09:31,2023-11
4272,5693,1028,207,3,,2022-07-02 01:34:50,2022-07
4273,5694,1028,736,3,,2023-03-30 21:17:07,2023-03
4274,5694,736,1028,2,Very clean car.,2023-03-30 23:02:07,2023-03
4275,5695,1028,119,4,,2023-09-18 06:15:35,2023-09
4276,5696,1028,1526,3,Decent experience.,2023-08-17 23:09:59,2023-08
4277,5697,1028,502,4,Super friendly and helpful.,2023-11-06 15:35:40,2023-11
4278,5699,1028,891,4,"Smooth ride, on time.",2022-01-28 18:15:00,2022-01
4279,5700,1028,1825,4,,2023-04-23 09:39:55,2023-04
4280,5701,1028,44,3,Got there safely.,2023-05-14 01:02:46,2023-05
4281,5704,115,1028,5,,2024-03-20 01:25:20,2024-03
4282,5706,1028,1509,4,,2023-04-24 22:36:27,2023-04
4283,5707,1028,1001,4,,2022-01-15 23:47:53,2022-01
4284,5708,1028,494,4,,2024-05-19 02:28:23,2024-05
4285,5711,1028,1869,5,"Quick and efficient, thanks!",2022-10-10 01:05:21,2022-10
4286,5711,1869,1028,2,"Smooth ride, on time.",2022-10-10 03:07:21,2022-10
4287,5713,1028,1526,4,,2024-05-26 00:07:10,2024-05
4288,5714,1028,1790,4,Very comfortable ride.,2023-12-04 06:07:22,2023-12
4289,5715,1028,728,4,"Great rider, very polite.",2022-06-20 18:44:14,2022-06
4290,5715,728,1028,2,,2022-06-20 20:24:14,2022-06
4291,5718,1028,1623,4,"Smooth ride, on time.",2023-06-01 00:01:04,2023-06
4292,5718,1623,1028,2,Super friendly and helpful.,2023-06-01 01:12:04,2023-06
4293,5719,1028,351,3,,2024-05-23 20:16:36,2024-05
4294,5719,351,1028,3,,2024-05-23 20:27:36,2024-05
4295,5721,1028,147,3,,2022-04-25 21:24:59,2022-04
4296,5721,147,1028,3,Very clean car.,2022-04-25 22:10:59,2022-04
4297,5723,1028,1763,3,Fine driver.,2022-02-24 09:19:43,2022-02
4298,5724,1028,1889,4,"Great driver, very professional!",2024-03-17 01:38:09,2024-03
4299,5726,1028,585,5,Super friendly and helpful.,2022-05-15 06:05:01,2022-05
4300,5727,1028,1558,3,,2023-12-26 23:49:22,2023-12
4301,5728,225,1028,3,Very clean car.,2022-07-21 07:51:46,2022-07
4302,5729,1028,2,4,"Quick and efficient, thanks!",2022-07-16 05:39:31,2022-07
4303,5730,1028,1350,3,,2022-04-09 04:13:54,2022-04
4304,5731,1028,31,3,,2024-01-07 03:44:58,2024-01
4305,5733,986,1028,3,Very clean car.,2022-08-30 17:39:16,2022-08
4306,5735,1028,1386,5,,2022-12-21 03:22:01,2022-12
4307,5739,1028,647,3,"OK trip, nothing special.",2023-03-15 22:38:17,2023-03
4308,5739,647,1028,4,Very clean car.,2023-03-15 21:47:17,2023-03
4309,5740,1028,1205,3,Nothing to complain about.,2023-09-01 16:55:55,2023-09
4310,5741,1028,14,5,Loved the music selection!,2022-03-21 10:56:21,2022-03
4311,5743,539,1028,3,,2022-09-16 08:51:07,2022-09
4312,5744,1028,1955,4,"5 stars, highly recommend!",2022-03-11 19:42:14,2022-03
4313,5744,1955,1028,3,"Smooth ride, on time.",2022-03-11 19:48:14,2022-03
4314,5745,710,1495,3,Got there safely.,2022-01-18 01:38:32,2022-01
4315,5745,1495,710,3,Very clean car.,2022-01-18 02:01:32,2022-01
4316,5746,710,1590,4,,2023-11-22 16:18:07,2023-11
4317,5746,1590,710,3,Super friendly and helpful.,2023-11-22 16:10:07,2023-11
4318,5747,710,919,3,Acceptable ride.,2023-07-16 19:46:45,2023-07
4319,5747,919,710,3,,2023-07-16 20:55:45,2023-07
4320,5748,710,1775,5,,2022-07-14 04:29:22,2022-07
4321,5748,1775,710,4,,2022-07-14 07:21:22,2022-07
4322,5749,710,472,3,Decent experience.,2022-10-14 22:48:46,2022-10
4323,5749,472,710,4,,2022-10-14 22:41:46,2022-10
4324,5750,710,571,4,,2023-09-15 16:02:34,2023-09
4325,5752,710,1497,4,Loved the music selection!,2022-07-27 06:32:56,2022-07
4326,5753,710,1302,4,,2022-11-03 20:58:43,2022-11
4327,5754,710,1548,3,"OK trip, nothing special.",2022-03-20 08:30:23,2022-03
4328,5754,1548,710,2,Very clean car.,2022-03-20 10:10:23,2022-03
4329,5755,710,1117,5,,2022-01-12 09:06:32,2022-01
4330,5756,710,485,4,,2024-04-07 17:23:39,2024-04
4331,5757,710,461,3,,2023-06-09 06:00:51,2023-06
4332,5759,710,608,3,,2023-10-20 07:17:05,2023-10
4333,5760,274,1841,4,,2024-02-16 09:10:34,2024-02
4334,5761,1035,274,5,Super friendly and helpful.,2024-03-23 03:08:44,2024-03
4335,5765,274,467,2,Took a longer route.,2024-05-22 10:13:05,2024-05
4336,5765,467,274,3,,2024-05-22 09:35:05,2024-05
4337,5767,274,155,4,"Quick and efficient, thanks!",2022-04-27 00:57:08,2022-04
4338,5768,274,323,4,Very comfortable ride.,2022-12-16 23:04:09,2022-12
4339,5769,274,728,4,"5 stars, highly recommend!",2023-05-23 15:58:54,2023-05
4340,5771,274,1983,4,"Great rider, very polite.",2023-09-07 18:23:11,2023-09
4341,5773,274,1472,4,,2023-04-07 10:31:42,2023-04
4342,5777,274,1590,4,,2023-08-25 07:49:21,2023-08
4343,5778,783,118,4,,2024-04-09 19:29:12,2024-04
4344,5779,783,1386,3,,2024-03-04 17:53:19,2024-03
4345,5781,1841,783,4,"Excellent service, will ride again.",2022-12-16 03:29:19,2022-12
4346,5783,1218,1139,3,,2023-07-18 03:37:58,2023-07
4347,5785,1218,104,5,"Smooth ride, on time.",2022-03-20 18:02:55,2022-03
4348,5785,104,1218,3,Very clean car.,2022-03-20 18:29:55,2022-03
4349,5788,1218,1865,4,,2022-12-12 00:56:24,2022-12
4350,5790,1218,1724,4,,2022-08-31 17:00:57,2022-08
4351,5791,898,1218,3,,2022-07-25 06:52:36,2022-07
4352,5792,1218,1026,5,"5 stars, highly recommend!",2023-04-22 12:59:39,2023-04
4353,5792,1026,1218,3,,2023-04-22 14:15:39,2023-04
4354,5793,1218,458,4,"Easy pickup, no problems.",2023-02-11 22:30:45,2023-02
4355,5794,1218,1853,4,"Quick and efficient, thanks!",2022-12-31 06:38:41,2022-12
4356,5794,1853,1218,5,,2022-12-31 07:53:41,2022-12
4357,5796,1218,891,4,"Easy pickup, no problems.",2022-01-15 15:36:40,2022-01
4358,5796,891,1218,3,,2022-01-15 14:59:40,2022-01
4359,5799,1218,162,5,Very comfortable ride.,2023-07-12 17:29:18,2023-07
4360,5799,162,1218,3,Very clean car.,2023-07-12 18:31:18,2023-07
4361,5800,1035,1218,3,"Excellent service, will ride again.",2024-01-15 07:23:49,2024-01
4362,5801,1218,1795,3,,2022-12-17 06:56:53,2022-12
4363,5802,1218,1654,1,Not very clean.,2023-11-15 18:43:42,2023-11
4364,5805,629,1606,2,Rough driving.,2022-12-27 11:39:49,2022-12
4365,5807,869,833,5,"Smooth ride, on time.",2023-07-09 13:08:16,2023-07
4366,5807,833,869,2,"Great driver, very professional!",2023-07-09 13:18:16,2023-07
4367,5808,869,1248,4,,2022-05-15 15:04:34,2022-05
4368,5810,869,1131,5,Fast and safe driver.,2024-05-09 10:20:34,2024-05
4369,5810,1131,869,2,,2024-05-09 10:10:34,2024-05
4370,5811,869,1371,4,Very courteous driver.,2022-07-05 03:32:26,2022-07
4371,5813,782,939,3,"Excellent service, will ride again.",2022-10-07 14:13:40,2022-10
4372,5814,1586,602,4,,2023-12-19 23:24:38,2023-12
4373,5816,1586,293,3,Trip was okay.,2024-01-10 11:00:32,2024-01
4374,5816,293,1586,3,Super friendly and helpful.,2024-01-10 12:40:32,2024-01
4375,5818,1586,448,4,"5 stars, highly recommend!",2023-11-17 07:34:18,2023-11
4376,5820,1586,14,4,,2022-01-28 05:07:10,2022-01
4377,5824,909,1775,5,,2023-07-04 14:55:09,2023-07
4378,5825,909,539,3,Fine driver.,2023-09-15 10:57:59,2023-09
4379,5828,909,1651,3,,2022-04-14 07:12:05,2022-04
4380,5829,176,909,5,,2022-12-13 23:01:48,2022-12
4381,5830,909,1544,4,"Great driver, very professional!",2024-02-12 09:41:35,2024-02
4382,5831,909,643,4,Loved the music selection!,2022-11-22 16:41:23,2022-11
4383,5833,909,959,4,Very courteous driver.,2022-10-19 11:23:39,2022-10
4384,5834,909,542,5,Very comfortable ride.,2023-05-15 18:31:27,2023-05
4385,5836,127,778,3,,2022-09-28 14:28:42,2022-09
4386,5836,778,127,3,Super friendly and helpful.,2022-09-28 14:14:42,2022-09
4387,5837,127,7,2,,2022-09-04 10:37:18,2022-09
4388,5838,1427,127,2,"Excellent service, will ride again.",2022-10-26 13:52:21,2022-10
4389,5839,127,1413,4,Very clean car.,2023-07-29 14:56:43,2023-07
4390,5843,127,1606,2,Rough driving.,2024-01-05 21:00:17,2024-01
4391,5843,1606,127,3,"Excellent service, will ride again.",2024-01-05 22:17:17,2024-01
4392,5844,127,947,4,"Great rider, very polite.",2022-10-08 13:48:50,2022-10
4393,5844,947,127,3,"Great driver, very professional!",2022-10-08 14:26:50,2022-10
4394,5846,127,164,3,,2024-05-28 07:08:20,2024-05
4395,5847,164,127,3,Very clean car.,2022-04-17 02:51:25,2022-04
4396,5848,127,1608,3,Trip was okay.,2023-12-14 05:05:35,2023-12
4397,5852,127,1605,5,"Perfect trip, no issues.",2023-10-30 21:45:46,2023-10
4398,5853,628,957,3,Nothing to complain about.,2022-06-15 08:57:46,2022-06
4399,5853,957,628,3,Super friendly and helpful.,2022-06-15 08:35:46,2022-06
4400,5854,628,1181,4,,2023-08-05 06:13:56,2023-08
4401,5854,1181,628,5,"Smooth ride, on time.",2023-08-05 07:42:56,2023-08
4402,5857,628,271,3,,2023-12-01 13:38:28,2023-12
4403,5857,271,628,3,"Great driver, very professional!",2023-12-01 15:22:28,2023-12
4404,5859,628,542,5,,2023-02-03 12:18:23,2023-02
4405,5861,628,782,4,,2023-12-04 15:13:53,2023-12
4406,5864,628,1394,2,,2024-01-15 06:23:14,2024-01
4407,5865,628,131,3,"OK trip, nothing special.",2023-06-16 03:24:42,2023-06
4408,5865,131,628,4,Super friendly and helpful.,2023-06-16 03:44:42,2023-06
4409,5867,628,1984,4,"Great driver, very professional!",2022-05-09 15:57:01,2022-05
4410,5868,628,1995,3,Trip was okay.,2022-01-09 12:43:24,2022-01
4411,5869,628,136,3,Acceptable ride.,2022-04-14 13:11:55,2022-04
4412,5870,628,1139,4,,2024-02-06 09:12:45,2024-02
4413,5871,628,571,5,Super friendly and helpful.,2023-04-03 11:27:01,2023-04
4414,5871,571,628,3,"Excellent service, will ride again.",2023-04-03 12:13:01,2023-04
4415,5872,628,891,5,Fast and safe driver.,2024-04-20 16:38:26,2024-04
4416,5873,628,194,3,,2023-04-10 03:31:38,2023-04
4417,5874,31,628,2,"Excellent service, will ride again.",2022-11-18 22:42:47,2022-11
4418,5875,628,1267,3,,2023-01-19 22:35:42,2023-01
4419,5875,1267,628,4,"Smooth ride, on time.",2023-01-19 21:15:42,2023-01
4420,5876,628,1187,3,,2023-11-28 17:27:32,2023-11
4421,5878,1470,288,3,Got there safely.,2022-11-18 01:41:21,2022-11
4422,5879,1470,1030,2,Took a longer route.,2023-12-28 18:47:59,2023-12
4423,5880,1470,1196,4,"Excellent service, will ride again.",2022-02-17 11:36:55,2022-02
4424,5881,1470,779,3,,2024-05-10 10:27:13,2024-05
4425,5882,1470,726,4,,2022-08-16 18:03:51,2022-08
4426,5883,1470,1206,5,"Easy pickup, no problems.",2023-05-07 08:30:34,2023-05
4427,5883,1206,1470,4,"Smooth ride, on time.",2023-05-07 07:47:34,2023-05
4428,5884,1470,1755,2,Not very clean.,2023-04-04 10:23:46,2023-04
4429,5886,1403,1470,4,"Excellent service, will ride again.",2023-04-03 07:21:00,2023-04
4430,5887,1653,1470,3,"Great driver, very professional!",2023-06-17 05:19:36,2023-06
4431,5888,1470,258,4,,2023-06-28 10:24:44,2023-06
4432,5889,866,1470,4,"Excellent service, will ride again.",2023-03-14 13:39:15,2023-03
4433,5890,1470,1492,4,,2023-02-26 05:52:55,2023-02
4434,5891,1470,1482,3,"OK trip, nothing special.",2024-05-17 19:37:35,2024-05
4435,5891,1482,1470,4,"Great driver, very professional!",2024-05-17 21:37:35,2024-05
4436,5892,1760,1947,5,,2024-01-09 16:57:03,2024-01
4437,5893,997,1760,2,"Great driver, very professional!",2023-01-09 19:52:48,2023-01
4438,5894,5,67,5,"Excellent service, will ride again.",2022-05-22 22:13:24,2022-05
4439,5896,67,1091,4,,2023-01-20 06:26:28,2023-01
4440,5896,1091,67,4,"Excellent service, will ride again.",2023-01-20 08:14:28,2023-01
4441,5897,67,1794,3,Decent experience.,2023-11-01 13:47:17,2023-11
4442,5897,1794,67,4,"Great driver, very professional!",2023-11-01 14:08:17,2023-11
4443,5898,67,1471,3,Got there safely.,2022-12-30 23:17:44,2022-12
4444,5900,67,1776,4,"Great rider, very polite.",2023-06-09 18:53:22,2023-06
4445,5901,67,115,3,,2022-09-08 18:12:30,2022-09
4446,5901,115,67,3,"Excellent service, will ride again.",2022-09-08 18:20:30,2022-09
4447,5902,67,1135,4,,2022-05-20 16:56:47,2022-05
4448,5902,1135,67,2,"Excellent service, will ride again.",2022-05-20 18:15:47,2022-05
4449,5904,67,488,3,,2022-04-21 01:24:54,2022-04
4450,5904,488,67,3,"Excellent service, will ride again.",2022-04-20 23:48:54,2022-04
4451,5905,67,288,3,,2022-07-10 04:02:33,2022-07
4452,5907,67,1812,2,Rough driving.,2024-02-05 16:19:59,2024-02
4453,5908,1494,1063,3,Super friendly and helpful.,2023-03-03 11:48:04,2023-03
4454,5909,1063,1558,3,,2022-02-15 21:49:32,2022-02
4455,5912,1063,1331,4,"5 stars, highly recommend!",2022-11-18 11:06:38,2022-11
4456,5912,1331,1063,4,"Smooth ride, on time.",2022-11-18 10:05:38,2022-11
4457,5913,1063,136,5,Car was spotless.,2023-08-29 21:50:42,2023-08
4458,5913,136,1063,3,"Excellent service, will ride again.",2023-08-29 21:18:42,2023-08
4459,5914,1063,974,4,Very courteous driver.,2024-03-15 01:56:54,2024-03
4460,5915,866,1063,2,"Great driver, very professional!",2022-05-27 19:06:11,2022-05
4461,5916,1063,690,5,,2023-03-15 21:32:57,2023-03
4462,5917,1063,1790,3,,2024-06-02 14:37:07,2024-06
4463,5919,1343,1063,3,"Excellent service, will ride again.",2023-12-05 18:28:52,2023-12
4464,5920,1063,608,4,Very clean car.,2024-06-08 20:05:42,2024-06
4465,5922,1063,1853,5,"Smooth ride, on time.",2024-03-05 13:47:20,2024-03
4466,5923,1063,1713,4,"Great driver, very professional!",2023-08-27 08:55:44,2023-08
4467,5926,1063,1584,3,,2023-12-24 08:09:48,2023-12
4468,5927,1063,1653,4,Very courteous driver.,2023-03-31 00:23:26,2023-03
4469,5928,1063,1937,5,,2022-02-22 06:33:59,2022-02
4470,5930,1063,433,4,,2023-08-14 04:53:37,2023-08
4471,5930,433,1063,4,,2023-08-14 05:24:37,2023-08
4472,5931,1063,328,3,,2024-05-16 16:39:33,2024-05
4473,5932,1063,271,4,Very courteous driver.,2022-11-01 17:48:17,2022-11
4474,5933,1063,1865,5,"Quick and efficient, thanks!",2024-03-02 09:33:47,2024-03
4475,5933,1865,1063,4,"Great driver, very professional!",2024-03-02 12:11:47,2024-03
4476,5934,1063,1564,4,"Easy pickup, no problems.",2023-06-16 17:02:30,2023-06
4477,5936,1063,119,4,Loved the music selection!,2023-08-04 04:32:27,2023-08
4478,5937,1063,66,4,"Great rider, very polite.",2023-04-01 05:54:06,2023-04
4479,5938,759,1063,3,"Great driver, very professional!",2024-05-08 03:56:47,2024-05
4480,5940,1063,800,3,,2024-01-08 02:12:46,2024-01
4481,5940,800,1063,4,Super friendly and helpful.,2024-01-08 03:55:46,2024-01
4482,5941,1063,898,5,,2023-06-04 11:51:54,2023-06
4483,5941,898,1063,4,"Smooth ride, on time.",2023-06-04 12:55:54,2023-06
4484,5944,1063,748,4,,2023-02-18 09:08:06,2023-02
4485,5944,748,1063,3,Super friendly and helpful.,2023-02-18 08:41:06,2023-02
4486,5946,543,1063,3,"Great driver, very professional!",2022-05-10 17:35:51,2022-05
4487,5947,1063,139,5,,2023-01-07 00:24:08,2023-01
4488,5948,1063,932,4,Loved the music selection!,2022-02-28 09:09:47,2022-02
4489,5950,439,1063,3,Super friendly and helpful.,2024-06-21 05:40:56,2024-06
4490,5953,1063,1035,5,Very clean car.,2022-03-26 07:13:52,2022-03
4491,5954,1063,142,3,"OK trip, nothing special.",2022-08-14 09:07:57,2022-08
4492,5956,1063,1352,3,,2023-11-02 09:21:14,2023-11
4493,5962,1063,494,4,,2023-05-13 04:29:47,2023-05
4494,5962,494,1063,2,"Great driver, very professional!",2023-05-13 03:30:47,2023-05
4495,5963,1063,117,3,Acceptable ride.,2023-09-05 09:11:46,2023-09
4496,5964,1063,97,4,Fast and safe driver.,2022-06-18 06:40:52,2022-06
4497,5965,1063,448,4,,2024-02-02 07:41:06,2024-02
4498,5965,448,1063,4,Very clean car.,2024-02-02 08:38:06,2024-02
4499,5967,1293,1063,4,"Smooth ride, on time.",2022-04-06 02:38:33,2022-04
4500,5969,1063,331,5,,2022-07-22 23:36:03,2022-07
4501,5970,1063,1100,3,,2023-02-25 09:15:19,2023-02
4502,5971,1063,1684,4,,2022-10-06 15:41:13,2022-10
4503,5972,1063,986,3,"OK trip, nothing special.",2023-05-08 18:24:36,2023-05
4504,5974,1063,1826,3,,2023-09-26 07:19:22,2023-09
4505,5975,1063,1394,4,,2023-11-17 15:38:41,2023-11
4506,5980,1063,1700,4,Very clean car.,2023-05-25 04:50:00,2023-05
4507,5981,1063,1099,4,"5 stars, highly recommend!",2022-04-23 11:10:36,2022-04
4508,5984,1063,1658,4,,2023-11-29 21:45:52,2023-11
4509,5984,1658,1063,4,"Smooth ride, on time.",2023-11-29 23:34:52,2023-11
4510,5986,1063,324,5,,2024-05-23 21:35:09,2024-05
4511,5986,324,1063,3,,2024-05-23 22:22:09,2024-05
4512,5987,5,1063,2,"Excellent service, will ride again.",2024-03-12 18:04:52,2024-03
4513,5988,1063,1023,3,,2023-07-29 20:38:21,2023-07
4514,5988,1023,1063,5,,2023-07-29 22:39:21,2023-07
4515,5989,1063,323,3,"OK trip, nothing special.",2022-04-28 13:15:26,2022-04
4516,5990,1063,1841,4,Fast and safe driver.,2024-02-06 09:36:26,2024-02
4517,5990,1841,1063,4,,2024-02-06 11:25:26,2024-02
4518,5992,986,641,3,"Smooth ride, on time.",2022-12-22 12:44:10,2022-12
4519,5995,868,641,3,"Excellent service, will ride again.",2022-06-12 00:20:04,2022-06
4520,5996,641,690,3,Average experience.,2022-10-11 18:55:40,2022-10
4521,5998,648,647,4,"Great rider, very polite.",2022-12-16 10:53:22,2022-12
4522,5999,648,919,4,,2024-01-22 03:05:34,2024-01
4523,6000,648,647,4,Loved the music selection!,2022-11-08 13:22:25,2022-11
4524,6001,1744,1309,4,"Excellent service, will ride again.",2024-06-20 02:37:35,2024-06
4525,6002,1744,202,5,,2024-05-22 06:30:37,2024-05
4526,6002,202,1744,3,,2024-05-22 05:37:37,2024-05
4527,6003,1744,585,3,,2024-02-09 09:18:32,2024-02
4528,6004,559,446,4,,2023-03-13 16:59:16,2023-03
4529,6004,446,559,4,"Great driver, very professional!",2023-03-13 17:57:16,2023-03
4530,6005,559,940,3,Nothing to complain about.,2023-08-13 08:04:44,2023-08
4531,6005,940,559,4,"Great driver, very professional!",2023-08-13 07:01:44,2023-08
4532,6006,559,868,4,,2024-04-22 09:49:18,2024-04
4533,6010,559,1881,5,"Quick and efficient, thanks!",2022-11-03 01:58:06,2022-11
4534,6011,559,1794,3,Decent experience.,2023-11-04 00:47:34,2023-11
4535,6012,559,62,4,,2023-03-22 17:16:54,2023-03
4536,6015,559,1139,3,,2023-04-10 14:52:20,2023-04
4537,6015,1139,559,5,"Smooth ride, on time.",2023-04-10 14:54:20,2023-04
4538,6017,559,1526,5,,2024-02-12 04:22:02,2024-02
4539,6019,224,559,4,Very clean car.,2023-12-05 01:37:02,2023-12
4540,6020,559,89,3,,2022-11-30 14:18:17,2022-11
4541,6020,89,559,3,Very clean car.,2022-11-30 12:50:17,2022-11
4542,6021,559,612,2,,2022-03-09 16:35:47,2022-03
4543,6023,1684,559,4,,2022-06-16 05:34:53,2022-06
4544,6024,559,1081,5,,2023-12-29 13:28:02,2023-12
4545,6024,1081,559,2,Super friendly and helpful.,2023-12-29 14:17:02,2023-12
4546,6025,559,1713,3,Nothing to complain about.,2023-11-24 20:01:59,2023-11
4547,6028,559,258,4,,2023-09-04 02:45:53,2023-09
4548,6029,559,430,4,,2023-01-29 10:49:11,2023-01
4549,6030,1975,559,3,Super friendly and helpful.,2022-08-15 21:20:00,2022-08
4550,6031,559,1309,4,,2023-11-28 10:33:58,2023-11
4551,6031,1309,559,3,Very clean car.,2023-11-28 11:45:58,2023-11
4552,6033,559,139,5,"5 stars, highly recommend!",2024-02-04 05:30:54,2024-02
4553,6034,559,705,3,Fine driver.,2023-02-25 03:29:06,2023-02
4554,6035,559,1001,4,"5 stars, highly recommend!",2022-03-28 15:03:22,2022-03
4555,6036,559,1310,4,"Smooth ride, on time.",2022-10-12 02:04:14,2022-10
4556,6036,1310,559,4,"Smooth ride, on time.",2022-10-12 02:27:14,2022-10
4557,6037,559,1494,4,,2024-04-05 05:23:29,2024-04
4558,6040,559,1139,3,,2022-06-29 04:41:39,2022-06
4559,6042,1135,559,3,Super friendly and helpful.,2024-06-29 17:25:49,2024-06
4560,6043,559,458,2,,2023-08-05 02:59:47,2023-08
4561,6043,458,559,3,,2023-08-05 04:56:47,2023-08
4562,6045,559,776,3,"OK trip, nothing special.",2024-06-23 02:53:23,2024-06
4563,6047,559,1937,4,,2022-05-11 02:27:34,2022-05
4564,6049,559,867,4,,2023-06-16 01:59:30,2023-06
4565,6051,559,1495,4,"Easy pickup, no problems.",2022-05-19 19:24:24,2022-05
4566,6051,1495,559,4,,2022-05-19 19:46:24,2022-05
4567,6054,559,485,5,"Quick and efficient, thanks!",2023-04-28 18:06:40,2023-04
4568,6056,559,508,4,"Smooth ride, on time.",2022-12-07 00:01:52,2022-12
4569,6056,508,559,3,,2022-12-06 23:31:52,2022-12
4570,6057,559,1040,4,,2022-01-28 19:11:23,2022-01
4571,6059,559,925,4,,2022-05-20 02:00:00,2022-05
4572,6059,925,559,4,Super friendly and helpful.,2022-05-20 02:51:00,2022-05
4573,6061,559,24,4,,2023-08-23 04:19:14,2023-08
4574,6062,559,1776,4,"Smooth ride, on time.",2024-01-03 13:42:55,2024-01
4575,6062,1776,559,2,"Excellent service, will ride again.",2024-01-03 12:11:55,2024-01
4576,6065,559,543,3,,2022-07-29 08:58:04,2022-07
4577,6066,559,1526,4,,2024-02-12 18:40:56,2024-02
4578,6066,1526,559,4,"Great driver, very professional!",2024-02-12 20:28:56,2024-02
4579,6067,559,1984,3,,2024-03-07 05:36:51,2024-03
4580,6070,559,1044,5,,2023-03-11 18:14:59,2023-03
4581,6071,559,1881,5,,2023-08-05 09:54:14,2023-08
4582,6075,1135,559,5,"Excellent service, will ride again.",2022-08-13 02:54:10,2022-08
4583,6076,559,433,5,"Great rider, very polite.",2023-03-26 23:34:21,2023-03
4584,6077,559,1558,4,Fast and safe driver.,2022-10-19 16:00:47,2022-10
4585,6078,559,818,2,,2022-12-11 03:57:06,2022-12
4586,6079,559,1653,5,"5 stars, highly recommend!",2022-02-09 01:53:35,2022-02
4587,6080,559,1430,4,,2022-09-17 22:01:14,2022-09
4588,6081,774,539,3,,2024-06-09 05:39:40,2024-06
4589,6082,322,643,4,Loved the music selection!,2022-01-16 02:18:22,2022-01
4590,6083,436,322,4,Super friendly and helpful.,2022-06-21 14:42:42,2022-06
4591,6085,322,1196,4,"Excellent service, will ride again.",2022-05-11 11:22:02,2022-05
4592,6086,845,1141,4,"Great driver, very professional!",2023-11-06 18:07:19,2023-11
4593,6086,1141,845,2,,2023-11-06 18:51:19,2023-11
4594,6087,1229,15,4,Fast and safe driver.,2024-05-15 19:54:28,2024-05
4595,6088,81,1443,4,"Excellent service, will ride again.",2022-06-03 07:50:24,2022-06
4596,6091,1735,1477,3,"OK trip, nothing special.",2024-06-08 15:42:42,2024-06
4597,6094,1735,1181,5,"5 stars, highly recommend!",2023-03-17 11:54:02,2023-03
4598,6095,1387,1649,2,,2022-06-13 10:48:14,2022-06
4599,6096,996,1387,5,Super friendly and helpful.,2023-09-06 17:36:55,2023-09
4600,6098,1387,1607,4,,2023-02-15 09:21:26,2023-02
4601,6098,1607,1387,5,,2023-02-15 10:08:26,2023-02
4602,6099,1387,1558,2,,2022-09-27 23:38:54,2022-09
4603,6100,570,1387,3,Very clean car.,2023-04-23 00:39:24,2023-04
4604,6102,1387,608,5,"Easy pickup, no problems.",2023-12-27 02:42:14,2023-12
4605,6103,1387,1437,5,,2023-03-14 06:44:33,2023-03
4606,6104,1250,1135,4,,2022-03-10 17:16:20,2022-03
4607,6105,1250,1355,4,,2023-10-24 07:13:10,2023-10
4608,6105,1355,1250,3,"Smooth ride, on time.",2023-10-24 08:43:10,2023-10
4609,6107,92,256,5,,2023-07-27 21:07:20,2023-07
4610,6108,92,224,5,,2024-04-02 09:59:07,2024-04
4611,6109,874,1286,3,,2024-04-03 09:55:29,2024-04
4612,6109,1286,874,3,"Excellent service, will ride again.",2024-04-03 12:36:29,2024-04
4613,6112,1365,765,2,Not very clean.,2023-05-12 05:13:13,2023-05
4614,6113,1365,1724,4,,2022-10-25 00:31:15,2022-10
4615,6114,1263,1941,2,,2024-01-27 20:59:24,2024-01
4616,6115,1263,1700,4,"Great rider, very polite.",2023-07-14 18:44:58,2023-07
4617,6115,1700,1263,2,"Smooth ride, on time.",2023-07-14 19:11:58,2023-07
4618,6116,1263,693,3,,2022-02-24 20:37:38,2022-02
4619,6118,1355,1263,3,"Great driver, very professional!",2023-01-16 23:01:06,2023-01
4620,6119,1263,117,3,Decent experience.,2024-04-05 03:57:48,2024-04
4621,6121,1263,571,5,"Great driver, very professional!",2024-04-20 08:59:34,2024-04
4622,6122,1263,1410,4,Fast and safe driver.,2023-04-04 13:55:57,2023-04
4623,6122,1410,1263,3,,2023-04-04 14:12:57,2023-04
4624,6124,1263,726,3,Average experience.,2022-10-02 00:11:10,2022-10
4625,6126,1263,1828,5,,2023-11-10 12:26:55,2023-11
4626,6127,1263,1207,3,,2023-10-23 10:49:15,2023-10
4627,6128,1263,1111,5,Very courteous driver.,2023-10-28 04:03:54,2023-10
4628,6128,1111,1263,2,"Smooth ride, on time.",2023-10-28 02:44:54,2023-10
4629,6129,1263,1699,3,Decent experience.,2023-07-27 16:15:01,2023-07
4630,6129,1699,1263,3,Very clean car.,2023-07-27 17:21:01,2023-07
4631,6130,1869,1263,4,,2024-02-10 05:16:13,2024-02
4632,6131,1263,14,5,,2022-07-15 22:15:46,2022-07
4633,6134,760,1948,4,,2024-04-28 17:22:22,2024-04
4634,6136,760,1765,3,,2022-03-21 09:17:27,2022-03
4635,6137,760,1555,3,,2022-04-28 02:09:55,2022-04
4636,6141,760,549,4,,2022-12-25 02:58:53,2022-12
4637,6142,553,760,3,"Excellent service, will ride again.",2022-12-30 10:41:48,2022-12
4638,6147,635,1243,3,,2022-07-16 10:56:50,2022-07
4639,6147,1243,635,2,"Excellent service, will ride again.",2022-07-16 11:22:50,2022-07
4640,6148,635,256,5,"5 stars, highly recommend!",2023-12-16 03:18:34,2023-12
4641,6149,635,736,4,,2022-09-13 07:58:04,2022-09
4642,6149,736,635,2,Super friendly and helpful.,2022-09-13 07:47:04,2022-09
4643,6151,137,15,4,,2022-07-11 15:31:50,2022-07
4644,6151,15,137,3,Super friendly and helpful.,2022-07-11 18:09:50,2022-07
4645,6153,137,1981,3,Trip was okay.,2022-02-01 15:30:14,2022-02
4646,6153,1981,137,3,Very clean car.,2022-02-01 16:44:14,2022-02
4647,6154,137,1044,4,Very clean car.,2022-01-20 16:10:35,2022-01
4648,6154,1044,137,2,Super friendly and helpful.,2022-01-20 17:54:35,2022-01
4649,6156,410,104,5,,2024-03-04 15:32:41,2024-03
4650,6157,1030,410,2,Super friendly and helpful.,2024-03-08 19:48:31,2024-03
4651,6159,410,7,2,,2022-07-08 11:54:45,2022-07
4652,6160,410,1781,3,,2023-12-31 11:06:04,2023-12
4653,6161,410,1026,4,,2022-01-19 08:36:37,2022-01
4654,6161,1026,410,5,"Excellent service, will ride again.",2022-01-19 09:32:37,2022-01
4655,6163,410,131,4,,2024-04-16 13:50:07,2024-04
4656,6166,410,1509,4,Very clean car.,2023-04-27 12:19:10,2023-04
4657,6166,1509,410,2,"Smooth ride, on time.",2023-04-27 11:02:10,2023-04
4658,6167,748,25,5,"Excellent service, will ride again.",2022-03-19 20:49:34,2022-03
4659,6169,25,472,3,Decent experience.,2024-06-24 14:36:06,2024-06
4660,6169,472,25,3,"Excellent service, will ride again.",2024-06-24 14:57:06,2024-06
4661,6170,25,1584,5,,2023-05-05 14:07:18,2023-05
4662,6171,1064,1569,3,Nothing to complain about.,2023-01-10 18:00:13,2023-01
4663,6172,1064,1371,4,,2022-01-06 01:57:31,2022-01
4664,6173,1064,1658,5,,2022-12-14 07:19:33,2022-12
4665,6173,1658,1064,4,,2022-12-14 07:37:33,2022-12
4666,6174,1064,258,4,Very comfortable ride.,2022-01-11 23:39:33,2022-01
4667,6175,1064,477,5,Car was spotless.,2024-04-22 09:03:38,2024-04
4668,6180,1064,1108,4,,2022-03-11 15:50:59,2022-03
4669,6181,1492,1064,3,"Smooth ride, on time.",2023-09-18 17:15:59,2023-09
4670,6186,1064,544,4,"5 stars, highly recommend!",2022-04-21 01:18:16,2022-04
4671,6188,1064,376,4,,2022-01-12 09:19:59,2022-01
4672,6190,1064,210,4,Fast and safe driver.,2023-01-23 21:14:58,2023-01
4673,6191,1064,1509,4,"Easy pickup, no problems.",2024-01-30 13:24:20,2024-01
4674,6193,1064,1764,4,"Great rider, very polite.",2022-02-01 17:03:27,2022-02
4675,6194,1064,2,4,,2022-02-25 14:19:33,2022-02
4676,6194,2,1064,4,"Great driver, very professional!",2022-02-25 15:04:33,2022-02
4677,6195,324,1064,3,,2022-03-06 16:42:05,2022-03
4678,6196,1064,593,2,Took too long.,2023-09-18 23:21:41,2023-09
4679,6201,1064,1091,3,,2023-08-21 11:32:15,2023-08
4680,6201,1091,1064,4,Very clean car.,2023-08-21 10:36:15,2023-08
4681,6203,1064,508,5,Loved the music selection!,2022-09-12 05:53:02,2022-09
4682,6203,508,1064,3,,2022-09-12 05:42:02,2022-09
4683,6204,1064,1724,3,,2024-02-08 12:33:24,2024-02
4684,6206,1064,1443,4,"Great driver, very professional!",2024-01-10 01:09:45,2024-01
4685,6207,1064,1890,3,,2024-06-08 15:00:16,2024-06
4686,6207,1890,1064,3,"Smooth ride, on time.",2024-06-08 16:46:16,2024-06
4687,6209,1064,439,4,,2022-10-16 22:12:31,2022-10
4688,6209,439,1064,3,"Great driver, very professional!",2022-10-16 21:51:31,2022-10
4689,6210,1064,1206,4,,2022-12-23 22:49:19,2022-12
4690,6212,1064,1987,5,,2022-07-07 16:14:50,2022-07
4691,6213,1064,883,4,Very comfortable ride.,2023-03-30 14:17:24,2023-03
4692,6213,883,1064,2,,2023-03-30 14:48:24,2023-03
4693,6214,1064,1026,4,"Perfect trip, no issues.",2023-04-18 10:57:56,2023-04
4694,6214,1026,1064,4,Very clean car.,2023-04-18 10:18:56,2023-04
4695,6216,1243,1064,2,,2023-12-29 22:02:47,2023-12
4696,6217,1064,1564,4,Fast and safe driver.,2023-08-16 21:15:52,2023-08
4697,6218,1064,690,3,,2022-08-07 00:01:53,2022-08
4698,6218,690,1064,3,"Great driver, very professional!",2022-08-07 00:18:53,2022-08
4699,6219,1064,52,5,"Perfect trip, no issues.",2022-05-07 14:28:50,2022-05
4700,6219,52,1064,3,,2022-05-07 14:50:50,2022-05
4701,6220,1064,248,4,,2023-04-29 11:44:45,2023-04
4702,6220,248,1064,3,"Great driver, very professional!",2023-04-29 11:20:45,2023-04
4703,6223,1064,1713,3,"OK trip, nothing special.",2022-09-28 13:27:17,2022-09
4704,6223,1713,1064,4,"Smooth ride, on time.",2022-09-28 13:14:17,2022-09
4705,6224,1064,645,5,Very courteous driver.,2024-02-26 10:30:10,2024-02
4706,6225,1237,1064,4,,2023-03-21 21:57:54,2023-03
4707,6226,1064,1558,3,,2023-06-03 10:36:05,2023-06
4708,6227,1255,1117,4,"Smooth ride, on time.",2023-11-29 21:50:02,2023-11
4709,6227,1117,1255,3,Super friendly and helpful.,2023-11-30 00:28:02,2023-11
4710,6230,1255,1131,5,,2023-11-21 11:48:11,2023-11
4711,6232,1255,932,5,Loved the music selection!,2024-06-01 20:46:28,2024-06
4712,6235,434,1255,3,"Excellent service, will ride again.",2023-03-14 06:29:27,2023-03
4713,6236,1255,1286,4,Fast and safe driver.,2024-04-18 09:33:23,2024-04
4714,6238,1255,986,4,Very clean car.,2022-02-17 17:19:16,2022-02
4715,6239,1255,1709,3,"OK trip, nothing special.",2024-06-16 22:00:48,2024-06
4716,6240,1255,485,5,"Quick and efficient, thanks!",2024-03-21 22:45:18,2024-03
4717,6241,647,1255,2,"Great driver, very professional!",2023-01-18 09:43:55,2023-01
4718,6243,1255,1584,3,Trip was okay.,2023-05-26 14:15:03,2023-05
4719,6246,1255,488,3,,2024-04-18 01:08:55,2024-04
4720,6248,1255,1413,5,,2022-07-07 14:35:28,2022-07
4721,6249,1255,1495,4,"Perfect trip, no issues.",2022-08-12 21:19:01,2022-08
4722,6250,1255,1497,4,,2024-03-14 04:33:31,2024-03
4723,6253,1255,1814,3,Nothing to complain about.,2023-03-06 07:57:16,2023-03
4724,6254,1715,1170,4,"Excellent service, will ride again.",2023-12-11 11:51:11,2023-12
4725,6255,1715,1987,5,,2023-10-09 00:39:01,2023-10
4726,6256,1715,1584,4,,2022-01-06 07:04:54,2022-01
4727,6257,1715,1776,4,,2023-05-04 04:38:28,2023-05
4728,6257,1776,1715,3,"Excellent service, will ride again.",2023-05-04 04:54:28,2023-05
4729,6259,1715,697,4,,2023-08-22 05:25:30,2023-08
4730,6259,697,1715,3,"Great driver, very professional!",2023-08-22 05:10:30,2023-08
4731,6261,1715,235,3,,2023-08-16 02:24:16,2023-08
4732,6262,1715,608,3,,2023-12-23 22:19:45,2023-12
4733,6263,1715,1736,4,,2023-07-15 14:01:13,2023-07
4734,6264,1715,1812,4,,2023-09-29 02:11:59,2023-09
4735,6265,1715,1794,4,"Quick and efficient, thanks!",2023-07-24 21:09:41,2023-07
4736,6265,1794,1715,3,,2023-07-24 20:50:41,2023-07
4737,6268,1715,920,4,,2023-06-24 07:33:32,2023-06
4738,6269,1715,919,4,"Easy pickup, no problems.",2022-04-07 17:44:56,2022-04
4739,6270,1715,324,5,Loved the music selection!,2022-10-31 03:00:44,2022-10
4740,6270,324,1715,4,Super friendly and helpful.,2022-10-31 03:31:44,2022-10
4741,6273,1067,601,3,Decent experience.,2024-05-06 04:40:27,2024-05
4742,6276,1067,891,4,Car was spotless.,2024-06-09 11:15:14,2024-06
4743,6276,891,1067,3,Super friendly and helpful.,2024-06-09 12:28:14,2024-06
4744,6277,2,1067,4,"Excellent service, will ride again.",2022-06-09 12:10:50,2022-06
4745,6278,1117,1067,4,"Great driver, very professional!",2024-04-04 21:35:42,2024-04
4746,6280,1067,986,4,,2023-07-26 14:37:15,2023-07
4747,6281,1067,1187,3,Acceptable ride.,2022-10-08 19:02:42,2022-10
4748,6283,1067,485,5,,2022-05-24 19:15:17,2022-05
4749,6283,485,1067,3,Super friendly and helpful.,2022-05-24 19:19:17,2022-05
4750,6284,1764,1067,3,"Smooth ride, on time.",2023-12-06 01:24:46,2023-12
4751,6285,1067,759,4,"Quick and efficient, thanks!",2023-08-29 00:34:47,2023-08
4752,6287,1067,1108,5,,2022-03-06 09:03:33,2022-03
4753,6287,1108,1067,4,Very clean car.,2022-03-06 09:39:33,2022-03
4754,6289,1067,842,3,Fine driver.,2024-06-05 01:21:07,2024-06
4755,6292,891,1067,3,,2022-05-24 05:50:02,2022-05
4756,6296,1067,690,4,,2024-05-10 15:08:39,2024-05
4757,6296,690,1067,4,"Excellent service, will ride again.",2024-05-10 15:57:39,2024-05
4758,6297,1067,1606,5,,2023-04-04 00:55:31,2023-04
4759,6299,1067,741,3,Acceptable ride.,2023-08-12 01:11:20,2023-08
4760,6303,1067,1181,5,,2022-01-13 01:20:26,2022-01
4761,6304,1067,1352,4,,2023-09-05 15:32:40,2023-09
4762,6306,1941,1067,3,"Smooth ride, on time.",2023-07-04 14:53:57,2023-07
4763,6307,1067,1301,4,Car was spotless.,2023-11-23 12:43:14,2023-11
4764,6308,1067,1183,4,"Quick and efficient, thanks!",2023-02-07 03:41:50,2023-02
4765,6309,1067,1030,5,,2023-05-27 19:08:39,2023-05
4766,6310,1067,779,4,,2022-05-25 04:48:26,2022-05
4767,6312,1684,1067,4,Very clean car.,2022-10-21 14:29:28,2022-10
4768,6313,1067,286,4,,2024-01-12 10:22:43,2024-01
4769,6314,1067,1373,3,,2023-07-23 13:44:02,2023-07
4770,6314,1373,1067,2,"Excellent service, will ride again.",2023-07-23 14:50:02,2023-07
4771,6315,1590,1067,3,Very clean car.,2023-08-30 11:30:12,2023-08
4772,6316,1067,394,4,"Quick and efficient, thanks!",2023-04-01 01:03:00,2023-04
4773,6316,394,1067,3,Very clean car.,2023-04-01 00:18:00,2023-04
4774,6317,1067,800,2,,2024-03-27 20:01:40,2024-03
4775,6320,1067,1053,3,,2022-09-17 16:24:26,2022-09
4776,6321,125,1067,2,Very clean car.,2022-04-20 10:41:43,2022-04
4777,6322,1067,1181,5,,2024-05-28 09:23:34,2024-05
4778,6322,1181,1067,2,,2024-05-28 09:29:34,2024-05
4779,6323,1067,883,4,,2022-04-11 11:02:44,2022-04
4780,6323,883,1067,4,"Excellent service, will ride again.",2022-04-11 09:24:44,2022-04
4781,6324,1067,434,4,,2022-08-08 17:59:16,2022-08
4782,6324,434,1067,2,"Great driver, very professional!",2022-08-08 17:16:16,2022-08
4783,6325,1067,1131,4,Loved the music selection!,2022-11-24 10:19:37,2022-11
4784,6326,1067,1430,5,"Easy pickup, no problems.",2023-08-10 21:17:14,2023-08
4785,6327,393,1067,4,"Great driver, very professional!",2023-03-13 10:45:36,2023-03
4786,6328,1067,146,3,Decent experience.,2022-08-19 14:28:52,2022-08
4787,6330,472,1067,4,"Smooth ride, on time.",2023-02-28 04:53:00,2023-02
4788,6331,1067,1509,3,Acceptable ride.,2024-04-15 19:44:07,2024-04
4789,6332,1067,1775,4,,2022-12-31 00:08:39,2022-12
4790,6333,1067,883,4,Loved the music selection!,2024-06-12 20:09:13,2024-06
4791,6333,883,1067,3,"Excellent service, will ride again.",2024-06-12 21:42:13,2024-06
4792,6334,1894,1067,3,Very clean car.,2022-04-06 13:23:59,2022-04
4793,6336,1625,977,4,,2024-04-10 15:35:55,2024-04
4794,6338,1625,446,4,,2022-07-02 20:23:13,2022-07
4795,6339,1259,1205,3,,2022-12-27 10:13:31,2022-12
4796,6342,1950,434,4,"Great driver, very professional!",2022-12-08 00:06:58,2022-12
4797,6343,1950,40,4,Very comfortable ride.,2023-09-21 12:38:06,2023-09
4798,6344,1950,121,4,"Great rider, very polite.",2022-04-28 05:30:37,2022-04
4799,6345,878,1950,3,Very clean car.,2024-03-06 18:53:30,2024-03
4800,6346,726,1950,3,Very clean car.,2022-01-13 17:38:02,2022-01
4801,6349,1100,1950,3,Very clean car.,2023-01-31 01:16:59,2023-01
4802,6352,1950,452,4,,2023-01-11 19:15:05,2023-01
4803,6352,452,1950,3,Very clean car.,2023-01-11 18:25:05,2023-01
4804,6353,318,1950,4,Super friendly and helpful.,2022-10-17 00:01:24,2022-10
4805,6354,1950,1237,4,,2023-07-07 10:42:18,2023-07
4806,6357,1006,1181,4,,2022-01-18 02:47:54,2022-01
4807,6358,1006,1965,3,Nothing to complain about.,2023-01-02 12:29:33,2023-01
4808,6360,1006,131,4,,2023-01-31 10:26:27,2023-01
4809,6361,1006,1207,3,Trip was okay.,2022-09-08 06:09:38,2022-09
4810,6363,1006,645,5,"Perfect trip, no issues.",2024-01-04 05:36:07,2024-01
4811,6364,1006,1139,3,"OK trip, nothing special.",2023-05-11 08:00:43,2023-05
4812,6365,1605,1006,4,"Smooth ride, on time.",2022-11-17 03:19:05,2022-11
4813,6366,1006,446,5,,2022-06-25 02:16:25,2022-06
4814,6367,1427,1006,4,Super friendly and helpful.,2023-02-09 11:04:19,2023-02
4815,6368,1006,957,3,Decent experience.,2024-05-16 14:36:20,2024-05
4816,6368,957,1006,4,"Great driver, very professional!",2024-05-16 14:15:20,2024-05
4817,6369,919,1006,3,"Excellent service, will ride again.",2022-01-10 02:05:18,2022-01
4818,6371,1006,256,5,,2022-02-05 21:45:35,2022-02
4819,6372,1006,1293,3,,2023-10-07 11:33:27,2023-10
4820,6372,1293,1006,4,Very clean car.,2023-10-07 10:16:27,2023-10
4821,6374,1006,458,3,Trip was okay.,2022-10-26 02:34:47,2022-10
4822,6375,1006,1984,4,"Great driver, very professional!",2022-03-03 23:31:34,2022-03
4823,6376,1006,1044,5,,2022-05-04 06:59:02,2022-05
4824,6379,1006,142,3,,2024-01-28 08:13:04,2024-01
4825,6380,1413,1006,4,,2023-03-17 23:54:13,2023-03
4826,6381,1006,1841,2,Driver was late.,2023-10-17 20:33:10,2023-10
4827,6383,1006,1141,5,,2022-12-19 12:15:17,2022-12
4828,6383,1141,1006,3,"Smooth ride, on time.",2022-12-19 13:05:17,2022-12
4829,6384,1099,1006,4,Very clean car.,2022-01-30 03:13:06,2022-01
4830,6386,1006,1397,3,Fine driver.,2022-08-05 12:29:16,2022-08
4831,6387,1006,1790,4,,2023-02-19 18:05:35,2023-02
4832,6387,1790,1006,2,,2023-02-19 18:00:35,2023-02
4833,6388,1006,1999,4,,2023-07-25 10:14:37,2023-07
4834,6388,1999,1006,2,,2023-07-25 11:24:37,2023-07
4835,6391,1006,256,5,,2024-05-29 19:47:32,2024-05
4836,6393,1006,24,4,"Great rider, very polite.",2024-02-12 09:49:38,2024-02
4837,6393,24,1006,2,,2024-02-12 10:43:38,2024-02
4838,6394,570,1006,3,Super friendly and helpful.,2024-03-19 22:46:23,2024-03
4839,6395,1006,1443,3,,2023-09-29 02:39:39,2023-09
4840,6396,1006,461,2,,2023-05-29 07:58:24,2023-05
4841,6398,1006,1790,5,,2023-03-19 23:50:23,2023-03
4842,6398,1790,1006,3,Super friendly and helpful.,2023-03-19 23:44:23,2023-03
4843,6402,1006,1965,2,Had trouble finding the pickup spot.,2023-10-19 03:13:40,2023-10
4844,6403,1006,1286,4,"Quick and efficient, thanks!",2023-06-04 06:19:33,2023-06
4845,6403,1286,1006,3,,2023-06-04 07:09:33,2023-06
4846,6405,1006,645,4,,2023-08-09 09:04:49,2023-08
4847,6406,1006,612,3,Average experience.,2022-11-22 18:41:44,2022-11
4848,6406,612,1006,4,"Great driver, very professional!",2022-11-22 18:20:44,2022-11
4849,6408,1006,1413,5,Car was spotless.,2023-02-09 19:35:02,2023-02
4850,6408,1413,1006,4,"Smooth ride, on time.",2023-02-09 20:41:02,2023-02
4851,6409,1006,1812,4,"Quick and efficient, thanks!",2023-10-08 18:46:17,2023-10
4852,6409,1812,1006,3,"Great driver, very professional!",2023-10-08 19:59:17,2023-10
4853,6411,1006,543,5,"Smooth ride, on time.",2022-06-15 00:58:50,2022-06
4854,6411,543,1006,4,Very clean car.,2022-06-15 01:38:50,2022-06
4855,6413,1006,1336,4,,2022-04-02 18:46:06,2022-04
4856,6413,1336,1006,4,,2022-04-02 18:10:06,2022-04
4857,6414,1006,940,4,,2023-06-29 12:52:01,2023-06
4858,6417,1471,148,4,Super friendly and helpful.,2022-12-23 00:51:55,2022-12
4859,6418,148,1198,5,,2022-01-08 21:19:22,2022-01
4860,6421,1359,1828,3,,2023-12-03 04:57:48,2023-12
4861,6422,1359,1386,5,,2022-01-09 01:29:18,2022-01
4862,6422,1386,1359,3,,2022-01-09 01:40:18,2022-01
4863,6423,1359,1386,4,Very clean car.,2023-03-02 14:30:05,2023-03
4864,6424,1869,1359,4,"Excellent service, will ride again.",2024-06-19 03:07:23,2024-06
4865,6426,1359,1355,4,Very clean car.,2022-02-08 16:52:29,2022-02
4866,6428,1359,389,3,Acceptable ride.,2022-12-28 06:29:12,2022-12
4867,6429,1359,327,4,,2023-08-27 18:00:53,2023-08
4868,6431,1359,508,4,"Great driver, very professional!",2022-10-16 15:53:36,2022-10
4869,6431,508,1359,4,"Great driver, very professional!",2022-10-16 17:54:36,2022-10
4870,6433,1608,1359,3,Super friendly and helpful.,2024-03-29 21:29:32,2024-03
4871,6435,1777,1889,2,Took a longer route.,2023-10-11 00:03:47,2023-10
4872,6435,1889,1777,4,"Great driver, very professional!",2023-10-11 00:59:47,2023-10
4873,6438,1183,1777,3,Super friendly and helpful.,2022-04-28 11:29:17,2022-04
4874,6442,984,1569,4,,2024-03-26 22:44:40,2024-03
4875,6443,1965,984,4,Super friendly and helpful.,2022-11-17 21:17:05,2022-11
4876,6444,984,1830,3,Got there safely.,2022-08-14 03:27:27,2022-08
4877,6445,1768,1210,3,,2022-11-12 01:42:33,2022-11
4878,6447,1768,323,4,"Easy pickup, no problems.",2023-12-02 13:05:36,2023-12
4879,6449,1412,230,3,,2022-03-22 00:41:49,2022-03
4880,6451,469,208,4,"Excellent service, will ride again.",2022-01-15 06:55:45,2022-01
4881,6452,339,1076,5,,2023-01-17 08:22:49,2023-01
4882,6453,1076,472,3,,2024-06-13 08:26:10,2024-06
4883,6456,1076,488,4,,2022-06-29 13:22:49,2022-06
4884,6457,1076,376,4,"5 stars, highly recommend!",2023-09-12 06:37:49,2023-09
4885,6458,1076,494,5,,2023-11-16 09:11:00,2023-11
4886,6459,1076,1755,2,,2022-11-04 22:22:59,2022-11
4887,6459,1755,1076,3,Very clean car.,2022-11-04 22:29:59,2022-11
4888,6460,1076,199,5,"5 stars, highly recommend!",2022-06-08 01:06:44,2022-06
4889,6460,199,1076,4,Very clean car.,2022-06-08 01:39:44,2022-06
4890,6461,1076,65,3,Acceptable ride.,2023-08-16 13:55:44,2023-08
4891,6461,65,1076,3,Super friendly and helpful.,2023-08-16 16:12:44,2023-08
4892,6462,1076,1640,3,Decent experience.,2022-10-25 19:48:25,2022-10
4893,6463,1076,1724,4,,2022-01-22 10:10:20,2022-01
4894,6463,1724,1076,4,"Smooth ride, on time.",2022-01-22 10:18:20,2022-01
4895,6464,1495,1076,3,,2024-06-03 23:06:41,2024-06
4896,6465,1076,1991,3,Average experience.,2024-06-11 16:28:24,2024-06
4897,6467,1076,1739,5,,2022-12-20 07:32:24,2022-12
4898,6468,351,1076,4,"Smooth ride, on time.",2022-12-22 06:58:50,2022-12
4899,6469,1076,1430,4,,2022-06-23 23:42:29,2022-06
4900,6469,1430,1076,3,,2022-06-24 01:08:29,2022-06
4901,6470,1076,1302,4,Loved the music selection!,2023-03-17 19:44:02,2023-03
4902,6471,1076,564,5,Super friendly and helpful.,2024-02-05 06:17:55,2024-02
4903,6473,1076,194,2,Car smelled bad.,2023-05-10 15:59:44,2023-05
4904,6473,194,1076,2,Super friendly and helpful.,2023-05-10 15:11:44,2023-05
4905,6474,162,1076,3,Super friendly and helpful.,2024-01-23 07:54:36,2024-01
4906,6475,1076,1403,5,,2023-09-06 03:32:30,2023-09
4907,6475,1403,1076,1,"Smooth ride, on time.",2023-09-06 04:08:30,2023-09
4908,6477,1076,539,4,Very clean car.,2022-08-12 11:03:00,2022-08
4909,6478,1076,741,4,,2022-11-25 13:48:02,2022-11
4910,6480,1076,1494,4,,2022-01-20 13:02:00,2022-01
4911,6480,1494,1076,3,"Great driver, very professional!",2022-01-20 11:40:00,2022-01
4912,6481,1076,1509,5,Very courteous driver.,2022-03-03 09:49:12,2022-03
4913,6482,969,1076,2,"Great driver, very professional!",2022-02-22 00:49:11,2022-02
4914,6485,1076,697,4,,2023-09-06 14:19:39,2023-09
4915,6488,1076,323,4,,2022-09-11 03:51:08,2022-09
4916,6488,323,1076,3,Super friendly and helpful.,2022-09-11 05:43:08,2022-09
4917,6489,1076,1267,2,,2022-12-23 17:22:50,2022-12
4918,6490,1076,1117,4,,2022-08-13 09:46:10,2022-08
4919,6491,1105,1934,3,"Great driver, very professional!",2022-02-27 23:16:07,2022-02
4920,6492,1934,1889,3,,2023-05-03 10:36:12,2023-05
4921,6492,1889,1934,4,"Great driver, very professional!",2023-05-03 10:40:12,2023-05
4922,6495,169,248,5,,2023-09-17 10:55:42,2023-09
4923,6496,1111,169,4,Super friendly and helpful.,2024-03-15 01:12:37,2024-03
4924,6497,169,286,5,"Excellent service, will ride again.",2022-12-14 11:47:22,2022-12
4925,6501,169,1564,5,,2022-12-11 18:50:53,2022-12
4926,6502,169,434,4,,2023-06-25 17:38:01,2023-06
4927,6503,169,544,5,"Quick and efficient, thanks!",2023-09-13 06:46:52,2023-09
4928,6504,169,778,3,,2022-12-14 10:58:17,2022-12
4929,6505,169,472,4,"Perfect trip, no issues.",2022-12-23 11:01:45,2022-12
4930,6506,986,169,3,"Smooth ride, on time.",2022-05-16 10:06:18,2022-05
4931,6507,190,169,4,"Great driver, very professional!",2022-07-14 05:27:20,2022-07
4932,6509,169,1108,4,Car was spotless.,2024-06-15 03:06:36,2024-06
4933,6510,169,867,3,,2023-11-10 07:30:33,2023-11
4934,6512,169,1781,3,Got there safely.,2024-01-09 11:52:39,2024-01
4935,6512,1781,169,4,"Smooth ride, on time.",2024-01-09 13:18:39,2024-01
4936,6514,169,1243,5,,2023-09-16 12:03:13,2023-09
4937,6515,169,1060,3,,2022-04-06 22:32:29,2022-04
4938,6517,169,553,3,Acceptable ride.,2023-06-10 16:05:46,2023-06
4939,6519,194,169,4,"Great driver, very professional!",2024-06-23 12:29:32,2024-06
4940,6521,169,553,3,,2022-05-02 18:49:44,2022-05
4941,6521,553,169,3,Very clean car.,2022-05-02 19:28:44,2022-05
4942,6522,169,55,4,Very clean car.,2022-03-27 02:36:29,2022-03
4943,6523,169,498,4,Fast and safe driver.,2023-04-20 08:10:33,2023-04
4944,6523,498,169,3,Super friendly and helpful.,2023-04-20 07:41:33,2023-04
4945,6525,169,1987,4,,2024-03-01 08:09:24,2024-03
4946,6526,169,1956,4,,2024-06-07 02:43:51,2024-06
4947,6532,169,510,3,Trip was okay.,2023-03-31 00:21:44,2023-03
4948,6534,1785,1196,3,Trip was okay.,2023-03-29 22:15:06,2023-03
4949,6535,1260,235,4,Car was spotless.,2023-12-01 07:47:08,2023-12
4950,6536,1413,1260,4,"Excellent service, will ride again.",2022-08-12 20:58:51,2022-08
4951,6537,1260,571,5,,2024-05-20 18:45:44,2024-05
4952,6540,553,1193,3,Super friendly and helpful.,2023-09-12 00:36:43,2023-09
4953,6541,1193,1507,5,,2023-02-01 12:55:49,2023-02
4954,6543,1193,1975,4,,2022-08-03 19:53:14,2022-08
4955,6544,1674,1041,4,"Perfect trip, no issues.",2022-02-11 08:08:01,2022-02
4956,6545,1674,1104,4,,2022-03-02 18:23:18,2022-03
4957,6545,1104,1674,2,,2022-03-02 20:05:18,2022-03
4958,6548,1674,1302,4,,2022-06-04 11:38:01,2022-06
4959,6549,146,1674,4,"Great driver, very professional!",2022-11-05 06:17:29,2022-11
4960,6551,1674,1187,2,Car smelled bad.,2022-06-11 22:27:21,2022-06
4961,6552,1674,142,4,,2022-12-17 19:21:58,2022-12
4962,6553,1674,1197,4,"Great driver, very professional!",2022-11-13 06:50:56,2022-11
4963,6555,1674,1170,5,,2023-03-07 16:57:41,2023-03
4964,6558,1674,502,3,,2022-12-19 14:09:46,2022-12
4965,6558,502,1674,4,"Excellent service, will ride again.",2022-12-19 13:00:46,2022-12
4966,6559,1674,1162,5,,2022-03-21 11:21:36,2022-03
4967,6559,1162,1674,3,"Smooth ride, on time.",2022-03-21 12:00:36,2022-03
4968,6562,216,436,4,"Great driver, very professional!",2023-04-18 22:06:28,2023-04
4969,6564,1872,1170,4,"Smooth ride, on time.",2023-03-01 19:56:13,2023-03
4970,6564,1170,1872,2,,2023-03-01 19:50:13,2023-03
4971,6565,1882,1162,4,,2024-01-10 18:10:09,2024-01
4972,6565,1162,1882,5,Very clean car.,2024-01-10 18:11:09,2024-01
4973,6566,1296,286,3,"OK trip, nothing special.",2023-04-08 16:52:08,2023-04
4974,6566,286,1296,4,Super friendly and helpful.,2023-04-08 19:21:08,2023-04
4975,6567,1296,1324,4,"Smooth ride, on time.",2022-06-18 07:42:11,2022-06
4976,6568,1296,570,3,Average experience.,2023-05-17 16:05:56,2023-05
4977,6569,1296,1984,4,,2022-11-22 00:52:37,2022-11
4978,6569,1984,1296,4,Super friendly and helpful.,2022-11-22 00:20:37,2022-11
4979,6573,1296,433,3,Decent experience.,2022-01-18 05:08:49,2022-01
4980,6574,1296,323,4,"Excellent service, will ride again.",2024-04-04 01:08:38,2024-04
4981,6577,1296,1081,4,"Quick and efficient, thanks!",2023-08-16 07:57:38,2023-08
4982,6578,1296,142,5,,2022-02-01 15:20:37,2022-02
4983,6578,142,1296,4,"Smooth ride, on time.",2022-02-01 13:50:37,2022-02
4984,6579,1296,1311,3,,2022-02-05 17:25:00,2022-02
4985,6581,1296,1653,5,,2023-10-16 21:29:03,2023-10
4986,6581,1653,1296,1,Super friendly and helpful.,2023-10-16 22:25:03,2023-10
4987,6582,117,1296,3,,2022-07-28 02:54:30,2022-07
4988,6585,1296,120,3,Trip was okay.,2023-02-01 04:40:24,2023-02
4989,6586,1296,665,4,,2024-06-05 13:15:58,2024-06
4990,6589,1296,665,3,Decent experience.,2022-07-14 15:05:18,2022-07
4991,6591,1296,1755,3,Fine driver.,2023-10-01 08:02:58,2023-10
4992,6593,1296,66,3,,2023-07-24 17:11:12,2023-07
4993,6594,1296,1684,3,,2022-09-25 20:11:09,2022-09
4994,6594,1684,1296,3,,2022-09-25 21:00:09,2022-09
4995,6595,1296,925,3,,2022-12-25 06:36:41,2022-12
4996,6595,925,1296,3,"Smooth ride, on time.",2022-12-25 06:58:41,2022-12
4997,6596,1296,1427,4,Very courteous driver.,2023-01-18 07:11:30,2023-01
4998,6597,1296,1380,4,,2022-12-24 16:25:35,2022-12
4999,6598,1296,1356,4,,2024-02-16 12:28:09,2024-02
5000,6599,1296,570,4,Fast and safe driver.,2022-05-17 12:51:13,2022-05
5001,6600,1296,1975,4,,2022-09-20 07:36:03,2022-09
5002,6600,1975,1296,3,"Excellent service, will ride again.",2022-09-20 08:39:03,2022-09
5003,6604,1296,271,5,,2022-11-06 05:04:53,2022-11
5004,6606,1296,136,3,Got there safely.,2024-05-25 05:55:43,2024-05
5005,6609,1296,1606,3,Fine driver.,2023-12-23 04:42:52,2023-12
5006,6609,1606,1296,3,"Smooth ride, on time.",2023-12-23 04:55:52,2023-12
5007,6611,1296,1956,4,Very comfortable ride.,2024-02-07 00:12:45,2024-02
5008,6614,1296,1243,4,"Quick and efficient, thanks!",2023-04-25 00:44:41,2023-04
5009,6614,1243,1296,2,,2023-04-25 01:03:41,2023-04
5010,6615,1296,44,4,,2022-10-21 02:01:32,2022-10
5011,6616,1296,1984,4,,2022-02-18 06:02:36,2022-02
5012,6617,1296,389,5,,2022-09-28 20:02:38,2022-09
5013,6618,1296,1227,5,,2023-08-17 23:21:07,2023-08
5014,6620,1296,1108,4,Car was spotless.,2022-01-29 09:47:54,2022-01
5015,6622,1296,139,5,"5 stars, highly recommend!",2023-07-23 15:40:11,2023-07
5016,6623,1296,1040,4,,2022-02-09 10:23:01,2022-02
5017,6625,1296,647,4,Super friendly and helpful.,2022-10-14 11:51:41,2022-10
5018,6626,1296,65,4,,2024-05-21 19:20:06,2024-05
5019,6631,1296,515,2,,2024-01-16 22:25:32,2024-01
5020,6632,1296,1131,4,Very courteous driver.,2023-09-20 23:45:03,2023-09
5021,6633,1296,941,3,,2023-11-17 01:42:26,2023-11
5022,6634,1296,256,4,"Quick and efficient, thanks!",2022-05-13 06:35:41,2022-05
5023,6640,1976,1371,5,Super friendly and helpful.,2022-08-28 18:00:07,2022-08
5024,6643,1976,1088,5,"Excellent service, will ride again.",2024-03-17 23:45:28,2024-03
5025,6643,1088,1976,4,Very clean car.,2024-03-18 00:38:28,2024-03
5026,6644,1976,1302,4,Very courteous driver.,2023-08-29 16:25:05,2023-08
5027,6645,1976,224,4,,2023-10-18 21:02:17,2023-10
5028,6646,1976,293,4,,2022-04-23 14:22:40,2022-04
5029,6648,1976,995,5,Fast and safe driver.,2024-06-22 06:23:47,2024-06
5030,6649,1828,1976,3,"Excellent service, will ride again.",2023-11-03 13:08:49,2023-11
5031,6652,1976,31,4,,2023-11-26 16:04:12,2023-11
5032,6653,1976,162,3,,2022-07-26 06:26:53,2022-07
5033,6654,1976,229,5,,2023-06-03 04:16:43,2023-06
5034,6657,1976,932,4,"Easy pickup, no problems.",2022-08-17 12:00:56,2022-08
5035,6657,932,1976,4,"Smooth ride, on time.",2022-08-17 12:07:56,2022-08
5036,6658,1976,1474,3,"OK trip, nothing special.",2022-07-01 15:10:12,2022-07
5037,6659,1976,940,5,,2022-08-17 16:24:27,2022-08
5038,6660,1976,125,5,,2022-03-22 07:27:50,2022-03
5039,6661,1141,1976,2,Super friendly and helpful.,2022-05-27 11:58:17,2022-05
5040,6662,1976,1336,4,Car was spotless.,2023-02-11 00:49:10,2023-02
5041,6663,1976,1472,5,,2023-11-11 01:50:20,2023-11
5042,6665,1976,1991,3,,2022-05-05 04:49:52,2022-05
5043,6666,1976,1331,5,,2023-03-29 15:14:30,2023-03
5044,6666,1331,1976,3,"Smooth ride, on time.",2023-03-29 16:04:30,2023-03
5045,6667,1976,131,4,,2023-11-01 13:15:11,2023-11
5046,6670,1976,207,3,Nothing to complain about.,2022-01-19 18:48:01,2022-01
5047,6671,1976,1410,4,,2023-12-27 16:12:12,2023-12
5048,6676,705,1976,3,Very clean car.,2024-05-08 03:05:47,2024-05
5049,6678,1976,1111,3,,2023-03-31 21:09:20,2023-03
5050,6679,1976,338,4,Car was spotless.,2022-04-25 04:06:31,2022-04
5051,6680,1976,759,3,,2024-06-08 05:39:58,2024-06
5052,6680,759,1976,3,,2024-06-08 05:15:58,2024-06
5053,6681,1976,1526,3,,2022-11-09 15:13:31,2022-11
5054,6682,1507,1976,4,"Excellent service, will ride again.",2022-05-12 12:13:59,2022-05
5055,6683,1976,498,4,,2022-02-26 00:25:50,2022-02
5056,6683,498,1976,3,"Excellent service, will ride again.",2022-02-25 23:48:50,2022-02
5057,6684,1976,40,2,Driver was rude.,2022-10-12 16:44:24,2022-10
5058,6685,1976,1243,5,Super friendly and helpful.,2023-11-16 06:02:42,2023-11
5059,6685,1243,1976,2,Very clean car.,2023-11-16 04:50:42,2023-11
5060,6686,1976,1755,4,Car was spotless.,2022-01-18 22:57:35,2022-01
5061,6687,1352,1976,3,"Smooth ride, on time.",2024-03-19 08:15:23,2024-03
5062,6688,1976,136,3,,2022-07-04 12:30:35,2022-07
5063,6688,136,1976,3,Super friendly and helpful.,2022-07-04 12:29:35,2022-07
5064,6689,630,1976,3,"Excellent service, will ride again.",2023-11-26 20:43:53,2023-11
5065,6691,1128,1976,3,"Great driver, very professional!",2022-05-14 11:10:23,2022-05
5066,6692,1030,1976,4,,2023-11-20 03:44:11,2023-11
5067,6695,1400,1976,3,"Great driver, very professional!",2022-01-18 05:16:43,2022-01
5068,6696,1976,450,5,,2022-06-06 00:39:11,2022-06
5069,6697,1976,1288,4,"Quick and efficient, thanks!",2024-05-25 23:35:14,2024-05
5070,6701,1976,1281,3,,2022-03-14 12:26:32,2022-03
5071,6702,1976,1286,4,"Smooth ride, on time.",2022-04-05 23:47:32,2022-04
5072,6702,1286,1976,3,Very clean car.,2022-04-06 01:37:32,2022-04
5073,6704,1976,341,4,"Quick and efficient, thanks!",2022-05-02 21:58:53,2022-05
5074,6707,1182,1243,4,"Perfect trip, no issues.",2023-04-04 01:55:58,2023-04
5075,6708,1182,1947,4,,2023-07-01 20:34:58,2023-07
5076,6709,31,1182,2,"Smooth ride, on time.",2022-09-25 21:48:26,2022-09
5077,6710,1182,664,4,Loved the music selection!,2023-08-23 20:14:22,2023-08
5078,6710,664,1182,3,"Smooth ride, on time.",2023-08-23 20:17:22,2023-08
5079,6712,335,1182,3,"Excellent service, will ride again.",2023-10-24 20:14:06,2023-10
5080,6714,1182,439,4,,2023-08-07 05:32:11,2023-08
5081,6714,439,1182,3,Very clean car.,2023-08-07 05:35:11,2023-08
5082,6715,1182,986,3,,2022-10-20 08:15:47,2022-10
5083,6715,986,1182,5,Super friendly and helpful.,2022-10-20 08:23:47,2022-10
5084,6716,201,1182,4,"Great driver, very professional!",2024-04-01 08:38:59,2024-04
5085,6718,403,199,3,Fine driver.,2023-09-13 19:10:43,2023-09
5086,6718,199,403,3,"Smooth ride, on time.",2023-09-13 19:12:43,2023-09
5087,6720,1447,1141,4,Very courteous driver.,2022-07-15 14:48:16,2022-07
5088,6723,338,1447,5,"Excellent service, will ride again.",2024-05-20 22:28:10,2024-05
5089,6724,1447,1724,4,,2023-12-22 22:42:52,2023-12
5090,6724,1724,1447,4,"Smooth ride, on time.",2023-12-23 00:25:52,2023-12
5091,6725,1035,1447,4,"Smooth ride, on time.",2024-06-26 13:35:44,2024-06
5092,6726,1447,1035,4,"Smooth ride, on time.",2022-03-18 01:53:27,2022-03
5093,6727,1447,1386,3,Average experience.,2023-01-04 14:00:07,2023-01
5094,6729,1447,1497,3,Nothing to complain about.,2023-07-21 19:06:00,2023-07
5095,6730,1447,570,3,,2023-04-05 13:09:48,2023-04
5096,6731,1447,119,5,"Excellent service, will ride again.",2024-04-07 12:41:23,2024-04
5097,6731,119,1447,3,Super friendly and helpful.,2024-04-07 13:08:23,2024-04
5098,6732,1447,1105,4,Car was spotless.,2023-07-20 11:24:11,2023-07
5099,6732,1105,1447,4,"Smooth ride, on time.",2023-07-20 11:05:11,2023-07
5100,6737,235,1936,4,Super friendly and helpful.,2023-02-25 19:26:49,2023-02
5101,6738,1936,452,3,Decent experience.,2022-12-23 10:04:18,2022-12
5102,6739,1936,1658,3,"OK trip, nothing special.",2023-03-11 15:01:32,2023-03
5103,6739,1658,1936,4,Super friendly and helpful.,2023-03-11 16:21:32,2023-03
5104,6740,1053,1936,3,"Great driver, very professional!",2022-04-03 01:39:22,2022-04
5105,6741,1936,1825,4,,2022-12-16 03:42:03,2022-12
5106,6744,1936,1965,4,,2022-10-04 05:23:14,2022-10
5107,6745,1936,834,5,"Great rider, very polite.",2023-05-23 11:24:37,2023-05
5108,6748,1936,1248,5,,2023-02-28 10:57:03,2023-02
5109,6749,1936,601,4,,2022-10-26 08:06:36,2022-10
5110,6749,601,1936,3,Very clean car.,2022-10-26 09:09:36,2022-10
5111,6750,1936,1413,3,"OK trip, nothing special.",2023-12-31 10:10:23,2023-12
5112,6751,1936,179,4,,2022-09-18 01:44:17,2022-09
5113,6752,1936,1011,3,,2023-09-07 18:19:57,2023-09
5114,6752,1011,1936,4,"Great driver, very professional!",2023-09-07 19:46:57,2023-09
5115,6753,1936,834,5,,2022-09-12 12:19:09,2022-09
5116,6753,834,1936,4,"Great driver, very professional!",2022-09-12 13:18:09,2022-09
5117,6754,1936,1302,4,,2023-11-05 10:41:02,2023-11
5118,6755,1936,394,5,"Great driver, very professional!",2023-11-04 20:04:25,2023-11
5119,6755,394,1936,3,,2023-11-04 19:17:25,2023-11
5120,6756,553,1936,5,"Excellent service, will ride again.",2023-05-28 12:00:20,2023-05
5121,6758,1936,293,5,Car was spotless.,2022-07-04 10:53:57,2022-07
5122,6760,1936,1310,3,,2022-02-26 05:43:47,2022-02
5123,6761,1936,1477,3,Decent experience.,2024-04-09 05:04:14,2024-04
5124,6762,1936,1987,4,"Excellent service, will ride again.",2024-02-18 14:22:59,2024-02
5125,6763,1936,389,4,,2023-10-25 17:12:11,2023-10
5126,6764,1936,1324,4,,2023-03-07 20:43:27,2023-03
5127,6765,1936,834,3,,2023-08-15 06:45:21,2023-08
5128,6766,1936,1781,5,Fast and safe driver.,2023-04-17 20:04:36,2023-04
5129,6767,1936,1087,4,,2022-09-03 13:30:10,2022-09
5130,6767,1087,1936,4,Super friendly and helpful.,2022-09-03 12:16:10,2022-09
5131,6768,1936,5,4,,2022-05-27 05:50:35,2022-05
5132,6771,564,1936,2,Super friendly and helpful.,2023-03-04 04:01:53,2023-03
5133,6772,1936,1984,4,Very comfortable ride.,2022-08-03 02:25:58,2022-08
5134,6773,1344,1248,3,Acceptable ride.,2024-04-02 04:19:43,2024-04
5135,6773,1248,1344,3,"Excellent service, will ride again.",2024-04-02 03:50:43,2024-04
5136,6774,624,929,4,"Great rider, very polite.",2024-04-13 05:03:43,2024-04
5137,6775,1820,1881,4,,2023-04-12 18:39:08,2023-04
5138,6775,1881,1820,3,,2023-04-12 20:39:08,2023-04
5139,6777,1995,492,3,,2023-05-08 08:34:56,2023-05
5140,6778,492,318,4,,2023-12-24 05:36:51,2023-12
5141,6780,83,834,4,,2023-11-19 07:23:32,2023-11
5142,6782,83,1999,4,,2023-03-22 12:27:01,2023-03
5143,6783,83,1494,4,,2022-05-22 18:01:00,2022-05
5144,6783,1494,83,2,"Smooth ride, on time.",2022-05-22 18:26:00,2022-05
5145,6785,83,1999,4,,2022-03-29 07:30:23,2022-03
5146,6787,83,1547,5,"Great driver, very professional!",2022-09-18 14:06:12,2022-09
5147,6789,998,608,3,,2022-03-17 18:54:22,2022-03
5148,6789,608,998,3,Super friendly and helpful.,2022-03-17 18:43:22,2022-03
5149,6790,688,1040,4,"Great driver, very professional!",2024-01-14 13:42:11,2024-01
5150,6792,1531,1040,5,Very comfortable ride.,2024-01-08 20:27:02,2024-01
5151,6793,549,1038,3,"Smooth ride, on time.",2023-11-03 02:24:43,2023-11
5152,6794,1038,986,5,"5 stars, highly recommend!",2023-05-04 15:15:15,2023-05
5153,6796,1328,1038,4,"Smooth ride, on time.",2023-02-15 00:04:17,2023-02
5154,6797,1038,1288,4,,2022-06-08 03:25:10,2022-06
5155,6797,1288,1038,3,"Great driver, very professional!",2022-06-08 04:38:10,2022-06
5156,6798,1038,765,3,,2023-05-10 18:06:05,2023-05
5157,6798,765,1038,4,"Great driver, very professional!",2023-05-10 17:50:05,2023-05
5158,6799,833,1038,4,,2022-04-07 10:12:30,2022-04
5159,6800,1574,1038,4,,2024-02-17 14:34:12,2024-02
5160,6801,1038,508,3,,2023-05-05 01:42:32,2023-05
5161,6801,508,1038,3,"Great driver, very professional!",2023-05-05 00:47:32,2023-05
5162,6802,1038,192,4,,2023-12-29 09:12:30,2023-12
5163,6803,1038,647,4,"Quick and efficient, thanks!",2022-07-19 15:45:10,2022-07
5164,6804,1038,1494,3,,2022-03-11 00:02:20,2022-03
5165,6806,1038,351,5,Loved the music selection!,2022-10-29 20:40:20,2022-10
5166,6806,351,1038,4,"Smooth ride, on time.",2022-10-29 21:28:20,2022-10
5167,6807,1038,1881,4,Car was spotless.,2023-01-02 15:58:52,2023-01
5168,6807,1881,1038,4,,2023-01-02 15:59:52,2023-01
5169,6811,1061,24,5,"Perfect trip, no issues.",2023-01-13 01:46:27,2023-01
5170,6811,24,1061,4,Very clean car.,2023-01-13 01:43:27,2023-01
5171,6813,1243,1061,2,Super friendly and helpful.,2022-11-18 17:58:20,2022-11
5172,6814,910,52,4,"Great driver, very professional!",2023-02-04 13:12:45,2023-02
5173,6816,910,44,3,Acceptable ride.,2023-09-18 20:10:52,2023-09
5174,6816,44,910,5,Very clean car.,2023-09-18 21:47:52,2023-09
5175,6817,910,207,3,,2023-03-22 16:40:03,2023-03
5176,6817,207,910,3,Very clean car.,2023-03-22 19:04:03,2023-03
5177,6818,910,1011,4,,2023-04-03 19:48:10,2023-04
5178,6820,910,1400,5,,2024-03-18 01:01:49,2024-03
5179,6820,1400,910,4,,2024-03-18 00:48:49,2024-03
5180,6823,910,1288,3,,2022-09-28 04:12:53,2022-09
5181,6824,1293,910,3,Super friendly and helpful.,2024-02-20 07:56:35,2024-02
5182,6825,910,1386,4,,2023-09-15 05:15:17,2023-09
5183,6827,910,1981,5,,2022-10-08 16:51:21,2022-10
5184,6827,1981,910,3,,2022-10-08 17:36:21,2022-10
5185,6828,910,146,4,,2022-07-19 20:15:25,2022-07
5186,6831,910,593,5,Very courteous driver.,2023-04-06 11:47:57,2023-04
5187,6831,593,910,2,"Smooth ride, on time.",2023-04-06 13:28:57,2023-04
5188,6832,910,1237,4,Very comfortable ride.,2023-09-19 17:35:40,2023-09
5189,6833,736,669,4,,2022-01-15 08:06:31,2022-01
5190,6834,669,766,3,Trip was okay.,2023-11-19 18:32:23,2023-11
5191,6836,500,1170,3,Acceptable ride.,2022-01-07 20:51:42,2022-01
5192,6836,1170,500,3,,2022-01-07 19:43:42,2022-01
5193,6837,946,331,3,,2022-06-14 21:36:46,2022-06
5194,6840,946,608,4,Very comfortable ride.,2023-04-01 09:57:50,2023-04
5195,6842,1646,1117,3,,2023-01-27 14:59:05,2023-01
5196,6844,1646,800,3,Average experience.,2023-03-25 14:21:08,2023-03
5197,6844,800,1646,3,Super friendly and helpful.,2023-03-25 14:18:08,2023-03
5198,6845,1646,1471,3,Average experience.,2023-02-08 16:25:37,2023-02
5199,6849,788,319,4,,2023-09-25 22:29:40,2023-09
5200,6850,788,7,3,,2022-01-03 20:45:08,2022-01
5201,6851,788,883,5,Very courteous driver.,2023-10-12 15:34:51,2023-10
5202,6852,1000,1410,3,Average experience.,2022-09-12 14:48:37,2022-09
5203,6852,1410,1000,3,"Smooth ride, on time.",2022-09-12 14:11:37,2022-09
5204,6853,341,1000,3,Very clean car.,2023-05-03 10:14:56,2023-05
5205,6855,1117,1000,4,"Excellent service, will ride again.",2023-12-10 19:27:07,2023-12
5206,6858,1000,439,3,,2024-06-08 17:45:53,2024-06
5207,6860,1000,1775,5,"Perfect trip, no issues.",2024-02-09 12:43:12,2024-02
5208,6861,1000,1968,4,Super friendly and helpful.,2023-07-21 01:14:43,2023-07
5209,6862,1000,883,4,,2022-08-11 15:13:42,2022-08
5210,6863,1000,488,4,,2022-05-27 21:55:00,2022-05
5211,6863,488,1000,3,"Great driver, very professional!",2022-05-28 00:14:00,2022-05
5212,6864,1775,1000,3,"Smooth ride, on time.",2022-08-30 05:59:25,2022-08
5213,6865,1000,959,4,,2022-10-26 02:38:35,2022-10
5214,6868,997,1000,3,Very clean car.,2024-02-19 14:45:11,2024-02
5215,6871,101,1286,5,Super friendly and helpful.,2022-05-12 18:09:35,2022-05
5216,6875,101,1324,3,Nothing to complain about.,2023-09-06 09:43:44,2023-09
5217,6875,1324,101,4,"Smooth ride, on time.",2023-09-06 11:20:44,2023-09
5218,6876,101,1134,3,Got there safely.,2023-11-12 10:27:52,2023-11
5219,6876,1134,101,2,"Great driver, very professional!",2023-11-12 09:25:52,2023-11
5220,6878,101,1649,3,Trip was okay.,2024-03-02 19:40:36,2024-03
5221,6878,1649,101,5,,2024-03-02 19:31:36,2024-03
5222,6879,101,1170,2,Driver was rude.,2022-01-09 03:45:00,2022-01
5223,6880,101,224,4,,2024-03-04 00:34:36,2024-03
5224,6881,1841,101,2,Super friendly and helpful.,2022-04-27 23:03:17,2022-04
5225,6882,101,1693,3,,2022-04-26 22:20:46,2022-04
5226,6884,101,1181,5,Very courteous driver.,2023-04-03 09:11:39,2023-04
5227,6887,101,31,3,,2023-05-16 00:19:41,2023-05
5228,6888,101,1764,3,"OK trip, nothing special.",2023-01-30 17:01:54,2023-01
5229,6889,101,1507,5,Very courteous driver.,2022-11-28 10:57:31,2022-11
5230,6890,101,1575,3,Average experience.,2023-12-26 11:00:30,2023-12
5231,6897,101,1438,2,Took too long.,2023-03-16 03:15:47,2023-03
5232,6898,101,1350,4,,2023-03-13 17:31:20,2023-03
5233,6899,101,104,3,,2022-11-05 17:11:27,2022-11
5234,6900,101,766,3,,2022-09-17 08:50:32,2022-09
5235,6901,101,1135,4,,2023-08-14 14:05:38,2023-08
5236,6902,101,1736,4,"Easy pickup, no problems.",2022-06-28 21:22:51,2022-06
5237,6902,1736,101,3,"Great driver, very professional!",2022-06-28 21:39:51,2022-06
5238,6905,101,1937,5,Car was spotless.,2023-07-23 12:36:14,2023-07
5239,6906,101,1331,5,"5 stars, highly recommend!",2024-05-31 12:49:34,2024-05
5240,6908,1544,101,4,,2024-01-13 21:56:07,2024-01
5241,6909,101,1170,5,,2024-02-21 09:02:34,2024-02
5242,6909,1170,101,3,Very clean car.,2024-02-21 08:49:34,2024-02
5243,6912,101,2,4,"Excellent service, will ride again.",2022-04-10 16:02:25,2022-04
5244,6913,256,101,3,"Smooth ride, on time.",2023-10-23 16:29:00,2023-10
5245,6916,101,393,4,"Perfect trip, no issues.",2024-01-18 05:59:51,2024-01
5246,6919,1390,104,4,"Perfect trip, no issues.",2023-01-05 19:41:12,2023-01
5247,6919,104,1390,3,Super friendly and helpful.,2023-01-05 20:45:12,2023-01
5248,6920,1390,1812,4,,2023-03-19 00:32:35,2023-03
5249,6920,1812,1390,4,"Smooth ride, on time.",2023-03-19 01:36:35,2023-03
5250,6922,1390,515,3,,2023-12-20 08:38:09,2023-12
5251,6923,750,339,3,,2023-05-14 16:51:37,2023-05
5252,6925,750,318,4,"Smooth ride, on time.",2024-01-14 10:56:57,2024-01
5253,6928,192,750,3,"Smooth ride, on time.",2024-01-07 12:58:03,2024-01
5254,6929,539,750,4,"Excellent service, will ride again.",2022-12-27 11:26:24,2022-12
5255,6930,750,1134,2,Rough driving.,2024-05-01 04:25:31,2024-05
5256,6931,750,697,5,"Perfect trip, no issues.",2022-02-06 05:46:37,2022-02
5257,6933,750,1001,4,,2022-05-02 11:25:30,2022-05
5258,6933,1001,750,3,Super friendly and helpful.,2022-05-02 11:02:30,2022-05
5259,6934,750,1183,4,,2023-03-14 00:50:01,2023-03
5260,6935,750,974,4,Loved the music selection!,2024-02-18 02:06:05,2024-02
5261,6937,750,1099,5,"Smooth ride, on time.",2023-04-09 13:45:24,2023-04
5262,6941,1896,139,4,"Great driver, very professional!",2023-02-07 16:06:11,2023-02
5263,6942,1896,97,4,Very comfortable ride.,2022-08-30 04:50:31,2022-08
5264,6943,1896,1088,3,,2022-03-26 23:44:39,2022-03
5265,6943,1088,1896,4,"Smooth ride, on time.",2022-03-26 23:19:39,2022-03
5266,6944,1896,1956,5,,2022-05-12 20:04:40,2022-05
5267,6944,1956,1896,2,"Great driver, very professional!",2022-05-12 22:39:40,2022-05
5268,6945,1896,919,4,,2023-10-26 15:54:33,2023-10
5269,6945,919,1896,4,Super friendly and helpful.,2023-10-26 17:43:33,2023-10
5270,6947,1896,728,4,,2022-09-03 04:50:40,2022-09
5271,6949,1341,162,4,"Excellent service, will ride again.",2023-04-10 16:14:14,2023-04
5272,6950,1341,705,4,,2023-02-16 10:44:31,2023-02
5273,6950,705,1341,3,"Smooth ride, on time.",2023-02-16 11:09:31,2023-02
5274,6951,664,1341,3,Very clean car.,2022-02-19 11:36:21,2022-02
5275,6952,1341,1569,3,Average experience.,2022-05-09 23:06:23,2022-05
5276,6952,1569,1341,4,"Excellent service, will ride again.",2022-05-09 22:47:23,2022-05
5277,6954,1733,327,5,"5 stars, highly recommend!",2022-05-29 13:21:51,2022-05
5278,6955,89,1733,2,,2022-12-03 18:17:23,2022-12
5279,6956,1733,1030,3,,2023-06-10 12:06:40,2023-06
5280,6957,1733,1041,4,,2023-06-17 10:58:42,2023-06
5281,6957,1041,1733,2,"Great driver, very professional!",2023-06-17 10:48:42,2023-06
5282,6958,1733,677,3,,2022-09-22 03:01:03,2022-09
5283,6959,1975,1733,3,Super friendly and helpful.,2022-01-24 05:30:20,2022-01
5284,6961,1733,1547,4,,2023-07-02 08:46:30,2023-07
5285,6964,1733,430,5,,2024-03-29 02:33:10,2024-03
5286,6965,1733,1526,4,Super friendly and helpful.,2022-10-12 10:13:41,2022-10
5287,6967,1733,452,5,"Perfect trip, no issues.",2022-01-14 21:45:04,2022-01
5288,6968,1733,1965,3,,2023-07-29 05:44:29,2023-07
5289,6968,1965,1733,4,,2023-07-29 07:02:29,2023-07
5290,6969,277,1814,4,,2023-11-24 16:41:44,2023-11
5291,6970,277,335,4,"Great rider, very polite.",2024-04-21 03:54:36,2024-04
5292,6971,277,1881,5,,2022-09-25 21:21:18,2022-09
5293,6973,1700,574,4,"Smooth ride, on time.",2023-04-20 18:40:20,2023-04
5294,6975,574,393,3,Got there safely.,2023-11-30 02:25:26,2023-11
5295,6975,393,574,3,"Smooth ride, on time.",2023-11-30 01:34:26,2023-11
5296,6977,574,1181,4,,2022-01-31 00:15:47,2022-01
5297,6978,574,1035,4,,2022-03-07 04:14:06,2022-03
5298,6981,293,574,3,"Smooth ride, on time.",2023-02-18 09:09:38,2023-02
5299,6982,574,1739,4,,2023-11-30 16:00:41,2023-11
5300,6985,1213,446,5,,2022-02-09 09:13:58,2022-02
5301,6986,1213,1547,5,"Smooth ride, on time.",2022-11-18 16:39:49,2022-11
5302,6987,1213,1947,5,"Quick and efficient, thanks!",2024-06-07 20:44:10,2024-06
5303,6988,1213,318,3,Got there safely.,2022-10-23 11:30:07,2022-10
5304,6989,1213,1830,4,"Quick and efficient, thanks!",2024-04-28 12:48:05,2024-04
5305,6989,1830,1213,3,Very clean car.,2024-04-28 14:24:05,2024-04
5306,6990,1213,1035,5,,2022-09-13 20:32:57,2022-09
5307,6992,1213,472,4,,2023-11-27 00:18:03,2023-11
5308,6993,1213,1544,4,"Excellent service, will ride again.",2023-08-20 02:34:39,2023-08
5309,6993,1544,1213,2,Very clean car.,2023-08-20 02:48:39,2023-08
5310,6994,1213,1427,4,Very courteous driver.,2023-10-18 04:34:43,2023-10
5311,6994,1427,1213,3,"Excellent service, will ride again.",2023-10-18 05:07:43,2023-10
5312,6995,1213,1606,4,,2022-04-04 12:30:01,2022-04
5313,6998,1213,201,4,,2023-03-25 19:44:15,2023-03
5314,6999,1213,1221,4,,2022-11-15 20:44:37,2022-11
5315,6999,1221,1213,3,Super friendly and helpful.,2022-11-15 19:23:37,2022-11
5316,7005,150,1023,5,Loved the music selection!,2023-10-10 14:34:03,2023-10
5317,7009,1475,121,4,,2022-01-15 11:51:05,2022-01
5318,7010,569,1135,3,"OK trip, nothing special.",2023-09-22 22:58:18,2023-09
5319,7011,569,146,4,Very courteous driver.,2023-02-19 07:34:02,2023-02
5320,7012,569,1087,4,,2024-03-25 00:02:03,2024-03
5321,7013,569,1941,3,Fine driver.,2024-02-24 08:15:33,2024-02
5322,7014,1911,1894,3,,2022-03-20 03:19:12,2022-03
5323,7015,1911,818,4,,2022-03-23 21:07:20,2022-03
5324,7017,1060,1911,5,Very clean car.,2024-06-01 17:08:54,2024-06
5325,7018,1105,1039,3,"Excellent service, will ride again.",2022-03-11 18:48:24,2022-03
5326,7021,1071,31,5,,2022-02-19 04:14:40,2022-02
5327,7022,1071,319,3,Got there safely.,2023-12-21 15:23:21,2023-12
5328,7025,1071,585,4,,2024-03-23 07:17:28,2024-03
5329,7026,1828,1071,3,"Smooth ride, on time.",2024-06-25 11:22:47,2024-06
5330,7027,1071,142,3,"OK trip, nothing special.",2022-03-23 13:19:17,2022-03
5331,7028,1071,1983,3,"OK trip, nothing special.",2023-12-01 22:29:33,2023-12
5332,7028,1983,1071,2,"Smooth ride, on time.",2023-12-01 22:45:33,2023-12
5333,7029,1071,920,4,,2024-02-05 00:35:15,2024-02
5334,7029,920,1071,4,Super friendly and helpful.,2024-02-05 01:18:15,2024-02
5335,7030,1071,868,4,Very clean car.,2024-01-19 05:21:23,2024-01
5336,7033,1071,1564,4,,2024-06-23 14:32:17,2024-06
5337,7033,1564,1071,4,Very clean car.,2024-06-23 15:12:17,2024-06
5338,7034,1071,1099,4,,2024-04-15 12:29:17,2024-04
5339,7040,1680,891,4,,2023-07-21 00:43:48,2023-07
5340,7041,1680,15,4,,2022-12-04 23:31:51,2022-12
5341,7042,1243,1680,3,"Excellent service, will ride again.",2022-05-26 05:39:35,2022-05
5342,7043,634,434,4,,2024-04-08 14:53:24,2024-04
5343,7043,434,634,2,"Smooth ride, on time.",2024-04-08 15:26:24,2024-04
5344,7044,634,1356,4,"Great driver, very professional!",2022-10-15 18:36:58,2022-10
5345,7045,634,1605,4,Very clean car.,2023-09-17 10:38:52,2023-09
5346,7045,1605,634,4,Very clean car.,2023-09-17 11:43:52,2023-09
5347,7047,166,258,5,"Quick and efficient, thanks!",2023-10-04 21:46:41,2023-10
5348,7050,319,678,4,"Excellent service, will ride again.",2022-03-25 11:58:36,2022-03
5349,7051,678,1812,5,,2022-04-06 01:26:15,2022-04
5350,7051,1812,678,4,Super friendly and helpful.,2022-04-06 02:32:15,2022-04
5351,7052,678,834,4,,2024-01-07 16:50:38,2024-01
5352,7053,612,460,3,"Excellent service, will ride again.",2024-03-10 19:07:14,2024-03
5353,7054,84,256,4,,2022-01-26 07:37:11,2022-01
5354,7057,705,1712,3,Very clean car.,2024-05-11 02:27:18,2024-05
5355,7058,1712,825,4,Car was spotless.,2023-05-03 07:23:36,2023-05
5356,7059,1712,194,3,Got there safely.,2022-08-09 11:34:16,2022-08
5357,7060,1712,224,4,Fast and safe driver.,2022-02-19 02:38:32,2022-02
5358,7060,224,1712,2,"Smooth ride, on time.",2022-02-19 02:30:32,2022-02
5359,7061,1712,506,3,,2024-03-17 21:05:54,2024-03
5360,7063,566,539,3,Nothing to complain about.,2023-09-19 10:20:28,2023-09
5361,7064,566,1623,4,Very courteous driver.,2024-06-28 19:22:43,2024-06
5362,7064,1623,566,2,"Smooth ride, on time.",2024-06-28 19:13:43,2024-06
5363,7066,250,1053,4,"Great driver, very professional!",2023-06-17 03:14:33,2023-06
5364,7066,1053,250,4,Very clean car.,2023-06-17 05:10:33,2023-06
5365,7068,250,1356,4,,2024-01-27 08:23:28,2024-01
5366,7071,250,125,4,,2022-01-27 09:27:45,2022-01
5367,7072,1526,250,4,Super friendly and helpful.,2022-10-26 14:57:54,2022-10
5368,7074,250,645,5,Fast and safe driver.,2023-06-24 01:59:19,2023-06
5369,7074,645,250,2,"Smooth ride, on time.",2023-06-24 02:41:19,2023-06
5370,7076,250,822,3,,2023-04-30 06:36:42,2023-04
5371,7078,250,1181,5,,2023-08-11 13:12:33,2023-08
5372,7079,250,1658,4,,2023-10-29 00:28:58,2023-10
5373,7080,250,5,3,,2023-05-31 07:46:25,2023-05
5374,7083,250,1790,4,Fast and safe driver.,2023-09-30 06:06:52,2023-09
5375,7084,250,932,4,Fast and safe driver.,2023-03-12 05:35:18,2023-03
5376,7085,1709,250,3,,2023-06-03 11:46:16,2023-06
5377,7088,250,1684,3,,2022-10-27 02:29:53,2022-10
5378,7088,1684,250,4,"Great driver, very professional!",2022-10-27 03:23:53,2022-10
5379,7090,250,959,3,Decent experience.,2024-05-09 10:19:53,2024-05
5380,7094,250,1606,4,Super friendly and helpful.,2023-06-03 16:01:02,2023-06
5381,7095,250,765,4,,2023-08-29 02:41:28,2023-08
5382,7096,288,250,3,Super friendly and helpful.,2024-03-25 01:28:30,2024-03
5383,7098,250,1948,5,Very clean car.,2024-01-01 10:39:35,2024-01
5384,7100,250,1403,3,Fine driver.,2023-12-30 16:35:30,2023-12
5385,7100,1403,250,3,"Excellent service, will ride again.",2023-12-30 16:10:30,2023-12
5386,7101,250,728,4,"Smooth ride, on time.",2022-07-15 12:31:59,2022-07
5387,7101,728,250,4,"Great driver, very professional!",2022-07-15 11:49:59,2022-07
5388,7103,250,1532,2,Driver was late.,2023-10-18 00:26:11,2023-10
5389,7104,250,14,3,,2023-03-21 03:52:48,2023-03
5390,7105,250,919,4,Very courteous driver.,2022-11-08 08:17:36,2022-11
5391,7107,1400,250,2,"Great driver, very professional!",2023-04-27 12:50:15,2023-04
5392,7109,250,1555,4,,2022-06-16 04:29:23,2022-06
5393,7111,250,293,5,,2023-08-03 20:00:54,2023-08
5394,7112,250,146,5,,2022-10-28 04:41:21,2022-10
5395,7115,250,1575,5,"5 stars, highly recommend!",2023-11-19 07:00:43,2023-11
5396,7116,250,1839,4,"Easy pickup, no problems.",2023-12-29 16:37:20,2023-12
5397,7117,250,1196,5,"Smooth ride, on time.",2023-07-15 16:16:39,2023-07
5398,7117,1196,250,3,"Excellent service, will ride again.",2023-07-15 16:27:39,2023-07
5399,7120,250,510,2,,2023-04-19 11:46:49,2023-04
5400,7123,1765,250,3,Very clean car.,2022-10-23 17:29:38,2022-10
5401,7125,250,439,3,"OK trip, nothing special.",2023-06-08 15:41:22,2023-06
5402,7125,439,250,3,Very clean car.,2023-06-08 17:17:22,2023-06
5403,7129,250,1999,4,"Great rider, very polite.",2023-03-02 21:21:59,2023-03
5404,7130,146,250,4,"Excellent service, will ride again.",2024-03-17 18:38:37,2024-03
5405,7131,250,258,4,,2023-04-11 18:32:16,2023-04
5406,7131,258,250,2,"Excellent service, will ride again.",2023-04-11 17:53:16,2023-04
5407,7133,250,5,3,"OK trip, nothing special.",2022-01-02 07:47:34,2022-01
5408,7133,5,250,3,,2022-01-02 06:40:34,2022-01
5409,7134,1310,250,3,"Great driver, very professional!",2024-04-28 18:13:26,2024-04
5410,7135,250,1649,3,Got there safely.,2022-12-11 13:37:51,2022-12
5411,7136,250,1937,4,,2023-12-10 20:23:27,2023-12
5412,7136,1937,250,4,,2023-12-10 19:30:27,2023-12
5413,7137,250,1605,4,,2024-04-24 18:58:29,2024-04
5414,7139,250,104,5,,2024-04-13 19:56:27,2024-04
5415,7141,250,1410,5,,2023-06-19 20:05:26,2023-06
5416,7141,1410,250,2,Very clean car.,2023-06-19 21:57:26,2023-06
5417,7143,250,1041,3,,2022-10-06 02:57:25,2022-10
5418,7145,250,1623,4,"5 stars, highly recommend!",2022-10-11 23:20:11,2022-10
5419,7145,1623,250,2,,2022-10-11 22:57:11,2022-10
5420,7147,146,250,4,Super friendly and helpful.,2022-04-13 21:55:46,2022-04
5421,7148,1350,250,4,"Great driver, very professional!",2024-04-10 15:34:18,2024-04
5422,7149,250,1310,3,"OK trip, nothing special.",2023-01-04 12:40:09,2023-01
5423,7150,250,288,3,,2023-09-26 13:07:26,2023-09
5424,7151,250,1091,5,,2022-11-03 06:47:37,2022-11
5425,7155,250,117,3,"OK trip, nothing special.",2024-04-17 06:08:35,2024-04
5426,7157,250,498,3,,2023-07-28 22:10:53,2023-07
5427,7158,250,62,3,,2024-01-19 21:43:50,2024-01
5428,7161,250,1654,3,Got there safely.,2022-03-06 09:02:41,2022-03
5429,7161,1654,250,4,"Smooth ride, on time.",2022-03-06 11:11:41,2022-03
5430,7162,250,1104,5,"Excellent service, will ride again.",2023-05-14 05:11:41,2023-05
5431,7163,250,235,4,"Excellent service, will ride again.",2024-02-20 07:04:18,2024-02
5432,7164,250,1087,3,,2022-03-22 10:43:36,2022-03
5433,7165,250,1227,4,,2022-07-10 04:21:20,2022-07
5434,7165,1227,250,3,,2022-07-10 05:32:20,2022-07
5435,7169,1203,1555,3,Decent experience.,2022-06-10 00:03:39,2022-06
5436,7170,1203,932,5,,2022-03-13 17:27:59,2022-03
5437,7171,1203,1301,4,"5 stars, highly recommend!",2022-08-22 19:39:20,2022-08
5438,7171,1301,1203,3,Super friendly and helpful.,2022-08-22 21:42:20,2022-08
5439,7172,1355,1203,4,"Great driver, very professional!",2023-06-13 16:56:09,2023-06
5440,7174,1203,488,4,,2022-02-01 00:59:47,2022-02
5441,7179,1170,1203,3,"Great driver, very professional!",2023-02-27 21:22:15,2023-02
5442,7180,1203,394,4,Very clean car.,2024-02-02 07:38:09,2024-02
5443,7181,1203,1700,3,,2023-06-15 08:03:16,2023-06
5444,7181,1700,1203,3,Very clean car.,2023-06-15 10:15:16,2023-06
5445,7182,1203,318,4,,2023-03-06 18:26:13,2023-03
5446,7183,296,1956,3,"OK trip, nothing special.",2022-09-28 04:53:09,2022-09
5447,7184,1338,1495,4,"Great driver, very professional!",2023-03-29 03:44:20,2023-03
5448,7184,1495,1338,3,"Excellent service, will ride again.",2023-03-29 04:11:20,2023-03
5449,7187,1338,201,5,,2023-01-03 13:31:49,2023-01
5450,7188,1338,779,3,,2022-11-06 08:45:13,2022-11
5451,7189,1338,328,3,,2022-01-06 02:09:37,2022-01
5452,7189,328,1338,3,Very clean car.,2022-01-06 02:33:37,2022-01
5453,7190,1338,89,4,"5 stars, highly recommend!",2024-01-04 19:06:48,2024-01
5454,7191,1338,1509,4,,2024-05-23 11:58:03,2024-05
5455,7192,1338,1336,3,Nothing to complain about.,2022-01-04 02:47:50,2022-01
5456,7192,1336,1338,4,"Great driver, very professional!",2022-01-04 05:13:50,2022-01
5457,7194,818,1338,2,Super friendly and helpful.,2023-02-14 03:45:10,2023-02
5458,7195,1338,338,4,"Great rider, very polite.",2024-05-20 03:43:04,2024-05
5459,7195,338,1338,4,"Smooth ride, on time.",2024-05-20 03:22:04,2024-05
5460,7196,1338,1561,4,,2024-04-23 22:54:41,2024-04
5461,7199,1011,1338,4,Super friendly and helpful.,2023-11-21 23:30:49,2023-11
5462,7200,1437,1338,4,"Smooth ride, on time.",2023-09-11 20:57:29,2023-09
5463,7203,1338,52,4,"Great rider, very polite.",2023-06-29 20:44:28,2023-06
5464,7205,1338,974,5,,2022-02-14 22:17:59,2022-02
5465,7206,5,1338,3,"Excellent service, will ride again.",2023-04-01 17:00:54,2023-04
5466,7207,1338,1309,3,Got there safely.,2022-11-16 03:14:13,2022-11
5467,7208,1338,147,3,,2023-01-07 20:45:48,2023-01
5468,7209,1338,1995,5,Loved the music selection!,2023-03-10 00:35:22,2023-03
5469,7209,1995,1338,3,"Smooth ride, on time.",2023-03-10 00:26:22,2023-03
5470,7212,1338,286,4,,2022-02-17 00:30:39,2022-02
5471,7213,1187,1338,2,"Excellent service, will ride again.",2024-05-12 13:57:50,2024-05
5472,7214,1338,777,5,Fast and safe driver.,2024-01-03 22:24:50,2024-01
5473,7214,777,1338,4,"Excellent service, will ride again.",2024-01-03 21:11:50,2024-01
5474,7215,1338,190,3,Acceptable ride.,2022-06-14 12:47:41,2022-06
5475,7217,1338,1828,5,"Quick and efficient, thanks!",2023-02-10 02:41:06,2023-02
5476,7220,1494,1338,3,"Smooth ride, on time.",2022-09-24 02:34:50,2022-09
5477,7223,1338,1608,4,,2023-05-10 12:06:07,2023-05
5478,7223,1608,1338,3,Super friendly and helpful.,2023-05-10 14:38:07,2023-05
5479,7226,1338,448,5,,2022-07-18 00:35:11,2022-07
5480,7227,1338,202,5,"Excellent service, will ride again.",2024-04-22 19:32:19,2024-04
5481,7227,202,1338,3,"Excellent service, will ride again.",2024-04-22 20:07:19,2024-04
5482,7229,1338,1210,5,Fast and safe driver.,2023-02-01 10:48:40,2023-02
5483,7230,1338,389,4,Loved the music selection!,2022-09-04 14:18:12,2022-09
5484,7231,1338,341,4,,2022-10-30 15:36:32,2022-10
5485,7232,1338,549,4,Very clean car.,2022-05-25 04:45:22,2022-05
5486,7233,1338,1035,5,,2022-03-20 04:47:15,2022-03
5487,7233,1035,1338,3,"Smooth ride, on time.",2022-03-20 04:51:15,2022-03
5488,7234,1338,1162,5,,2023-11-24 01:41:57,2023-11
5489,7236,1338,1331,4,"Perfect trip, no issues.",2024-06-03 10:30:48,2024-06
5490,7236,1331,1338,3,Super friendly and helpful.,2024-06-03 11:34:48,2024-06
5491,7240,1338,323,4,Very courteous driver.,2023-05-04 06:51:32,2023-05
5492,7241,1338,1948,4,,2024-04-13 00:16:38,2024-04
5493,7241,1948,1338,3,,2024-04-12 23:32:38,2024-04
5494,7242,1338,549,5,,2024-05-07 01:50:50,2024-05
5495,7243,1338,833,4,"Great rider, very polite.",2022-09-29 19:25:05,2022-09
5496,7244,1338,1386,5,Very clean car.,2023-03-21 10:40:58,2023-03
5497,7245,1338,549,5,,2022-10-10 17:07:52,2022-10
5498,7246,1338,44,4,,2022-09-28 01:15:38,2022-09
5499,7247,1338,602,4,,2023-10-12 14:17:24,2023-10
5500,7254,1338,131,3,,2022-05-31 02:49:33,2022-05
5501,7255,1338,1430,5,,2022-01-02 21:39:38,2022-01
5502,7259,1338,338,3,,2023-07-10 15:43:08,2023-07
5503,7260,1338,119,4,Very comfortable ride.,2024-03-07 07:02:41,2024-03
5504,7268,1338,318,3,,2024-06-24 08:47:39,2024-06
5505,7268,318,1338,3,"Excellent service, will ride again.",2024-06-24 10:58:39,2024-06
5506,7269,1338,1352,3,Acceptable ride.,2022-08-10 10:52:12,2022-08
5507,7269,1352,1338,3,,2022-08-10 09:55:12,2022-08
5508,7270,1338,187,5,"Great driver, very professional!",2023-11-01 06:26:55,2023-11
5509,7271,1338,1207,3,,2022-12-30 07:26:04,2022-12
5510,7275,1338,448,5,"5 stars, highly recommend!",2023-08-26 23:11:52,2023-08
5511,7284,1338,1569,4,Fast and safe driver.,2024-04-20 18:37:58,2024-04
5512,7285,1338,630,3,Acceptable ride.,2024-02-21 02:40:42,2024-02
5513,7287,1001,1338,4,"Smooth ride, on time.",2022-04-27 13:56:43,2022-04
5514,7288,1823,1651,4,,2023-09-21 12:28:20,2023-09
5515,7292,114,510,3,Trip was okay.,2024-03-26 20:29:52,2024-03
5516,7294,323,153,4,Super friendly and helpful.,2023-09-01 14:14:41,2023-09
5517,7296,153,1371,4,Very comfortable ride.,2022-12-20 09:32:38,2022-12
5518,7301,1311,153,4,"Excellent service, will ride again.",2023-05-26 06:19:46,2023-05
5519,7303,153,553,5,"Quick and efficient, thanks!",2023-09-27 07:57:44,2023-09
5520,7304,1418,1108,3,,2022-10-27 06:03:04,2022-10
5521,7306,1418,543,3,,2023-01-13 09:55:39,2023-01
5522,7306,543,1418,4,"Great driver, very professional!",2023-01-13 10:02:39,2023-01
5523,7307,1869,3,3,Super friendly and helpful.,2022-04-14 23:56:37,2022-04
5524,7308,3,1081,3,,2023-09-19 22:23:44,2023-09
5525,7313,3,1183,4,,2022-09-13 07:20:54,2022-09
5526,7315,748,3,4,,2023-02-17 15:00:36,2023-02
5527,7321,3,1828,5,,2024-02-19 06:22:01,2024-02
5528,7322,3,131,5,Super friendly and helpful.,2023-03-12 11:29:08,2023-03
5529,7324,3,394,4,,2023-10-30 12:26:12,2023-10
5530,7327,3,1427,4,,2024-03-03 08:50:24,2024-03
5531,7328,3,878,3,,2024-02-02 06:45:36,2024-02
5532,7329,3,1684,2,Had trouble finding the pickup spot.,2023-09-01 10:10:40,2023-09
5533,7330,3,1293,4,Car was spotless.,2024-01-24 11:27:36,2024-01
5534,7331,3,477,3,Got there safely.,2023-10-27 17:53:33,2023-10
5535,7331,477,3,2,"Great driver, very professional!",2023-10-27 16:32:33,2023-10
5536,7335,3,1227,4,,2022-06-29 19:44:57,2022-06
5537,7337,3,1562,4,"Great rider, very polite.",2023-07-24 06:44:49,2023-07
5538,7337,1562,3,3,"Great driver, very professional!",2023-07-24 06:37:49,2023-07
5539,7340,3,1053,3,Nothing to complain about.,2023-03-09 11:44:01,2023-03
5540,7341,3,467,2,,2022-12-21 09:46:39,2022-12
5541,7344,982,132,4,Very clean car.,2022-01-15 22:27:42,2022-01
5542,7346,982,974,3,,2024-03-02 06:57:35,2024-03
5543,7346,974,982,4,Very clean car.,2024-03-02 08:04:35,2024-03
5544,7347,982,1584,3,,2022-03-31 00:04:39,2022-03
5545,7348,982,1288,4,"Smooth ride, on time.",2023-07-01 17:12:30,2023-07
5546,7350,1795,982,4,Super friendly and helpful.,2024-05-06 04:07:29,2024-05
5547,7352,982,842,4,,2023-08-19 20:45:48,2023-08
5548,7354,982,1243,4,,2023-09-15 07:29:46,2023-09
5549,7355,982,190,4,,2023-05-30 11:17:40,2023-05
5550,7358,24,1878,3,Very clean car.,2023-04-18 05:14:33,2023-04
5551,7359,1878,508,4,"Quick and efficient, thanks!",2022-12-04 19:42:20,2022-12
5552,7361,1022,327,3,,2022-07-05 11:08:54,2022-07
5553,7362,1022,1699,4,Very courteous driver.,2022-08-11 18:26:15,2022-08
5554,7362,1699,1022,3,Super friendly and helpful.,2022-08-11 18:30:15,2022-08
5555,7365,1129,1108,5,,2023-03-02 13:34:41,2023-03
5556,7366,1129,601,3,Got there safely.,2024-04-25 09:22:01,2024-04
5557,7368,1129,488,3,,2022-09-14 06:58:12,2022-09
5558,7371,863,996,3,Nothing to complain about.,2024-06-14 21:47:03,2024-06
5559,7372,863,1403,2,,2024-03-07 17:48:17,2024-03
5560,7374,863,1248,2,,2023-10-14 01:27:58,2023-10
5561,7374,1248,863,3,,2023-10-14 03:22:58,2023-10
5562,7376,863,1482,4,,2023-07-21 00:44:33,2023-07
5563,7378,863,1324,3,,2024-02-10 00:51:17,2024-02
5564,7379,863,1267,2,Car smelled bad.,2022-01-24 12:34:55,2022-01
5565,7381,863,919,4,,2024-03-06 08:38:26,2024-03
5566,7381,919,863,4,Very clean car.,2024-03-06 09:08:26,2024-03
5567,7384,863,1948,5,Super friendly and helpful.,2024-06-09 12:58:18,2024-06
5568,7385,1237,863,3,Very clean car.,2022-04-08 11:26:29,2022-04
5569,7387,863,1544,5,,2023-08-19 13:34:24,2023-08
5570,7390,863,1562,3,,2024-05-27 16:17:11,2024-05
5571,7391,863,488,3,,2022-10-21 13:42:00,2022-10
5572,7393,446,863,3,Super friendly and helpful.,2024-03-30 11:07:25,2024-03
5573,7395,1584,863,3,Very clean car.,2023-10-02 04:20:42,2023-10
5574,7396,863,146,4,,2022-11-05 11:50:13,2022-11
5575,7396,146,863,4,"Smooth ride, on time.",2022-11-05 12:13:13,2022-11
5576,7400,863,647,4,,2022-01-07 16:25:12,2022-01
5577,7400,647,863,4,Very clean car.,2022-01-07 16:29:12,2022-01
5578,7401,825,863,3,Super friendly and helpful.,2022-07-06 13:35:00,2022-07
5579,7403,863,1128,3,Nothing to complain about.,2024-04-16 02:45:24,2024-04
5580,7404,863,502,4,,2022-08-21 05:26:26,2022-08
5581,7405,1544,863,4,"Excellent service, will ride again.",2023-08-14 09:31:12,2023-08
5582,7406,863,389,3,,2022-04-24 03:22:47,2022-04
5583,7407,863,1752,5,Very courteous driver.,2022-05-14 04:53:39,2022-05
5584,7408,863,1654,3,,2022-11-12 12:48:44,2022-11
5585,7411,96,1403,3,,2022-12-27 23:00:37,2022-12
5586,7413,96,498,3,,2022-08-28 09:39:31,2022-08
5587,7414,7,96,4,"Great driver, very professional!",2023-12-27 01:13:50,2023-12
5588,7415,1479,96,3,Very clean car.,2022-05-03 22:23:23,2022-05
5589,7416,515,96,5,Very clean car.,2022-09-28 21:54:55,2022-09
5590,7417,96,323,4,,2022-06-27 19:08:27,2022-06
5591,7418,96,229,3,Average experience.,2023-07-01 17:57:03,2023-07
5592,7419,1544,96,3,"Great driver, very professional!",2023-06-04 07:19:34,2023-06
5593,7422,1271,1739,5,,2022-03-03 10:00:14,2022-03
5594,7423,1271,1794,4,Fast and safe driver.,2024-02-12 11:29:21,2024-02
5595,7424,1271,1651,4,"5 stars, highly recommend!",2023-07-31 09:34:17,2023-07
5596,7426,1271,318,4,,2023-08-10 15:13:41,2023-08
5597,7427,1271,1492,5,,2024-04-29 09:36:51,2024-04
5598,7428,1474,1271,4,Super friendly and helpful.,2022-05-27 19:42:59,2022-05
5599,7432,1968,673,2,,2022-02-19 11:34:34,2022-02
5600,7433,673,327,4,,2024-02-04 10:57:50,2024-02
5601,7433,327,673,3,Super friendly and helpful.,2024-02-04 12:17:50,2024-02
5602,7435,673,1108,4,,2023-01-06 09:03:12,2023-01
5603,7435,1108,673,4,"Great driver, very professional!",2023-01-06 10:40:12,2023-01
5604,7436,673,31,4,,2022-09-23 05:57:06,2022-09
5605,7438,673,940,5,,2022-02-07 09:55:45,2022-02
5606,7439,1795,673,3,"Great driver, very professional!",2024-01-14 15:49:17,2024-01
5607,7440,673,883,5,,2022-08-08 13:31:14,2022-08
5608,7441,673,1135,3,Nothing to complain about.,2023-06-05 06:31:58,2023-06
5609,7442,1532,673,4,"Excellent service, will ride again.",2024-02-25 11:51:03,2024-02
5610,7443,673,1472,4,Fast and safe driver.,2023-07-26 22:04:56,2023-07
5611,7446,673,1987,3,,2023-12-10 22:23:56,2023-12
5612,7447,673,131,5,,2022-03-28 19:02:18,2022-03
5613,7448,673,822,3,Trip was okay.,2022-03-21 01:10:29,2022-03
5614,7449,673,446,4,Super friendly and helpful.,2022-06-13 20:10:06,2022-06
5615,7450,673,571,5,,2023-09-07 01:27:56,2023-09
5616,7452,673,1755,2,Took too long.,2022-02-17 21:15:16,2022-02
5617,7454,1050,1608,4,,2022-05-21 20:45:02,2022-05
5618,7455,1457,1794,4,"Easy pickup, no problems.",2023-07-20 02:13:15,2023-07
5619,7456,1457,1091,4,Super friendly and helpful.,2022-01-23 02:30:42,2022-01
5620,7459,1998,118,3,,2022-04-22 22:10:31,2022-04
5621,7461,1998,1023,3,Acceptable ride.,2023-08-11 03:40:22,2023-08
5622,7463,1998,969,4,"Excellent service, will ride again.",2024-04-05 10:31:37,2024-04
5623,7464,1998,969,3,Fine driver.,2023-03-16 12:45:52,2023-03
5624,7464,969,1998,5,,2023-03-16 14:41:52,2023-03
5625,7467,1998,866,3,,2022-09-07 08:13:16,2022-09
5626,7467,866,1998,4,,2022-09-07 09:00:16,2022-09
5627,7469,1998,1975,4,,2023-08-18 20:46:11,2023-08
5628,7470,1998,89,3,Nothing to complain about.,2022-09-27 07:57:56,2022-09
5629,7471,1998,40,3,,2022-01-06 11:34:44,2022-01
5630,7472,1998,1328,5,"5 stars, highly recommend!",2022-10-28 01:31:45,2022-10
5631,7473,1998,1984,5,Fast and safe driver.,2023-10-07 08:10:55,2023-10
5632,7475,1998,14,3,Trip was okay.,2023-11-08 07:35:53,2023-11
5633,7476,1998,1198,3,,2024-01-19 11:42:53,2024-01
5634,7476,1198,1998,2,Super friendly and helpful.,2024-01-19 11:39:53,2024-01
5635,7477,1998,1605,4,,2022-01-05 11:53:32,2022-01
5636,7479,1998,1889,4,,2023-07-02 19:38:13,2023-07
5637,7479,1889,1998,3,"Great driver, very professional!",2023-07-02 19:29:13,2023-07
5638,7480,1998,155,3,,2023-11-08 14:46:28,2023-11
5639,7480,155,1998,2,,2023-11-08 17:11:28,2023-11
5640,7481,1998,1941,4,,2023-07-21 17:45:59,2023-07
5641,7482,1998,1590,3,,2022-02-23 19:14:13,2022-02
5642,7483,1998,940,4,"Perfect trip, no issues.",2023-01-30 14:08:16,2023-01
5643,7484,1998,1781,5,,2022-09-21 19:52:35,2022-09
5644,7486,1998,1826,4,"Great driver, very professional!",2022-05-05 15:25:24,2022-05
5645,7487,1998,1574,3,,2022-09-30 12:49:45,2022-09
5646,7489,1998,510,3,,2024-02-25 08:31:58,2024-02
5647,7490,1947,1998,4,,2022-08-31 03:57:33,2022-08
5648,7491,1998,351,4,Car was spotless.,2022-05-09 19:30:56,2022-05
5649,7491,351,1998,2,"Excellent service, will ride again.",2022-05-09 19:35:56,2022-05
5650,7492,1998,1765,4,,2023-09-27 03:43:41,2023-09
5651,7492,1765,1998,3,"Smooth ride, on time.",2023-09-27 02:05:41,2023-09
5652,7493,1998,1001,5,Very courteous driver.,2022-09-19 16:34:53,2022-09
5653,7494,1474,1998,3,Super friendly and helpful.,2023-01-17 16:54:53,2023-01
5654,7495,1998,693,4,Loved the music selection!,2023-10-29 22:55:33,2023-10
5655,7496,1998,1355,4,Very courteous driver.,2022-04-19 16:19:22,2022-04
5656,7496,1355,1998,4,Super friendly and helpful.,2022-04-19 15:42:22,2022-04
5657,7497,1998,97,4,,2022-05-17 06:52:22,2022-05
5658,7498,1998,1081,4,"Perfect trip, no issues.",2022-02-12 13:46:43,2022-02
5659,7499,1998,341,4,Very clean car.,2023-08-25 05:16:15,2023-08
5660,7501,1998,119,3,Decent experience.,2023-01-07 21:02:15,2023-01
5661,7501,119,1998,5,,2023-01-07 20:25:15,2023-01
5662,7502,1998,1328,5,,2023-06-16 09:22:58,2023-06
5663,7503,1998,1497,4,,2022-01-07 06:23:19,2022-01
5664,7504,1998,1841,3,Got there safely.,2023-10-05 22:22:38,2023-10
5665,7505,1998,351,3,Acceptable ride.,2022-04-16 03:26:57,2022-04
5666,7506,1998,1088,3,Acceptable ride.,2023-03-05 07:33:12,2023-03
5667,7507,1998,2,3,Decent experience.,2024-04-21 16:08:08,2024-04
5668,7508,1998,1776,3,Fine driver.,2024-02-05 18:40:53,2024-02
5669,7509,1998,1134,3,Got there safely.,2023-07-09 04:37:26,2023-07
5670,7510,1998,225,5,,2023-07-25 10:02:06,2023-07
5671,7510,225,1998,3,Very clean car.,2023-07-25 10:20:06,2023-07
5672,7511,941,1998,3,Very clean car.,2022-02-06 19:17:37,2022-02
5673,7512,324,1280,3,"Great driver, very professional!",2023-11-03 04:10:48,2023-11
5674,7515,1739,1537,4,Very clean car.,2023-03-08 21:03:23,2023-03
5675,7517,1537,1081,5,"Great rider, very polite.",2024-01-10 11:51:28,2024-01
5676,7517,1081,1537,4,"Great driver, very professional!",2024-01-10 11:53:28,2024-01
5677,7521,1537,201,5,Very clean car.,2023-07-04 23:41:47,2023-07
5678,7521,201,1537,2,,2023-07-05 00:48:47,2023-07
5679,7522,1537,1181,4,"Quick and efficient, thanks!",2022-01-02 03:54:08,2022-01
5680,7523,1537,1654,3,Average experience.,2024-05-30 04:07:52,2024-05
5681,7524,1537,1293,3,,2022-03-21 11:35:17,2022-03
5682,7525,1281,1537,3,,2024-03-23 08:31:54,2024-03
5683,7526,1537,1105,5,,2023-11-04 20:39:56,2023-11
5684,7526,1105,1537,4,"Smooth ride, on time.",2023-11-04 21:38:56,2023-11
5685,7527,1537,469,3,Acceptable ride.,2022-03-26 15:14:24,2022-03
5686,7527,469,1537,5,"Great driver, very professional!",2022-03-26 15:53:24,2022-03
5687,7529,1742,1764,4,"5 stars, highly recommend!",2022-04-05 18:13:31,2022-04
5688,7530,1742,1569,3,Fine driver.,2022-12-31 06:54:17,2022-12
5689,7531,552,1380,4,Car was spotless.,2023-02-28 00:52:12,2023-02
5690,7531,1380,552,4,"Excellent service, will ride again.",2023-02-28 01:27:12,2023-02
5691,7532,552,553,4,Very comfortable ride.,2022-02-14 12:14:17,2022-02
5692,7533,552,1403,5,,2024-01-31 12:28:31,2024-01
5693,7535,552,932,5,,2024-04-29 22:29:34,2024-04
5694,7535,932,552,3,"Great driver, very professional!",2024-04-30 00:02:34,2024-04
5695,7538,552,1509,5,,2023-06-11 21:45:39,2023-06
5696,7542,552,55,4,Very courteous driver.,2022-08-09 21:38:51,2022-08
5697,7543,552,1968,4,Very courteous driver.,2023-10-28 20:38:53,2023-10
5698,7543,1968,552,4,"Smooth ride, on time.",2023-10-28 22:04:53,2023-10
5699,7544,552,450,3,"OK trip, nothing special.",2022-03-17 15:42:51,2022-03
5700,7544,450,552,3,"Great driver, very professional!",2022-03-17 15:50:51,2022-03
5701,7545,1400,552,3,"Excellent service, will ride again.",2022-07-06 17:39:24,2022-07
5702,7546,552,1410,3,Average experience.,2022-12-19 04:58:32,2022-12
5703,7547,552,736,2,,2022-02-18 14:54:32,2022-02
5704,7549,552,977,2,Had trouble finding the pickup spot.,2024-02-15 07:39:46,2024-02
5705,7549,977,552,3,"Great driver, very professional!",2024-02-15 09:19:46,2024-02
5706,7551,552,190,3,Trip was okay.,2023-07-29 14:02:51,2023-07
5707,7551,190,552,3,"Great driver, very professional!",2023-07-29 15:56:51,2023-07
5708,7554,1371,552,4,,2022-07-14 18:29:25,2022-07
5709,7555,552,66,4,,2023-05-29 18:25:22,2023-05
5710,7555,66,552,3,Super friendly and helpful.,2023-05-29 19:32:22,2023-05
5711,7556,552,1955,5,,2024-06-12 18:42:41,2024-06
5712,7556,1955,552,3,Super friendly and helpful.,2024-06-12 19:38:41,2024-06
5713,7557,552,1331,4,,2022-10-03 12:48:54,2022-10
5714,7557,1331,552,3,"Great driver, very professional!",2022-10-03 13:22:54,2022-10
5715,7558,552,258,4,,2023-05-30 12:21:24,2023-05
5716,7560,552,179,4,Fast and safe driver.,2023-11-24 03:22:02,2023-11
5717,7560,179,552,3,"Smooth ride, on time.",2023-11-24 03:33:02,2023-11
5718,7561,782,552,3,,2022-04-09 02:24:42,2022-04
5719,7563,549,552,3,Very clean car.,2023-05-19 10:31:22,2023-05
5720,7566,552,461,3,Average experience.,2023-04-01 22:11:20,2023-04
5721,7568,552,825,3,Average experience.,2023-09-29 12:31:51,2023-09
5722,7569,1410,552,3,"Excellent service, will ride again.",2023-09-02 23:39:08,2023-09
5723,7571,552,1693,3,Average experience.,2023-08-01 23:16:38,2023-08
5724,7571,1693,552,2,Very clean car.,2023-08-01 23:31:38,2023-08
5725,7574,552,498,3,Fine driver.,2022-05-19 00:46:16,2022-05
5726,7574,498,552,3,"Excellent service, will ride again.",2022-05-19 00:04:16,2022-05
5727,7577,552,1558,3,,2022-07-22 07:11:53,2022-07
5728,7577,1558,552,3,Very clean car.,2022-07-22 08:14:53,2022-07
5729,7578,552,162,5,,2023-05-13 12:29:00,2023-05
5730,7578,162,552,5,"Smooth ride, on time.",2023-05-13 14:32:00,2023-05
5731,7581,552,450,5,Very comfortable ride.,2023-08-18 12:26:05,2023-08
5732,7583,552,1310,5,,2023-07-17 16:20:33,2023-07
5733,7583,1310,552,2,"Smooth ride, on time.",2023-07-17 15:08:33,2023-07
5734,7584,552,1413,4,,2022-12-22 08:20:08,2022-12
5735,7584,1413,552,4,Super friendly and helpful.,2022-12-22 08:48:08,2022-12
5736,7585,552,1999,4,,2024-01-24 05:01:22,2024-01
5737,7586,552,1060,2,,2022-09-11 04:07:05,2022-09
5738,7586,1060,552,4,,2022-09-11 05:10:05,2022-09
5739,7587,552,1590,4,"Quick and efficient, thanks!",2022-02-15 17:32:28,2022-02
5740,7589,932,552,3,Super friendly and helpful.,2023-01-31 22:05:44,2023-01
5741,7590,552,643,5,Super friendly and helpful.,2023-08-07 22:10:47,2023-08
5742,7591,311,1826,3,,2022-04-27 10:11:21,2022-04
5743,7591,1826,311,2,Super friendly and helpful.,2022-04-27 08:57:21,2022-04
5744,7592,1912,1494,5,Fast and safe driver.,2022-01-06 10:01:48,2022-01
5745,7593,1912,224,4,"Perfect trip, no issues.",2022-12-24 16:01:20,2022-12
5746,7594,1912,1135,3,Trip was okay.,2022-10-27 00:43:56,2022-10
5747,7594,1135,1912,4,"Smooth ride, on time.",2022-10-27 01:54:56,2022-10
5748,7596,1912,1044,3,Acceptable ride.,2022-07-28 13:41:41,2022-07
5749,7597,1912,553,5,,2024-06-06 13:26:04,2024-06
5750,7597,553,1912,3,"Excellent service, will ride again.",2024-06-06 13:11:04,2024-06
5751,7599,1912,1134,3,Got there safely.,2024-05-17 04:08:43,2024-05
5752,7599,1134,1912,3,"Excellent service, will ride again.",2024-05-17 05:27:43,2024-05
5753,7600,1912,1699,4,,2022-06-01 07:59:35,2022-06
5754,7601,179,1912,3,"Excellent service, will ride again.",2022-02-19 20:35:58,2022-02
5755,7602,1912,147,3,"OK trip, nothing special.",2023-06-26 14:31:04,2023-06
5756,7602,147,1912,2,Super friendly and helpful.,2023-06-26 16:02:04,2023-06
5757,7603,1912,1814,3,Fine driver.,2022-10-20 14:00:25,2022-10
5758,7603,1814,1912,2,"Smooth ride, on time.",2022-10-20 13:15:25,2022-10
5759,7604,1912,1386,5,,2022-02-09 17:09:10,2022-02
5760,7608,194,1912,4,,2022-08-24 18:02:23,2022-08
5761,7609,1912,1371,5,,2023-06-19 20:47:07,2023-06
5762,7610,1912,1736,3,Average experience.,2022-05-23 00:51:47,2022-05
5763,7612,1912,1812,4,,2024-03-05 22:44:23,2024-03
5764,7615,1912,1894,4,,2023-07-24 18:21:07,2023-07
5765,7617,1915,65,4,,2023-07-08 13:23:59,2023-07
5766,7619,1915,1869,3,,2024-02-07 08:43:58,2024-02
5767,7620,1915,1937,5,Very comfortable ride.,2024-02-02 21:24:14,2024-02
5768,7621,1915,1461,5,Very clean car.,2024-06-21 11:21:19,2024-06
5769,7621,1461,1915,3,Very clean car.,2024-06-21 12:31:19,2024-06
5770,7623,1915,288,2,,2023-06-02 12:17:21,2023-06
5771,7625,1915,229,4,,2022-09-03 20:03:03,2022-09
5772,7626,1915,1131,4,,2023-06-16 01:31:00,2023-06
5773,7627,1915,929,3,Trip was okay.,2022-02-02 09:19:37,2022-02
5774,7628,1915,448,3,,2024-02-19 13:04:40,2024-02
5775,7628,448,1915,3,,2024-02-19 13:05:40,2024-02
5776,7635,1659,1248,4,Super friendly and helpful.,2023-10-10 00:31:43,2023-10
5777,7636,1659,549,4,"Easy pickup, no problems.",2023-02-07 18:04:01,2023-02
5778,7636,549,1659,4,Super friendly and helpful.,2023-02-07 20:01:01,2023-02
5779,7637,1659,1975,5,Very clean car.,2023-09-12 06:14:53,2023-09
5780,7639,404,256,5,"Great driver, very professional!",2023-08-21 21:49:58,2023-08
5781,7640,404,1544,3,,2023-03-28 01:33:16,2023-03
5782,7640,1544,404,4,"Great driver, very professional!",2023-03-28 01:52:16,2023-03
5783,7641,1575,404,4,Very clean car.,2023-02-21 06:35:24,2023-02
5784,7642,404,741,3,,2023-12-08 15:36:06,2023-12
5785,7644,404,1380,4,"Excellent service, will ride again.",2023-08-12 07:35:40,2023-08
5786,7645,557,293,4,"Quick and efficient, thanks!",2022-05-20 04:32:09,2022-05
5787,7648,1639,1965,3,,2023-03-07 23:23:18,2023-03
5788,7649,1639,1350,3,Nothing to complain about.,2023-06-25 00:52:31,2023-06
5789,7650,1639,199,5,,2024-05-03 02:06:44,2024-05
5790,7650,199,1639,3,"Great driver, very professional!",2024-05-03 01:30:44,2024-05
5791,7652,1639,52,5,"Quick and efficient, thanks!",2023-01-04 02:24:30,2023-01
5792,7653,1639,341,4,,2023-10-31 16:51:11,2023-10
5793,7654,1639,1427,4,,2022-07-06 08:00:55,2022-07
5794,7654,1427,1639,2,Very clean car.,2022-07-06 09:08:55,2022-07
5795,7655,1639,1205,4,,2023-05-23 22:47:58,2023-05
5796,7656,1639,1825,5,"Excellent service, will ride again.",2023-04-09 16:42:16,2023-04
5797,7656,1825,1639,4,"Excellent service, will ride again.",2023-04-09 16:47:16,2023-04
5798,7657,1639,940,5,Loved the music selection!,2023-08-19 15:10:51,2023-08
5799,7658,1639,1933,3,,2022-05-31 08:38:41,2022-05
5800,7659,1639,1310,4,,2024-06-04 21:46:04,2024-06
5801,7660,1484,947,4,"Smooth ride, on time.",2022-09-20 19:52:51,2022-09
5802,7662,121,1484,2,Super friendly and helpful.,2023-01-23 14:15:42,2023-01
5803,7663,331,1484,3,Super friendly and helpful.,2022-01-09 19:33:15,2022-01
5804,7664,118,228,4,"Great driver, very professional!",2022-05-13 11:31:37,2022-05
5805,7665,228,1131,5,,2023-08-27 09:12:29,2023-08
5806,7666,1327,1400,4,,2022-08-02 16:55:00,2022-08
5807,7667,1327,461,5,,2023-09-23 15:24:58,2023-09
5808,7668,1327,1135,3,Average experience.,2022-07-02 19:42:18,2022-07
5809,7668,1135,1327,4,Super friendly and helpful.,2022-07-02 21:01:18,2022-07
5810,7672,1327,544,2,Driver was late.,2024-02-04 02:51:28,2024-02
5811,7673,1327,1128,4,,2022-10-08 14:44:23,2022-10
5812,7673,1128,1327,3,"Excellent service, will ride again.",2022-10-08 15:51:23,2022-10
5813,7675,1327,494,4,,2022-04-30 19:09:33,2022-04
5814,7676,1327,1881,4,"Great rider, very polite.",2022-08-12 13:54:07,2022-08
5815,7677,1327,1427,5,,2023-02-22 16:47:29,2023-02
5816,7677,1427,1327,4,,2023-02-22 16:09:29,2023-02
5817,7681,1826,1327,4,"Great driver, very professional!",2022-09-20 20:07:28,2022-09
5818,7683,1327,199,4,,2024-06-04 00:36:30,2024-06
5819,7684,1327,1889,2,Driver was late.,2024-04-18 10:17:37,2024-04
5820,7684,1889,1327,5,Super friendly and helpful.,2024-04-18 09:52:37,2024-04
5821,7686,1650,434,3,Trip was okay.,2022-01-17 07:48:48,2022-01
5822,7686,434,1650,4,"Great driver, very professional!",2022-01-17 08:22:48,2022-01
5823,7687,201,1070,3,"Excellent service, will ride again.",2022-06-05 17:45:59,2022-06
5824,7688,1227,418,3,"Excellent service, will ride again.",2024-02-27 21:07:38,2024-02
5825,7689,959,418,4,"Great driver, very professional!",2023-05-02 15:06:11,2023-05
5826,7691,418,506,4,Very clean car.,2022-02-28 02:42:51,2022-02
5827,7691,506,418,4,,2022-02-28 04:44:51,2022-02
5828,7694,418,412,5,,2022-01-30 19:34:36,2022-01
5829,7696,418,1350,3,,2024-02-28 03:16:49,2024-02
5830,7697,589,585,4,,2024-04-18 16:27:16,2024-04
5831,7697,585,589,5,,2024-04-18 16:15:16,2024-04
5832,7699,589,1135,3,,2022-05-15 03:01:59,2022-05
5833,7700,589,132,3,,2024-05-01 16:22:35,2024-05
5834,7702,589,1206,5,,2023-05-04 17:36:15,2023-05
5835,7703,589,1526,3,,2023-06-29 22:15:50,2023-06
5836,7705,589,1243,5,Very comfortable ride.,2022-08-27 07:24:19,2022-08
5837,7706,1081,589,4,,2023-02-12 19:39:05,2023-02
5838,7710,1237,701,3,"Great driver, very professional!",2024-03-27 04:32:17,2024-03
5839,7711,1739,701,3,"Excellent service, will ride again.",2024-02-09 09:15:00,2024-02
5840,7712,701,1968,5,Super friendly and helpful.,2023-02-15 21:33:24,2023-02
5841,7713,701,1141,3,,2023-01-18 16:37:18,2023-01
5842,7715,701,1765,4,Very comfortable ride.,2023-06-20 07:14:10,2023-06
5843,7716,701,1281,4,,2023-07-18 12:14:52,2023-07
5844,7716,1281,701,4,Super friendly and helpful.,2023-07-18 12:43:52,2023-07
5845,7717,701,1087,3,Acceptable ride.,2023-11-03 11:29:28,2023-11
5846,7717,1087,701,4,Very clean car.,2023-11-03 13:04:28,2023-11
5847,7719,701,1727,4,"Great driver, very professional!",2022-05-24 09:52:52,2022-05
5848,7719,1727,701,3,Super friendly and helpful.,2022-05-24 11:38:52,2022-05
5849,7721,323,701,3,Super friendly and helpful.,2023-08-14 03:03:50,2023-08
5850,7723,701,31,5,"Great driver, very professional!",2023-10-31 05:24:21,2023-10
5851,7724,701,1853,2,,2023-08-12 21:53:25,2023-08
5852,7725,701,202,4,"Easy pickup, no problems.",2022-02-08 16:44:51,2022-02
5853,7727,701,89,3,"OK trip, nothing special.",2023-05-20 10:40:22,2023-05
5854,7727,89,701,3,,2023-05-20 11:22:22,2023-05
5855,7728,701,40,3,Acceptable ride.,2023-01-18 23:38:20,2023-01
5856,7731,701,1237,4,"5 stars, highly recommend!",2022-08-22 03:36:56,2022-08
5857,7733,997,701,4,"Smooth ride, on time.",2023-05-18 11:57:16,2023-05
5858,7734,701,1765,3,Acceptable ride.,2023-12-22 00:14:21,2023-12
5859,7736,701,199,4,Very clean car.,2022-01-21 06:34:24,2022-01
5860,7737,701,1108,5,Super friendly and helpful.,2022-02-07 14:02:49,2022-02
5861,7738,701,697,4,,2023-01-09 11:33:11,2023-01
5862,7739,701,119,5,,2023-05-20 00:38:42,2023-05
5863,7742,701,777,4,,2022-09-10 05:31:44,2022-09
5864,7742,777,701,4,,2022-09-10 06:23:44,2022-09
5865,7743,701,1324,4,,2024-04-09 03:42:59,2024-04
5866,7745,701,996,4,,2022-03-29 04:28:00,2022-03
5867,7746,701,1933,2,,2023-09-13 15:38:08,2023-09
5868,7747,701,1699,4,,2023-08-01 01:05:23,2023-08
5869,7748,701,131,4,,2023-12-03 07:34:18,2023-12
5870,7748,131,701,3,Super friendly and helpful.,2023-12-03 09:23:18,2023-12
5871,7749,701,327,4,,2022-05-09 14:44:50,2022-05
5872,7751,701,969,3,,2022-12-23 06:25:23,2022-12
5873,7752,701,1763,2,Had trouble finding the pickup spot.,2022-09-23 08:15:03,2022-09
5874,7752,1763,701,3,"Great driver, very professional!",2022-09-23 09:07:03,2022-09
5875,7753,24,701,5,Very clean car.,2023-04-06 09:00:54,2023-04
5876,7754,701,825,4,,2022-05-27 10:10:31,2022-05
5877,7754,825,701,3,Very clean car.,2022-05-27 09:19:31,2022-05
5878,7755,701,1198,4,,2024-04-28 09:10:01,2024-04
5879,7755,1198,701,4,"Smooth ride, on time.",2024-04-28 10:18:01,2024-04
5880,7756,701,494,5,"Smooth ride, on time.",2022-03-26 07:48:54,2022-03
5881,7757,701,825,2,,2022-11-19 19:58:31,2022-11
5882,7758,701,1288,3,,2022-08-29 05:00:43,2022-08
5883,7758,1288,701,3,"Smooth ride, on time.",2022-08-29 04:37:43,2022-08
5884,7759,701,1087,4,,2023-10-05 21:37:52,2023-10
5885,7760,701,31,5,"5 stars, highly recommend!",2024-06-04 22:09:07,2024-06
5886,7760,31,701,4,"Smooth ride, on time.",2024-06-04 22:23:07,2024-06
5887,7761,701,1210,4,,2023-05-28 02:14:50,2023-05
5888,7763,1479,701,2,"Smooth ride, on time.",2023-12-20 16:17:55,2023-12
5889,7765,701,1141,5,,2024-04-15 00:36:42,2024-04
5890,7765,1141,701,2,"Excellent service, will ride again.",2024-04-15 01:00:42,2024-04
5891,7766,1221,701,4,Very clean car.,2024-02-26 18:31:02,2024-02
5892,7767,701,1828,5,Car was spotless.,2022-02-08 20:08:17,2022-02
5893,7767,1828,701,2,,2022-02-08 21:29:17,2022-02
5894,7770,701,1890,3,"OK trip, nothing special.",2023-10-04 11:37:59,2023-10
5895,7773,701,957,4,Loved the music selection!,2022-01-07 02:31:43,2022-01
5896,7773,957,701,3,"Smooth ride, on time.",2022-01-07 04:51:43,2022-01
5897,7775,701,697,4,"Quick and efficient, thanks!",2023-08-17 08:25:02,2023-08
5898,7777,1044,701,3,Very clean car.,2023-10-29 10:11:50,2023-10
5899,7779,823,995,4,Fast and safe driver.,2022-11-21 02:27:51,2022-11
5900,7780,823,1135,4,,2023-06-18 17:29:29,2023-06
5901,7781,823,132,5,Very clean car.,2024-06-28 08:16:36,2024-06
5902,7782,823,328,4,Loved the music selection!,2023-12-02 19:05:22,2023-12
5903,7782,328,823,4,"Excellent service, will ride again.",2023-12-02 19:39:22,2023-12
5904,7783,823,1128,3,,2022-04-10 03:55:37,2022-04
5905,7785,823,131,5,"Great rider, very polite.",2022-09-20 22:28:28,2022-09
5906,7787,823,1243,3,,2022-01-17 14:53:19,2022-01
5907,7787,1243,823,2,"Smooth ride, on time.",2022-01-17 14:44:19,2022-01
5908,7788,823,825,4,Fast and safe driver.,2022-01-20 23:40:25,2022-01
5909,7789,823,1134,3,,2023-08-18 09:07:56,2023-08
5910,7789,1134,823,4,Super friendly and helpful.,2023-08-18 08:42:56,2023-08
5911,7790,823,1403,5,,2023-05-16 13:12:45,2023-05
5912,7790,1403,823,3,"Smooth ride, on time.",2023-05-16 11:32:45,2023-05
5913,7792,823,1227,5,"Smooth ride, on time.",2022-11-02 13:34:18,2022-11
5914,7793,823,515,3,Decent experience.,2022-07-21 16:40:56,2022-07
5915,7793,515,823,2,"Excellent service, will ride again.",2022-07-21 18:18:56,2022-07
5916,7794,823,1001,4,Very clean car.,2023-10-14 22:41:59,2023-10
5917,7795,1649,823,3,Very clean car.,2022-08-03 08:03:16,2022-08
5918,7796,823,1400,5,Very courteous driver.,2022-05-19 14:47:48,2022-05
5919,7798,823,1755,2,Had trouble finding the pickup spot.,2022-07-12 02:08:15,2022-07
5920,7801,823,919,5,"Great rider, very polite.",2023-03-12 09:37:50,2023-03
5921,7802,823,412,3,Got there safely.,2022-09-12 00:33:19,2022-09
5922,7803,248,823,3,,2022-06-08 12:58:58,2022-06
5923,7807,823,1654,3,Decent experience.,2023-05-09 21:14:41,2023-05
5924,7809,823,1991,2,,2022-10-17 10:48:32,2022-10
5925,7809,1991,823,4,"Great driver, very professional!",2022-10-17 11:08:32,2022-10
5926,7811,823,230,4,,2022-08-20 01:49:12,2022-08
5927,7813,823,1350,4,,2022-07-08 12:43:55,2022-07
5928,7814,1477,823,3,"Great driver, very professional!",2023-11-30 17:24:52,2023-11
5929,7815,823,1207,4,Fast and safe driver.,2024-02-24 19:11:28,2024-02
5930,7816,823,1494,3,Acceptable ride.,2023-05-12 00:20:21,2023-05
5931,7821,229,823,3,,2022-01-29 07:36:49,2022-01
5932,7823,136,823,4,"Excellent service, will ride again.",2023-03-08 00:17:30,2023-03
5933,7825,823,1739,4,,2022-06-16 07:40:11,2022-06
5934,7825,1739,823,4,Very clean car.,2022-06-16 08:48:11,2022-06
5935,7827,823,1105,4,,2023-12-18 07:54:12,2023-12
5936,7827,1105,823,4,"Great driver, very professional!",2023-12-18 08:03:12,2023-12
5937,7828,823,146,4,,2023-02-02 16:25:19,2023-02
5938,7830,823,1477,4,,2023-01-23 11:36:35,2023-01
5939,7831,823,1040,3,,2023-12-11 04:55:07,2023-12
5940,7831,1040,823,2,,2023-12-11 06:10:07,2023-12
5941,7832,823,1288,4,,2023-02-28 07:27:02,2023-02
5942,7834,823,433,4,"Excellent service, will ride again.",2024-02-13 17:44:20,2024-02
5943,7836,823,1606,4,Car was spotless.,2022-11-02 20:31:25,2022-11
5944,7838,823,1403,3,Average experience.,2022-02-04 00:00:10,2022-02
5945,7839,823,1947,4,"5 stars, highly recommend!",2022-01-02 13:47:34,2022-01
5946,7840,823,1495,3,Nothing to complain about.,2022-04-04 15:16:03,2022-04
5947,7840,1495,823,4,,2022-04-04 15:25:03,2022-04
5948,7841,823,1606,4,,2022-11-03 03:04:25,2022-11
5949,7842,823,1438,4,,2022-07-29 15:26:14,2022-07
5950,7844,65,823,4,"Excellent service, will ride again.",2024-06-20 19:27:47,2024-06
5951,7845,722,1437,4,,2024-03-17 11:38:48,2024-03
5952,7845,1437,722,3,"Smooth ride, on time.",2024-03-17 12:03:48,2024-03
5953,7846,803,1948,4,,2024-06-24 11:47:47,2024-06
5954,7847,596,412,3,,2023-11-15 20:38:12,2023-11
5955,7848,596,436,4,"Smooth ride, on time.",2023-05-10 20:41:12,2023-05
5956,7849,596,1087,3,Fine driver.,2022-11-02 02:14:54,2022-11
5957,7849,1087,596,3,"Smooth ride, on time.",2022-11-02 02:30:54,2022-11
5958,7851,596,1606,3,Average experience.,2024-04-05 12:15:18,2024-04
5959,7853,1298,779,4,"Quick and efficient, thanks!",2023-08-26 02:05:18,2023-08
5960,7853,779,1298,5,Super friendly and helpful.,2023-08-26 04:00:18,2023-08
5961,7855,1298,452,3,Fine driver.,2023-06-17 15:40:45,2023-06
5962,7857,1298,1087,4,,2024-01-10 08:46:45,2024-01
5963,7858,1298,1187,3,,2023-09-11 10:34:06,2023-09
5964,7860,1298,1741,3,Got there safely.,2023-12-13 03:34:35,2023-12
5965,7861,1298,898,4,,2023-03-05 06:05:00,2023-03
5966,7863,1298,1281,3,,2022-03-15 07:34:26,2022-03
5967,7864,1298,1328,3,,2022-11-10 07:08:13,2022-11
5968,7864,1328,1298,3,"Smooth ride, on time.",2022-11-10 06:55:13,2022-11
5969,7868,1298,1267,3,,2023-03-30 06:30:10,2023-03
5970,7869,1298,778,3,,2022-02-21 02:27:08,2022-02
5971,7869,778,1298,4,"Excellent service, will ride again.",2022-02-21 02:40:08,2022-02
5972,7872,1237,1298,4,"Great driver, very professional!",2023-01-14 20:52:23,2023-01
5973,7873,1298,506,4,Very comfortable ride.,2024-05-12 15:00:16,2024-05
5974,7873,506,1298,3,,2024-05-12 16:13:16,2024-05
5975,7875,1298,1981,5,Car was spotless.,2023-12-27 12:36:15,2023-12
5976,7875,1981,1298,3,"Excellent service, will ride again.",2023-12-27 12:38:15,2023-12
5977,7877,1298,789,3,Nothing to complain about.,2022-09-16 15:56:14,2022-09
5978,7878,1298,1091,5,Car was spotless.,2022-03-06 17:45:06,2022-03
5979,7879,759,1298,3,Super friendly and helpful.,2023-06-27 21:11:15,2023-06
5980,7881,1298,1394,4,,2023-03-19 16:24:44,2023-03
5981,7884,1298,331,5,"Perfect trip, no issues.",2024-01-06 05:51:01,2024-01
5982,7885,1298,1324,2,Had trouble finding the pickup spot.,2022-06-16 20:21:00,2022-06
5983,7886,1649,1298,4,Very clean car.,2023-12-19 03:10:18,2023-12
5984,7887,1298,553,4,"Smooth ride, on time.",2023-01-01 22:10:21,2023-01
5985,7888,1298,55,5,,2024-02-22 00:23:26,2024-02
5986,7890,1298,1472,3,Average experience.,2022-05-30 06:58:36,2022-05
5987,7890,1472,1298,4,Super friendly and helpful.,2022-05-30 08:01:36,2022-05
5988,7892,1298,1302,4,Loved the music selection!,2023-05-06 20:23:17,2023-05
5989,7893,1298,1532,3,Average experience.,2024-01-03 09:21:49,2024-01
5990,7894,1298,800,5,"Quick and efficient, thanks!",2023-10-24 20:05:41,2023-10
5991,7897,1298,1099,5,"Excellent service, will ride again.",2023-11-25 22:50:02,2023-11
5992,7897,1099,1298,3,"Excellent service, will ride again.",2023-11-25 23:00:02,2023-11
5993,7900,1298,1450,3,Acceptable ride.,2022-07-16 16:10:00,2022-07
5994,7901,1298,1400,5,Car was spotless.,2023-04-27 18:29:19,2023-04
5995,7901,1400,1298,2,"Excellent service, will ride again.",2023-04-27 19:04:19,2023-04
5996,7903,1298,834,4,,2023-04-20 22:07:57,2023-04
5997,7905,1298,553,4,,2022-04-27 09:25:51,2022-04
5998,7906,1131,1298,2,"Great driver, very professional!",2023-04-17 06:25:06,2023-04
5999,7907,1305,1995,3,,2022-08-17 11:16:20,2022-08
6000,7907,1995,1305,3,Very clean car.,2022-08-17 12:06:20,2022-08
6001,7908,1305,1575,3,,2024-03-12 02:19:58,2024-03
6002,7908,1575,1305,3,"Great driver, very professional!",2024-03-12 01:44:58,2024-03
6003,7909,1305,1479,4,Very clean car.,2022-12-17 05:05:15,2022-12
6004,7911,1305,225,3,Nothing to complain about.,2022-09-16 06:33:10,2022-09
6005,7912,10,136,3,Got there safely.,2023-10-07 15:21:26,2023-10
6006,7912,136,10,3,"Great driver, very professional!",2023-10-07 16:48:26,2023-10
6007,7915,956,941,4,,2023-04-01 15:22:47,2023-04
6008,7916,1947,180,4,Super friendly and helpful.,2022-12-03 02:55:54,2022-12
6009,7919,180,139,4,,2022-03-29 07:50:43,2022-03
6010,7920,180,1111,4,Car was spotless.,2022-01-02 12:01:37,2022-01
6011,7921,180,1562,5,"5 stars, highly recommend!",2022-08-12 21:38:03,2022-08
6012,7923,180,331,3,,2023-10-01 13:19:13,2023-10
6013,7923,331,180,4,Super friendly and helpful.,2023-10-01 15:24:13,2023-10
6014,7924,180,1781,3,,2022-09-20 11:48:06,2022-09
6015,7925,180,947,4,,2022-10-01 00:58:42,2022-10
6016,7926,180,2,5,Very comfortable ride.,2023-10-20 07:13:07,2023-10
6017,7929,690,180,3,Very clean car.,2022-12-22 17:12:27,2022-12
6018,7930,180,1865,3,,2024-01-31 11:03:10,2024-01
6019,7932,289,1955,4,,2024-04-07 23:53:18,2024-04
6020,7933,289,179,3,,2022-11-17 17:46:56,2022-11
6021,7934,289,974,5,Very courteous driver.,2023-03-16 11:41:17,2023-03
6022,7936,1548,289,4,"Excellent service, will ride again.",2022-03-17 07:33:17,2022-03
6023,7938,289,1492,5,,2022-08-08 11:53:42,2022-08
6024,7940,1933,289,5,"Smooth ride, on time.",2023-02-12 07:59:40,2023-02
6025,7942,289,1948,4,,2023-02-13 16:06:06,2023-02
6026,7942,1948,289,3,,2023-02-13 17:12:06,2023-02
6027,7947,289,508,5,"Easy pickup, no problems.",2023-01-29 11:42:16,2023-01
6028,7948,289,1700,4,"Great driver, very professional!",2022-12-14 19:29:59,2022-12
6029,7950,339,289,3,,2024-06-09 12:32:55,2024-06
6030,7954,289,1135,4,,2024-01-06 20:17:10,2024-01
6031,7959,289,601,4,,2022-12-22 11:49:53,2022-12
6032,7962,289,1724,5,,2024-02-07 12:44:15,2024-02
6033,7963,1035,289,5,"Great driver, very professional!",2022-01-06 16:51:30,2022-01
6034,7964,389,289,3,"Smooth ride, on time.",2023-10-22 07:34:44,2023-10
6035,7965,289,1684,4,"Easy pickup, no problems.",2022-07-07 02:26:59,2022-07
6036,7966,289,293,4,"5 stars, highly recommend!",2023-07-31 06:55:26,2023-07
6037,7967,289,1790,4,"Smooth ride, on time.",2023-09-28 18:52:54,2023-09
6038,7969,289,1741,3,,2022-08-24 20:27:43,2022-08
6039,7969,1741,289,3,Super friendly and helpful.,2022-08-24 21:48:43,2022-08
6040,7971,289,190,4,"5 stars, highly recommend!",2024-02-09 11:27:41,2024-02
6041,7972,289,1134,3,,2023-01-01 11:01:10,2023-01
6042,7973,289,376,4,,2022-11-04 07:55:31,2022-11
6043,7974,289,1288,3,,2022-10-05 21:34:37,2022-10
6044,7975,645,289,2,,2024-04-27 18:51:38,2024-04
6045,7976,289,1162,5,Loved the music selection!,2022-12-06 06:31:10,2022-12
6046,7977,289,1286,5,,2022-05-03 18:03:57,2022-05
6047,7978,289,1727,5,,2022-08-04 18:04:30,2022-08
6048,7978,1727,289,3,"Great driver, very professional!",2022-08-04 18:55:30,2022-08
6049,7980,289,293,3,,2023-12-10 22:35:27,2023-12
6050,7983,289,199,4,"Easy pickup, no problems.",2023-03-06 14:29:43,2023-03
6051,7984,289,1355,3,,2023-04-30 07:52:40,2023-04
6052,7985,289,765,4,,2023-06-07 18:00:25,2023-06
6053,7986,289,66,3,,2022-07-23 17:33:52,2022-07
6054,7986,66,289,4,Super friendly and helpful.,2022-07-23 18:58:52,2022-07
6055,7988,289,1575,4,"Excellent service, will ride again.",2022-10-21 11:40:07,2022-10
6056,7991,289,1131,4,,2023-12-25 19:34:27,2023-12
6057,7991,1131,289,3,"Smooth ride, on time.",2023-12-25 19:02:27,2023-12
6058,7992,289,1099,4,Very courteous driver.,2023-09-11 11:48:15,2023-09
6059,7993,289,977,3,Nothing to complain about.,2023-12-26 15:52:30,2023-12
6060,7994,289,351,5,,2023-06-21 20:45:52,2023-06
6061,7995,289,1030,4,,2024-02-27 09:50:26,2024-02
6062,7996,289,818,2,Driver was rude.,2023-07-09 23:24:01,2023-07
6063,7996,818,289,3,"Great driver, very professional!",2023-07-10 00:58:01,2023-07
6064,8001,289,121,5,"Great driver, very professional!",2024-01-19 04:36:36,2024-01
6065,8005,62,289,3,Super friendly and helpful.,2022-10-23 14:50:21,2022-10
6066,8007,289,759,4,,2024-03-27 14:31:26,2024-03
6067,8009,289,1741,4,Loved the music selection!,2024-03-08 09:19:40,2024-03
6068,8010,289,393,5,Very clean car.,2023-11-19 15:05:20,2023-11
6069,8011,55,289,4,Super friendly and helpful.,2023-08-19 15:37:31,2023-08
6070,8012,289,1371,4,"Perfect trip, no issues.",2023-07-21 16:51:49,2023-07
6071,8013,289,1653,5,,2024-03-05 09:46:04,2024-03
6072,8016,289,225,3,,2024-01-09 02:13:11,2024-01
6073,8020,289,1288,4,Very courteous driver.,2022-03-05 10:34:35,2022-03
6074,8020,1288,289,3,Very clean car.,2022-03-05 11:06:35,2022-03
6075,8021,289,1794,5,"Easy pickup, no problems.",2022-12-23 21:54:00,2022-12
6076,8021,1794,289,4,"Excellent service, will ride again.",2022-12-23 22:41:00,2022-12
6077,8023,289,139,3,,2022-07-15 20:30:46,2022-07
6078,8024,331,289,3,"Excellent service, will ride again.",2024-03-29 00:37:11,2024-03
6079,8025,289,1170,4,,2022-05-28 06:16:51,2022-05
6080,8026,289,510,3,,2023-07-12 21:46:57,2023-07
6081,8027,1336,289,3,"Excellent service, will ride again.",2023-04-04 20:55:53,2023-04
6082,8028,289,759,4,Very courteous driver.,2024-01-24 22:45:32,2024-01
6083,8030,289,1060,2,Driver was late.,2022-08-03 20:46:42,2022-08
6084,8030,1060,289,2,"Great driver, very professional!",2022-08-03 21:25:42,2022-08
6085,8032,289,230,2,,2022-03-07 03:14:56,2022-03
6086,8032,230,289,3,Super friendly and helpful.,2022-03-07 01:30:56,2022-03
6087,8033,1461,289,4,Super friendly and helpful.,2022-11-07 10:12:03,2022-11
6088,8034,289,121,4,,2023-08-20 02:41:35,2023-08
6089,8035,289,1477,3,,2024-05-03 23:15:44,2024-05
6090,8035,1477,289,3,Very clean car.,2024-05-03 23:26:44,2024-05
6091,8036,1178,508,3,Trip was okay.,2022-03-30 06:29:00,2022-03
6092,8036,508,1178,4,Super friendly and helpful.,2022-03-30 05:53:00,2022-03
6093,8039,1060,887,2,"Smooth ride, on time.",2023-09-25 00:35:25,2023-09
6094,8040,887,351,2,,2022-06-17 17:16:22,2022-06
6095,8040,351,887,4,,2022-06-17 19:20:22,2022-06
6096,8041,866,887,2,"Great driver, very professional!",2023-08-16 19:24:53,2023-08
6097,8042,1865,887,2,"Smooth ride, on time.",2024-02-23 20:38:21,2024-02
6098,8043,887,1775,3,Fine driver.,2023-06-02 08:46:46,2023-06
6099,8044,504,1286,4,,2022-12-17 07:52:39,2022-12
6100,8045,1356,504,4,"Excellent service, will ride again.",2022-08-24 05:12:22,2022-08
6101,8048,110,1183,4,,2023-05-16 15:55:02,2023-05
6102,8049,110,194,3,Nothing to complain about.,2022-02-21 19:58:43,2022-02
6103,8049,194,110,3,"Excellent service, will ride again.",2022-02-21 21:01:43,2022-02
6104,8051,15,110,4,"Excellent service, will ride again.",2022-03-28 06:10:32,2022-03
6105,8053,1001,110,5,Super friendly and helpful.,2023-11-29 05:44:18,2023-11
6106,8054,110,104,3,Fine driver.,2024-06-01 11:37:49,2024-06
6107,8054,104,110,3,"Smooth ride, on time.",2024-06-01 12:16:49,2024-06
6108,8055,110,502,3,Decent experience.,2023-08-14 05:30:34,2023-08
6109,8058,412,110,3,Super friendly and helpful.,2022-02-24 00:55:47,2022-02
6110,8059,110,1790,4,"Smooth ride, on time.",2022-04-24 02:11:21,2022-04
6111,8059,1790,110,4,,2022-04-24 03:20:21,2022-04
6112,8064,110,748,5,,2022-11-02 01:51:08,2022-11
6113,8065,110,542,4,,2023-07-23 02:46:22,2023-07
6114,8066,110,430,4,,2022-10-06 21:03:27,2022-10
6115,8069,110,1001,4,,2022-09-29 09:20:08,2022-09
6116,8070,110,564,5,,2023-10-30 23:58:28,2023-10
6117,8070,564,110,2,"Great driver, very professional!",2023-10-31 00:55:28,2023-10
6118,8071,1243,110,3,Super friendly and helpful.,2022-07-08 06:40:13,2022-07
6119,8073,110,1355,5,Loved the music selection!,2022-09-27 09:00:35,2022-09
6120,8074,110,779,3,,2023-01-02 15:05:04,2023-01
6121,8075,110,1841,4,,2023-12-10 00:09:50,2023-12
6122,8077,110,1841,3,,2023-06-07 10:25:05,2023-06
6123,8079,110,469,4,,2022-10-07 03:33:37,2022-10
6124,8081,110,1790,5,"Great driver, very professional!",2022-12-24 21:49:35,2022-12
6125,8081,1790,110,3,Very clean car.,2022-12-24 22:47:35,2022-12
6126,8082,110,119,5,,2023-03-22 04:49:05,2023-03
6127,8085,110,929,3,,2023-04-29 23:49:47,2023-04
6128,8087,110,66,4,,2022-09-10 15:59:15,2022-09
6129,8089,110,7,4,,2023-09-04 00:45:45,2023-09
6130,8090,110,412,2,Took too long.,2022-03-29 16:23:41,2022-03
6131,8092,110,7,2,,2024-02-21 02:42:38,2024-02
6132,8092,7,110,3,"Smooth ride, on time.",2024-02-21 03:45:38,2024-02
6133,8093,110,1281,4,"Perfect trip, no issues.",2022-07-30 01:14:48,2022-07
6134,8094,110,705,4,Loved the music selection!,2024-01-10 19:30:46,2024-01
6135,8095,110,389,3,,2023-03-12 23:58:50,2023-03
6136,8095,389,110,3,,2023-03-13 00:05:50,2023-03
6137,8096,110,645,5,,2023-12-17 00:48:25,2023-12
6138,8097,110,1044,5,Very clean car.,2022-02-04 09:36:30,2022-02
6139,8097,1044,110,4,"Smooth ride, on time.",2022-02-04 11:38:30,2022-02
6140,8099,110,1606,2,,2022-02-05 14:53:13,2022-02
6141,8103,110,1309,3,Decent experience.,2023-12-11 12:16:51,2023-12
6142,8104,110,15,3,"OK trip, nothing special.",2023-10-29 07:46:49,2023-10
6143,8104,15,110,3,"Excellent service, will ride again.",2023-10-29 07:59:49,2023-10
6144,8105,110,1088,3,,2024-04-22 08:15:04,2024-04
6145,8109,110,1776,4,,2022-10-09 14:37:19,2022-10
6146,8110,608,110,2,Super friendly and helpful.,2024-06-18 09:14:00,2024-06
6147,8115,199,110,4,Super friendly and helpful.,2023-05-12 16:24:10,2023-05
6148,8116,110,1739,4,"Easy pickup, no problems.",2023-05-31 13:10:47,2023-05
6149,8120,110,328,3,Fine driver.,2023-11-17 10:02:13,2023-11
6150,8121,110,742,4,Loved the music selection!,2023-12-16 03:06:48,2023-12
6151,8122,110,549,4,Very clean car.,2022-11-15 08:56:24,2022-11
6152,8123,110,1386,4,Very courteous driver.,2022-05-25 13:08:24,2022-05
6153,8124,1494,110,3,"Excellent service, will ride again.",2023-10-11 17:48:18,2023-10
6154,8125,110,759,4,,2023-12-01 06:04:17,2023-12
6155,8125,759,110,4,"Excellent service, will ride again.",2023-12-01 07:16:17,2023-12
6156,8128,110,741,1,Took too long.,2024-01-06 12:04:38,2024-01
6157,8128,741,110,4,"Smooth ride, on time.",2024-01-06 11:30:38,2024-01
6158,8132,1787,1040,4,Car was spotless.,2022-10-14 22:40:32,2022-10
6159,8133,20,1206,5,,2023-07-16 04:00:29,2023-07
6160,8134,20,1386,5,Very comfortable ride.,2023-03-03 00:39:25,2023-03
6161,8138,645,20,4,,2024-04-02 09:58:42,2024-04
6162,8139,20,1026,4,,2022-07-19 06:38:53,2022-07
6163,8143,20,1427,4,"Great driver, very professional!",2022-10-14 23:58:27,2022-10
6164,8145,194,1689,4,Super friendly and helpful.,2024-01-26 01:14:11,2024-01
6165,8149,1612,1288,4,,2024-04-28 08:54:44,2024-04
6166,8150,1984,1612,3,"Excellent service, will ride again.",2024-05-11 17:02:19,2024-05
6167,8151,1612,1654,2,,2022-03-14 16:29:18,2022-03
6168,8152,1612,866,2,Driver was late.,2023-11-02 18:17:41,2023-11
6169,8152,866,1612,4,"Excellent service, will ride again.",2023-11-02 19:36:41,2023-11
6170,8153,1612,207,3,,2022-04-01 18:24:29,2022-04
6171,8154,1739,1612,3,"Great driver, very professional!",2022-10-30 12:39:03,2022-10
6172,8156,1612,1727,5,Car was spotless.,2022-01-30 05:06:46,2022-01
6173,8156,1727,1612,4,"Smooth ride, on time.",2022-01-30 04:40:46,2022-01
6174,8160,1612,1099,4,"Quick and efficient, thanks!",2022-11-13 09:23:36,2022-11
6175,8162,1612,929,5,,2024-04-24 02:13:42,2024-04
6176,8164,1612,412,3,Acceptable ride.,2023-06-01 20:14:26,2023-06
6177,8167,132,1612,3,Super friendly and helpful.,2022-10-14 06:46:27,2022-10
6178,8168,1612,1564,3,,2023-08-31 01:30:32,2023-08
6179,8169,1612,1371,4,,2022-11-23 23:29:13,2022-11
6180,8169,1371,1612,3,"Excellent service, will ride again.",2022-11-24 00:57:13,2022-11
6181,8172,1612,458,3,,2024-02-03 02:18:00,2024-02
6182,8172,458,1612,5,"Smooth ride, on time.",2024-02-03 00:37:00,2024-02
6183,8173,1612,1403,3,,2023-09-29 01:27:16,2023-09
6184,8174,1612,132,4,,2024-02-23 04:50:09,2024-02
6185,8174,132,1612,4,"Excellent service, will ride again.",2024-02-23 06:11:09,2024-02
6186,8176,1612,458,3,,2022-04-22 08:02:47,2022-04
6187,8176,458,1612,2,Super friendly and helpful.,2022-04-22 07:20:47,2022-04
6188,8180,585,1612,4,Super friendly and helpful.,2022-07-14 12:11:39,2022-07
6189,8183,1868,450,3,Acceptable ride.,2022-04-07 04:41:23,2022-04
6190,8185,1868,318,3,,2024-03-24 21:30:42,2024-03
6191,8186,1965,1868,3,"Excellent service, will ride again.",2022-05-06 08:13:39,2022-05
6192,8187,541,271,5,,2022-12-20 06:28:20,2022-12
6193,8187,271,541,3,"Great driver, very professional!",2022-12-20 07:33:20,2022-12
6194,8195,541,1293,5,"Great rider, very polite.",2024-04-05 20:23:02,2024-04
6195,8196,258,541,3,Very clean car.,2023-10-29 15:32:32,2023-10
6196,8197,541,202,5,Super friendly and helpful.,2022-09-26 03:42:32,2022-09
6197,8199,541,1355,4,"5 stars, highly recommend!",2023-11-02 10:05:42,2023-11
6198,8201,541,741,3,Trip was okay.,2023-05-25 21:40:59,2023-05
6199,8202,541,446,3,,2024-01-22 08:28:35,2024-01
6200,8203,541,957,3,,2022-10-04 23:04:27,2022-10
6201,8204,1035,541,4,"Smooth ride, on time.",2023-08-31 23:21:51,2023-08
6202,8206,541,433,5,"5 stars, highly recommend!",2023-02-04 08:44:50,2023-02
6203,8207,541,1099,5,,2023-06-20 14:30:46,2023-06
6204,8207,1099,541,2,Super friendly and helpful.,2023-06-20 14:23:46,2023-06
6205,8209,132,541,3,"Great driver, very professional!",2024-04-22 11:51:46,2024-04
6206,8210,541,1495,4,,2024-03-31 04:47:20,2024-03
6207,8210,1495,541,3,,2024-03-31 04:48:20,2024-03
6208,8212,541,1739,5,,2022-04-26 11:38:11,2022-04
6209,8214,1948,541,5,"Smooth ride, on time.",2024-03-02 14:45:27,2024-03
6210,8215,452,541,4,"Great driver, very professional!",2024-05-10 05:25:29,2024-05
6211,8216,541,199,4,"Great rider, very polite.",2024-01-11 15:26:15,2024-01
6212,8218,541,1526,4,Very clean car.,2023-05-12 12:41:26,2023-05
6213,8219,541,777,4,,2022-08-29 07:37:43,2022-08
6214,8221,541,957,2,Rough driving.,2024-03-06 07:27:59,2024-03
6215,8223,541,469,3,"OK trip, nothing special.",2022-07-23 14:33:54,2022-07
6216,8224,541,705,5,,2024-02-13 22:26:53,2024-02
6217,8227,957,541,3,Super friendly and helpful.,2022-03-03 11:54:33,2022-03
6218,8228,541,539,3,Fine driver.,2024-02-18 07:09:03,2024-02
6219,8228,539,541,3,"Great driver, very professional!",2024-02-18 07:26:03,2024-02
6220,8230,541,697,5,Very comfortable ride.,2022-11-04 19:00:16,2022-11
6221,8231,541,1139,3,,2022-09-15 10:19:17,2022-09
6222,8232,1649,541,3,"Great driver, very professional!",2022-05-05 05:48:39,2022-05
6223,8235,541,502,3,,2023-05-19 03:11:49,2023-05
6224,8237,541,647,3,Nothing to complain about.,2024-03-01 08:59:12,2024-03
6225,8238,541,1763,3,Acceptable ride.,2022-12-05 12:28:54,2022-12
6226,8238,1763,541,3,Very clean car.,2022-12-05 14:19:54,2022-12
6227,8239,1248,541,3,Super friendly and helpful.,2023-11-25 07:14:36,2023-11
6228,8241,541,1494,4,"Quick and efficient, thanks!",2024-03-15 05:09:26,2024-03
6229,8242,541,2,4,Loved the music selection!,2022-04-13 03:56:45,2022-04
6230,8244,541,508,5,,2024-02-27 22:28:41,2024-02
6231,8249,541,207,3,Nothing to complain about.,2023-04-30 03:43:41,2023-04
6232,8250,541,430,3,,2024-06-27 19:48:16,2024-06
6233,8252,541,549,5,,2022-03-01 12:29:14,2022-03
6234,8254,541,1139,3,"OK trip, nothing special.",2022-10-13 04:00:34,2022-10
6235,8255,1987,541,3,,2024-04-21 09:02:19,2024-04
6236,8256,541,446,3,Acceptable ride.,2022-10-02 06:03:52,2022-10
6237,8257,541,766,4,"5 stars, highly recommend!",2022-10-14 22:18:59,2022-10
6238,8257,766,541,5,Very clean car.,2022-10-15 00:45:59,2022-10
6239,8259,541,179,4,,2024-05-26 17:26:18,2024-05
6240,8259,179,541,2,Very clean car.,2024-05-26 17:57:18,2024-05
6241,8260,1991,541,5,"Great driver, very professional!",2023-02-07 17:38:07,2023-02
6242,8262,541,1790,5,,2024-02-02 03:25:06,2024-02
6243,8263,541,929,3,,2023-11-14 15:46:27,2023-11
6244,8263,929,541,3,Very clean car.,2023-11-14 15:36:27,2023-11
6245,8264,541,822,4,,2024-03-27 01:41:15,2024-03
6246,8266,541,834,3,Fine driver.,2022-07-19 19:16:42,2022-07
6247,8267,541,187,4,Super friendly and helpful.,2022-05-23 18:42:49,2022-05
6248,8268,541,1371,5,"Great driver, very professional!",2022-06-20 22:14:22,2022-06
6249,8269,541,1302,4,Car was spotless.,2023-02-16 00:34:29,2023-02
6250,8271,541,1975,3,,2023-08-11 06:09:03,2023-08
6251,8272,541,766,4,,2023-10-14 02:36:10,2023-10
6252,8273,541,331,3,Average experience.,2024-03-03 23:08:17,2024-03
6253,8274,541,1727,5,,2022-04-14 10:17:38,2022-04
6254,8276,207,541,5,,2022-12-17 04:19:24,2022-12
6255,8279,541,55,3,Nothing to complain about.,2023-08-24 11:49:12,2023-08
6256,8279,55,541,4,"Great driver, very professional!",2023-08-24 10:14:12,2023-08
6257,8281,541,1131,4,,2023-04-21 08:31:43,2023-04
6258,8281,1131,541,4,,2023-04-21 08:37:43,2023-04
6259,8282,541,132,5,,2023-10-03 21:01:03,2023-10
6260,8282,132,541,3,"Great driver, very professional!",2023-10-03 21:07:03,2023-10
6261,8283,541,1724,5,Super friendly and helpful.,2024-03-06 18:56:24,2024-03
6262,8284,715,1227,5,,2022-04-01 18:37:33,2022-04
6263,8285,715,1727,3,,2022-02-19 07:11:17,2022-02
6264,8286,715,553,5,,2022-12-01 14:58:16,2022-12
6265,8287,715,571,4,Loved the music selection!,2023-04-04 05:42:39,2023-04
6266,8288,1472,1907,3,"Excellent service, will ride again.",2022-04-02 12:05:15,2022-04
6267,8292,1907,1197,2,Driver was rude.,2022-01-30 10:19:40,2022-01
6268,8295,1907,1975,4,,2024-04-09 22:05:58,2024-04
6269,8296,1907,690,4,"Perfect trip, no issues.",2023-04-14 05:07:35,2023-04
6270,8297,1907,1955,4,,2022-03-24 07:29:49,2022-03
6271,8302,1907,789,3,,2024-01-02 16:58:00,2024-01
6272,8303,1907,995,3,,2023-05-15 04:29:18,2023-05
6273,8305,15,1907,4,,2023-04-17 07:34:59,2023-04
6274,8308,1907,408,3,Got there safely.,2023-07-05 14:00:35,2023-07
6275,8310,1907,446,5,Fast and safe driver.,2022-01-19 08:39:30,2022-01
6276,8310,446,1907,4,Very clean car.,2022-01-19 09:59:30,2022-01
6277,8311,1907,782,3,Decent experience.,2023-12-27 18:34:27,2023-12
6278,8311,782,1907,3,Very clean car.,2023-12-27 20:37:27,2023-12
6279,8312,1907,1477,3,,2023-08-11 11:33:03,2023-08
6280,8316,1907,645,4,,2023-08-11 05:26:37,2023-08
6281,8319,1907,52,3,,2023-09-02 13:43:34,2023-09
6282,8320,1907,1105,3,Nothing to complain about.,2024-03-10 09:53:06,2024-03
6283,8323,1907,201,5,"Great driver, very professional!",2023-09-12 18:08:44,2023-09
6284,8323,201,1907,4,Very clean car.,2023-09-12 19:01:44,2023-09
6285,8324,1907,1881,4,,2024-06-29 14:25:31,2024-06
6286,8324,1881,1907,3,"Great driver, very professional!",2024-06-29 14:08:31,2024-06
6287,8325,1907,1410,5,,2022-10-05 01:41:22,2022-10
6288,8325,1410,1907,3,"Great driver, very professional!",2022-10-05 03:18:22,2022-10
6289,8326,1907,1400,5,,2022-04-12 00:59:37,2022-04
6290,8328,1907,553,4,,2022-11-04 15:58:38,2022-11
6291,8328,553,1907,2,,2022-11-04 16:00:38,2022-11
6292,8329,1907,338,3,,2023-06-24 07:12:29,2023-06
6293,8331,1907,957,3,Acceptable ride.,2024-01-16 10:55:19,2024-01
6294,8331,957,1907,2,Very clean car.,2024-01-16 11:34:19,2024-01
6295,8333,1907,645,5,,2023-06-08 10:21:44,2023-06
6296,8334,125,1907,4,Very clean car.,2024-06-16 04:57:29,2024-06
6297,8335,1907,334,3,Nothing to complain about.,2022-05-15 13:16:05,2022-05
6298,8338,1907,1889,4,Very comfortable ride.,2023-11-23 23:44:05,2023-11
6299,8340,436,1907,4,"Smooth ride, on time.",2023-09-27 13:36:24,2023-09
6300,8341,1907,997,5,,2023-10-12 09:02:02,2023-10
6301,8344,816,1494,4,,2023-10-10 01:12:17,2023-10
6302,8344,1494,816,3,Super friendly and helpful.,2023-10-10 03:29:17,2023-10
6303,8345,1645,1461,4,"Easy pickup, no problems.",2024-04-24 07:43:42,2024-04
6304,8345,1461,1645,2,"Excellent service, will ride again.",2024-04-24 10:04:42,2024-04
6305,8346,1645,825,5,Very courteous driver.,2024-06-16 12:12:29,2024-06
6306,8347,1210,1645,3,Very clean car.,2024-06-06 10:07:36,2024-06
6307,8348,1645,1561,4,Very courteous driver.,2023-03-11 13:26:59,2023-03
6308,8349,316,1492,4,"Easy pickup, no problems.",2023-03-06 09:28:05,2023-03
6309,8351,1139,316,4,"Smooth ride, on time.",2023-02-21 21:53:05,2023-02
6310,8352,316,1198,4,"5 stars, highly recommend!",2022-08-03 16:00:24,2022-08
6311,8353,776,1347,3,,2022-01-01 01:29:27,2022-01
6312,8357,1347,1605,4,Very clean car.,2022-08-28 00:39:51,2022-08
6313,8358,1347,842,3,,2024-01-28 20:10:06,2024-01
6314,8359,1347,919,5,"Great rider, very polite.",2022-02-11 12:43:47,2022-02
6315,8361,1347,1948,4,"Quick and efficient, thanks!",2023-03-22 00:51:50,2023-03
6316,8362,1347,5,3,Acceptable ride.,2023-03-28 21:56:40,2023-03
6317,8363,1347,1881,4,,2023-02-21 02:30:51,2023-02
6318,8364,1347,44,3,,2023-05-13 14:19:24,2023-05
6319,8366,1347,1293,3,,2024-02-27 23:28:58,2024-02
6320,8367,1347,1331,5,,2022-06-01 00:19:02,2022-06
6321,8368,1510,225,3,Average experience.,2024-01-27 03:08:47,2024-01
6322,8369,1510,207,5,Fast and safe driver.,2023-11-30 00:56:53,2023-11
6323,8371,555,24,5,Car was spotless.,2024-04-20 06:58:53,2024-04
6324,8374,555,1293,5,,2023-04-03 06:45:36,2023-04
6325,8377,555,1286,3,Acceptable ride.,2022-09-26 12:43:07,2022-09
6326,8378,1205,555,4,"Excellent service, will ride again.",2022-09-29 08:45:11,2022-09
6327,8380,555,1141,5,Fast and safe driver.,2022-12-28 22:47:29,2022-12
6328,8380,1141,555,4,Very clean car.,2022-12-28 22:43:29,2022-12
6329,8381,555,201,4,"Easy pickup, no problems.",2024-05-07 16:47:06,2024-05
6330,8382,555,408,4,"Great rider, very polite.",2022-12-11 06:20:24,2022-12
6331,8385,555,162,4,,2023-04-06 05:18:20,2023-04
6332,8385,162,555,4,,2023-04-06 05:50:20,2023-04
6333,8386,555,1724,4,,2022-01-01 20:19:33,2022-01
6334,8387,555,1700,3,Acceptable ride.,2024-04-02 08:58:13,2024-04
6335,8387,1700,555,4,,2024-04-02 08:49:13,2024-04
6336,8389,824,452,3,,2022-08-31 13:39:04,2022-08
6337,8390,1603,256,5,Loved the music selection!,2024-03-10 10:27:37,2024-03
6338,8390,256,1603,4,"Excellent service, will ride again.",2024-03-10 09:29:37,2024-03
6339,8391,733,1324,4,Very comfortable ride.,2022-11-24 13:06:47,2022-11
6340,8392,733,1128,2,,2022-06-27 04:23:18,2022-06
6341,8392,1128,733,3,,2022-06-27 04:56:18,2022-06
6342,8393,733,1991,5,,2023-09-27 18:57:34,2023-09
6343,8394,1108,733,3,"Great driver, very professional!",2023-12-19 21:33:57,2023-12
6344,8396,733,866,4,,2024-03-13 12:55:20,2024-03
6345,8400,21,1894,4,,2023-11-15 20:16:17,2023-11
6346,8401,21,1053,2,Car smelled bad.,2024-04-03 15:50:08,2024-04
6347,8401,1053,21,3,"Great driver, very professional!",2024-04-03 15:52:08,2024-04
6348,8402,21,1139,2,Took a longer route.,2022-10-13 01:36:40,2022-10
6349,8403,21,1087,2,Took a longer route.,2023-01-01 08:54:18,2023-01
6350,8403,1087,21,4,"Great driver, very professional!",2023-01-01 09:54:18,2023-01
6351,8405,21,1881,5,,2023-03-12 13:39:18,2023-03
6352,8409,21,974,4,"5 stars, highly recommend!",2022-02-08 06:15:57,2022-02
6353,8410,21,1544,4,Very clean car.,2022-06-21 00:21:52,2022-06
6354,8411,21,351,5,,2022-08-08 14:01:24,2022-08
6355,8411,351,21,3,Super friendly and helpful.,2022-08-08 12:35:24,2022-08
6356,8412,21,334,5,"Perfect trip, no issues.",2023-11-09 15:22:22,2023-11
6357,8413,21,271,5,"Smooth ride, on time.",2024-06-19 03:57:54,2024-06
6358,8417,21,1091,4,Loved the music selection!,2022-08-03 23:33:10,2022-08
6359,8417,1091,21,3,,2022-08-03 23:44:10,2022-08
6360,8418,996,21,4,"Excellent service, will ride again.",2024-06-04 17:10:54,2024-06
6361,8419,199,21,3,Super friendly and helpful.,2022-03-07 16:12:54,2022-03
6362,8420,21,1227,5,,2023-09-10 04:43:44,2023-09
6363,8422,21,142,4,"Excellent service, will ride again.",2022-11-12 10:18:41,2022-11
6364,8422,142,21,3,"Smooth ride, on time.",2022-11-12 10:20:41,2022-11
6365,8424,1624,1562,4,,2022-01-23 06:24:56,2022-01
6366,8425,1624,986,3,,2022-06-27 02:10:35,2022-06
6367,8426,1123,1437,4,,2023-12-31 18:57:13,2023-12
6368,8426,1437,1123,4,"Smooth ride, on time.",2023-12-31 19:33:13,2023-12
6369,8432,1123,1373,4,"Great rider, very polite.",2024-04-11 00:28:26,2024-04
6370,8433,1123,139,4,Loved the music selection!,2023-01-20 04:02:29,2023-01
6371,8435,1123,1763,4,,2024-03-21 23:55:08,2024-03
6372,8437,1123,1099,4,,2022-09-01 00:30:54,2022-09
6373,8439,677,1123,4,,2023-02-14 17:09:10,2023-02
6374,8441,1123,224,5,,2023-01-13 20:57:21,2023-01
6375,8441,224,1123,3,,2023-01-13 22:11:21,2023-01
6376,8442,1123,1755,3,Got there safely.,2023-02-16 16:51:10,2023-02
6377,8442,1755,1123,3,"Great driver, very professional!",2023-02-16 16:35:10,2023-02
6378,8444,542,1123,4,"Great driver, very professional!",2023-02-03 23:24:56,2023-02
6379,8445,1123,645,5,"Great driver, very professional!",2022-09-19 09:02:18,2022-09
6380,8446,1123,1794,5,,2023-12-11 20:51:40,2023-12
6381,8446,1794,1123,5,,2023-12-11 20:44:40,2023-12
6382,8447,1123,389,3,Got there safely.,2022-08-23 18:31:44,2022-08
6383,8448,1356,1123,3,Very clean car.,2022-02-05 21:23:56,2022-02
6384,8449,1123,207,3,Average experience.,2023-08-30 04:06:02,2023-08
6385,8451,1123,258,3,,2022-09-07 22:46:55,2022-09
6386,8451,258,1123,4,"Great driver, very professional!",2022-09-07 22:24:55,2022-09
6387,8455,1185,1221,5,"Quick and efficient, thanks!",2022-10-03 16:33:46,2022-10
6388,8455,1221,1185,2,Super friendly and helpful.,2022-10-03 16:06:46,2022-10
6389,8457,118,1978,3,"Smooth ride, on time.",2023-08-27 09:33:18,2023-08
6390,8460,1440,323,3,,2023-01-21 23:00:16,2023-01
6391,8463,1866,515,2,Took too long.,2022-11-17 22:32:53,2022-11
6392,8463,515,1866,3,Very clean car.,2022-11-17 22:34:53,2022-11
6393,8464,1849,997,3,Acceptable ride.,2022-12-12 18:22:48,2022-12
6394,8465,1849,677,3,,2022-01-10 16:04:43,2022-01
6395,8466,1849,1890,4,Loved the music selection!,2023-11-18 23:08:42,2023-11
6396,8468,1321,593,4,"Smooth ride, on time.",2024-01-22 01:15:42,2024-01
6397,8469,1321,601,5,"Quick and efficient, thanks!",2024-06-24 07:04:04,2024-06
6398,8470,1321,1569,4,,2024-05-07 20:44:18,2024-05
6399,8472,749,1724,5,,2023-05-31 01:14:19,2023-05
6400,8472,1724,749,5,"Smooth ride, on time.",2023-05-31 02:07:19,2023-05
6401,8474,749,1117,4,,2022-07-02 18:46:27,2022-07
6402,8479,749,1187,5,"Quick and efficient, thanks!",2023-10-30 09:30:01,2023-10
6403,8479,1187,749,3,Very clean car.,2023-10-30 10:13:01,2023-10
6404,8480,749,1243,3,Acceptable ride.,2022-03-14 19:08:04,2022-03
6405,8483,749,1839,2,Had trouble finding the pickup spot.,2022-08-30 09:53:37,2022-08
6406,8483,1839,749,4,Super friendly and helpful.,2022-08-30 10:12:37,2022-08
6407,8485,859,728,4,"Excellent service, will ride again.",2023-12-31 11:03:07,2023-12
6408,8492,1576,645,5,"Excellent service, will ride again.",2023-12-14 05:48:49,2023-12
6409,8493,1752,1576,4,,2023-06-10 22:46:59,2023-06
6410,8494,1576,1131,4,,2023-07-28 16:09:30,2023-07
6411,8496,1576,1775,4,,2023-10-26 05:11:25,2023-10
6412,8497,1576,1948,4,Very clean car.,2022-08-05 23:42:17,2022-08
6413,8497,1948,1576,3,Super friendly and helpful.,2022-08-06 00:47:17,2022-08
6414,8498,1848,1331,5,,2022-07-09 17:10:18,2022-07
6415,8498,1331,1848,2,"Great driver, very professional!",2022-07-09 17:41:18,2022-07
6416,8499,1848,319,2,Not very clean.,2023-09-06 08:01:33,2023-09
6417,8499,319,1848,3,"Excellent service, will ride again.",2023-09-06 08:12:33,2023-09
6418,8500,1848,44,4,,2022-06-23 06:22:03,2022-06
6419,8501,1495,1848,4,"Smooth ride, on time.",2022-02-17 13:42:20,2022-02
6420,8504,1848,1356,5,,2024-01-29 14:56:30,2024-01
6421,8505,1848,1794,3,Average experience.,2022-05-02 16:40:28,2022-05
6422,8506,932,1848,4,Super friendly and helpful.,2023-07-09 23:46:05,2023-07
6423,8507,1848,155,4,,2022-03-27 03:28:16,2022-03
6424,8507,155,1848,4,"Great driver, very professional!",2022-03-27 04:09:16,2022-03
6425,8510,1848,612,4,Very clean car.,2023-04-06 02:09:39,2023-04
6426,8512,1848,1494,4,,2023-03-27 02:20:48,2023-03
6427,8514,1848,1267,3,,2023-05-05 07:12:55,2023-05
6428,8515,328,1848,3,"Great driver, very professional!",2023-06-16 19:38:28,2023-06
6429,8516,1848,142,3,Acceptable ride.,2022-06-21 23:15:30,2022-06
6430,8517,1848,645,4,,2022-01-08 22:32:14,2022-01
6431,8517,645,1848,4,"Excellent service, will ride again.",2022-01-08 23:10:14,2022-01
6432,8520,1848,842,3,Trip was okay.,2022-01-28 04:22:32,2022-01
6433,8520,842,1848,5,"Great driver, very professional!",2022-01-28 03:13:32,2022-01
6434,8522,1848,1206,5,"5 stars, highly recommend!",2024-02-15 04:59:13,2024-02
6435,8524,1848,14,3,,2024-02-08 09:58:31,2024-02
6436,8524,14,1848,3,"Smooth ride, on time.",2024-02-08 09:03:31,2024-02
6437,8527,1848,1623,4,Loved the music selection!,2022-05-25 16:11:56,2022-05
6438,8530,1848,1117,5,,2023-09-19 08:14:34,2023-09
6439,8531,1848,1131,4,,2023-03-10 07:21:12,2023-03
6440,8538,1848,1865,5,,2022-10-19 07:27:43,2022-10
6441,8539,1206,1848,3,"Excellent service, will ride again.",2022-11-11 21:20:45,2022-11
6442,8541,1848,1187,4,,2022-07-08 23:21:30,2022-07
6443,8543,1380,372,3,"Smooth ride, on time.",2024-01-10 19:27:26,2024-01
6444,8544,759,372,4,"Smooth ride, on time.",2022-08-19 23:00:35,2022-08
6445,8545,335,372,4,"Smooth ride, on time.",2023-03-02 05:35:04,2023-03
6446,8546,372,494,4,"Perfect trip, no issues.",2022-08-17 07:57:57,2022-08
6447,8546,494,372,4,Super friendly and helpful.,2022-08-17 09:05:57,2022-08
6448,8549,372,1739,4,,2022-07-27 08:17:39,2022-07
6449,8552,372,1492,4,"Great rider, very polite.",2022-04-05 03:54:35,2022-04
6450,8552,1492,372,3,"Smooth ride, on time.",2022-04-05 04:53:35,2022-04
6451,8554,372,728,4,,2022-12-02 00:09:10,2022-12
6452,8554,728,372,4,"Excellent service, will ride again.",2022-12-02 01:37:10,2022-12
6453,8555,372,288,2,,2024-02-15 19:05:46,2024-02
6454,8558,372,224,4,,2023-04-17 13:58:08,2023-04
6455,8561,372,1795,2,,2024-02-15 23:11:33,2024-02
6456,8562,372,1881,4,"Perfect trip, no issues.",2022-10-27 16:53:20,2022-10
6457,8563,372,1775,4,,2024-05-29 11:39:15,2024-05
6458,8564,372,1775,5,,2024-04-21 23:19:31,2024-04
6459,8565,372,119,4,,2022-08-16 10:36:06,2022-08
6460,8567,372,1894,2,Had trouble finding the pickup spot.,2023-06-28 16:04:06,2023-06
6461,8568,372,1776,5,,2024-05-05 19:38:07,2024-05
6462,8569,372,1427,4,,2023-07-09 06:16:38,2023-07
6463,8571,372,1830,3,,2024-02-11 18:19:29,2024-02
6464,8572,372,1955,3,,2023-11-20 17:04:42,2023-11
6465,8573,372,1135,3,,2023-12-23 12:22:53,2023-12
6466,8574,372,1430,4,Car was spotless.,2022-10-21 04:44:01,2022-10
6467,8575,1343,372,3,Super friendly and helpful.,2022-08-19 22:11:14,2022-08
6468,8577,372,494,4,,2022-07-29 11:24:15,2022-07
6469,8577,494,372,4,"Smooth ride, on time.",2022-07-29 10:14:15,2022-07
6470,8578,372,319,4,Car was spotless.,2022-01-21 21:39:31,2022-01
6471,8579,372,1841,5,,2024-02-18 02:51:39,2024-02
6472,8579,1841,372,4,Very clean car.,2024-02-18 03:07:39,2024-02
6473,8580,372,1427,3,Decent experience.,2023-10-08 02:32:53,2023-10
6474,8581,372,194,4,,2023-07-12 08:34:34,2023-07
6475,8582,372,1649,5,"Smooth ride, on time.",2024-02-11 01:28:34,2024-02
6476,8582,1649,372,3,"Great driver, very professional!",2024-02-11 02:21:34,2024-02
6477,8586,372,1606,5,"5 stars, highly recommend!",2022-11-20 08:04:21,2022-11
6478,8588,372,97,5,Loved the music selection!,2024-01-27 05:25:29,2024-01
6479,8588,97,372,3,Super friendly and helpful.,2024-01-27 04:27:29,2024-01
6480,8589,1206,372,3,"Great driver, very professional!",2022-08-26 16:44:48,2022-08
6481,8592,372,1890,3,Average experience.,2023-06-01 07:26:37,2023-06
6482,8593,372,1141,3,,2022-12-17 02:56:20,2022-12
6483,8597,372,248,4,Very courteous driver.,2022-01-13 13:20:54,2022-01
6484,8598,372,139,5,,2022-02-15 02:14:53,2022-02
6485,8599,372,121,3,Average experience.,2022-11-17 18:29:34,2022-11
6486,8599,121,372,3,"Great driver, very professional!",2022-11-17 20:21:34,2022-11
6487,8600,372,697,3,,2022-03-16 13:30:43,2022-03
6488,8600,697,372,4,,2022-03-16 15:44:43,2022-03
6489,8604,372,1507,5,,2023-12-12 03:53:48,2023-12
6490,8606,372,335,3,,2023-07-23 20:48:09,2023-07
6491,8606,335,372,4,Very clean car.,2023-07-23 19:24:09,2023-07
6492,8607,372,1437,4,Car was spotless.,2022-03-21 03:25:10,2022-03
6493,8608,372,461,4,,2023-12-04 22:23:40,2023-12
6494,8610,372,748,2,Took a longer route.,2023-12-14 20:25:07,2023-12
6495,8613,372,258,5,,2022-04-22 10:17:55,2022-04
6496,8613,258,372,2,Super friendly and helpful.,2022-04-22 12:19:55,2022-04
6497,8616,372,1386,4,"Perfect trip, no issues.",2024-02-04 15:44:20,2024-02
6498,8618,372,132,2,,2023-02-11 01:28:51,2023-02
6499,8620,372,543,3,"OK trip, nothing special.",2022-08-17 21:42:00,2022-08
6500,8621,372,104,4,Loved the music selection!,2022-08-30 07:26:59,2022-08
6501,8621,104,372,4,Super friendly and helpful.,2022-08-30 07:09:59,2022-08
6502,8626,372,925,4,,2024-05-07 04:18:28,2024-05
6503,8627,372,179,4,,2022-06-05 12:26:37,2022-06
6504,8630,372,1227,4,Very comfortable ride.,2022-04-12 05:37:37,2022-04
6505,8630,1227,372,2,Very clean car.,2022-04-12 05:22:37,2022-04
6506,8632,372,601,4,"Perfect trip, no issues.",2023-03-29 09:53:57,2023-03
6507,8632,601,372,5,"Smooth ride, on time.",2023-03-29 09:04:57,2023-03
6508,8633,372,1651,4,"Great rider, very polite.",2024-05-12 06:32:30,2024-05
6509,8634,372,179,4,,2023-11-19 06:02:57,2023-11
6510,8639,372,434,4,,2023-02-02 05:49:26,2023-02
6511,8642,372,941,2,Had trouble finding the pickup spot.,2023-07-27 17:49:02,2023-07
6512,8642,941,372,4,Super friendly and helpful.,2023-07-27 17:05:02,2023-07
6513,8643,372,1430,4,,2024-05-09 08:42:34,2024-05
6514,8648,172,1608,4,"Great driver, very professional!",2022-03-19 09:23:03,2022-03
6515,8648,1608,172,2,"Smooth ride, on time.",2022-03-19 08:57:03,2022-03
6516,8649,664,172,3,"Great driver, very professional!",2023-09-10 22:32:27,2023-09
6517,8650,172,1956,3,Trip was okay.,2022-08-11 12:15:10,2022-08
6518,8652,172,318,4,"Great driver, very professional!",2023-08-30 17:14:43,2023-08
6519,8653,172,1026,4,Loved the music selection!,2024-06-01 15:04:07,2024-06
6520,8655,172,782,4,,2022-04-08 07:27:49,2022-04
6521,8655,782,172,4,,2022-04-08 07:00:49,2022-04
6522,8661,172,1206,5,"Quick and efficient, thanks!",2023-03-28 12:39:43,2023-03
6523,8661,1206,172,5,Very clean car.,2023-03-28 12:39:43,2023-03
6524,8662,172,1727,5,Very courteous driver.,2024-03-01 15:51:01,2024-03
6525,8662,1727,172,3,"Great driver, very professional!",2024-03-01 14:29:01,2024-03
6526,8663,172,1293,4,,2022-05-04 07:09:53,2022-05
6527,8663,1293,172,2,"Excellent service, will ride again.",2022-05-04 08:13:53,2022-05
6528,8664,172,571,5,,2023-10-05 23:06:37,2023-10
6529,8666,172,1324,3,Decent experience.,2024-03-08 03:46:17,2024-03
6530,8668,172,898,5,,2022-05-29 09:34:57,2022-05
6531,8668,898,172,4,Super friendly and helpful.,2022-05-29 11:01:57,2022-05
6532,8669,172,1100,4,,2022-05-08 14:48:24,2022-05
6533,8669,1100,172,2,"Great driver, very professional!",2022-05-08 15:09:24,2022-05
6534,8670,155,172,4,,2023-10-16 16:16:13,2023-10
6535,8671,334,172,2,"Great driver, very professional!",2022-10-04 08:39:33,2022-10
6536,8672,172,318,4,,2022-07-14 07:42:33,2022-07
6537,8672,318,172,4,"Great driver, very professional!",2022-07-14 09:46:33,2022-07
6538,8673,778,172,4,Super friendly and helpful.,2022-03-10 02:00:40,2022-03
6539,8674,172,571,5,Loved the music selection!,2023-05-20 11:41:15,2023-05
6540,8675,172,959,5,,2023-01-06 06:01:18,2023-01
6541,8675,959,172,3,"Great driver, very professional!",2023-01-06 06:17:18,2023-01
6542,8680,1590,172,4,Very clean car.,2023-04-01 11:05:41,2023-04
6543,8681,1948,172,1,"Great driver, very professional!",2022-03-18 22:11:44,2022-03
6544,8682,789,172,4,"Great driver, very professional!",2022-02-20 23:08:34,2022-02
6545,8686,1373,172,3,Very clean car.,2023-12-16 03:05:15,2023-12
6546,8687,172,117,2,,2022-07-16 15:18:29,2022-07
6547,8689,172,327,4,"Great rider, very polite.",2022-10-05 01:24:56,2022-10
6548,8690,1937,172,2,,2022-08-22 19:11:36,2022-08
6549,8693,172,433,3,,2023-02-13 18:58:22,2023-02
6550,8693,433,172,2,"Excellent service, will ride again.",2023-02-13 19:26:22,2023-02
6551,8694,172,1181,4,,2022-11-11 11:05:50,2022-11
6552,8697,779,172,3,"Great driver, very professional!",2024-03-25 00:03:08,2024-03
6553,8699,172,1561,5,"Great rider, very polite.",2023-03-02 04:34:37,2023-03
6554,8702,172,1040,5,,2024-02-02 08:30:32,2024-02
6555,8705,172,207,3,,2022-03-07 07:40:44,2022-03
6556,8707,172,1461,4,,2022-06-19 20:34:24,2022-06
6557,8709,172,1608,2,,2023-05-27 11:00:28,2023-05
6558,8713,405,898,5,,2024-03-03 06:13:20,2024-03
6559,8715,405,1724,5,Very courteous driver.,2023-10-31 02:36:28,2023-10
6560,8715,1724,405,3,"Excellent service, will ride again.",2023-10-31 04:10:28,2023-10
6561,8718,405,450,4,,2023-11-04 00:10:50,2023-11
6562,8718,450,405,3,"Great driver, very professional!",2023-11-04 00:19:50,2023-11
6563,8719,1135,405,4,"Great driver, very professional!",2023-04-27 19:45:08,2023-04
6564,8721,405,1053,5,,2023-10-09 10:42:09,2023-10
6565,8724,278,1558,4,,2024-02-24 07:02:36,2024-02
6566,8725,278,339,4,Very clean car.,2023-11-24 21:25:38,2023-11
6567,8726,278,1356,4,Fast and safe driver.,2022-03-23 02:24:25,2022-03
6568,8726,1356,278,4,"Smooth ride, on time.",2022-03-23 02:44:25,2022-03
6569,8727,278,376,5,,2023-06-06 20:12:38,2023-06
6570,8728,278,742,4,"Great rider, very polite.",2022-09-23 19:51:06,2022-09
6571,8730,278,1139,3,Trip was okay.,2022-06-17 07:46:29,2022-06
6572,8730,1139,278,4,"Great driver, very professional!",2022-06-17 10:12:29,2022-06
6573,8731,278,1162,5,"Great driver, very professional!",2024-04-24 03:01:53,2024-04
6574,8732,278,448,5,Super friendly and helpful.,2023-08-17 04:32:54,2023-08
6575,8733,1221,278,3,Very clean car.,2022-04-25 04:49:56,2022-04
6576,8734,278,1324,2,Took too long.,2023-10-01 03:51:14,2023-10
6577,8734,1324,278,4,Very clean car.,2023-10-01 02:59:14,2023-10
6578,8735,278,1227,4,,2023-08-20 17:06:52,2023-08
6579,8740,278,485,4,,2022-05-23 01:38:41,2022-05
6580,8744,278,1654,4,Super friendly and helpful.,2022-04-16 12:09:52,2022-04
6581,8747,777,1485,3,"Excellent service, will ride again.",2023-02-05 02:15:06,2023-02
6582,8749,1485,1975,4,"Perfect trip, no issues.",2024-02-18 16:04:50,2024-02
6583,8750,825,1485,3,Super friendly and helpful.,2022-03-12 06:42:10,2022-03
6584,8753,1485,192,5,"Excellent service, will ride again.",2024-03-18 05:41:11,2024-03
6585,8755,1485,1763,2,Took too long.,2022-05-27 17:06:28,2022-05
6586,8756,1485,207,3,,2022-06-27 22:53:08,2022-06
6587,8758,1485,1162,4,"Perfect trip, no issues.",2023-06-28 05:30:21,2023-06
6588,8759,1485,1081,4,Very courteous driver.,2023-07-09 12:45:08,2023-07
6589,8759,1081,1485,4,"Great driver, very professional!",2023-07-09 14:15:08,2023-07
6590,8761,1485,235,4,"Great driver, very professional!",2023-04-14 13:51:42,2023-04
6591,8761,235,1485,3,"Excellent service, will ride again.",2023-04-14 12:27:42,2023-04
6592,8762,1485,1569,5,,2022-02-23 10:30:58,2022-02
6593,8763,1776,1485,3,"Smooth ride, on time.",2022-09-25 05:55:52,2022-09
6594,8765,1485,327,4,,2023-04-20 16:03:31,2023-04
6595,8766,1485,969,3,,2023-01-26 09:27:15,2023-01
6596,8769,1485,1450,3,,2023-09-09 02:29:05,2023-09
6597,8772,125,1485,2,"Great driver, very professional!",2022-10-21 19:08:54,2022-10
6598,8773,1485,1590,2,,2023-02-11 09:54:10,2023-02
6599,8774,1485,97,4,,2024-01-08 10:06:32,2024-01
6600,8774,97,1485,2,,2024-01-08 09:11:32,2024-01
6601,8776,1485,515,4,,2023-01-07 01:49:34,2023-01
6602,8780,1485,947,4,,2022-02-25 09:05:36,2022-02
6603,8783,1485,1830,3,Trip was okay.,2022-10-25 16:49:06,2022-10
6604,8784,1485,1380,3,Acceptable ride.,2023-11-20 09:36:04,2023-11
6605,8785,1485,782,4,,2023-05-21 06:44:35,2023-05
6606,8786,1575,1485,2,"Smooth ride, on time.",2023-07-25 23:37:44,2023-07
6607,8788,1485,1865,4,"Great rider, very polite.",2024-01-31 18:45:36,2024-01
6608,8790,433,1485,3,"Smooth ride, on time.",2022-09-03 23:56:08,2022-09
6609,8791,1485,176,3,,2024-01-13 17:30:32,2024-01
6610,8792,1485,1495,2,Not very clean.,2022-02-04 01:47:22,2022-02
6611,8796,1485,919,5,Super friendly and helpful.,2022-05-04 22:46:21,2022-05
6612,8797,1485,825,5,,2023-11-03 23:03:41,2023-11
6613,8801,1485,1437,2,,2023-08-26 01:19:38,2023-08
6614,8804,1485,393,3,Decent experience.,2024-01-19 09:22:25,2024-01
6615,8806,1485,485,5,,2024-04-14 03:56:43,2024-04
6616,8807,1485,766,3,,2024-05-25 09:31:41,2024-05
6617,8808,394,1485,3,"Excellent service, will ride again.",2023-05-26 21:02:07,2023-05
6618,8809,1485,544,4,,2023-05-13 13:39:04,2023-05
6619,8811,89,1485,4,"Great driver, very professional!",2022-10-22 03:06:34,2022-10
6620,8813,1485,202,4,"Perfect trip, no issues.",2022-11-06 05:20:52,2022-11
6621,8814,1243,1485,3,Very clean car.,2022-06-30 18:50:31,2022-06
6622,8816,1485,1776,5,Super friendly and helpful.,2024-02-27 17:38:35,2024-02
6623,8817,1485,1955,4,"Excellent service, will ride again.",2022-08-22 21:07:52,2022-08
6624,8818,1485,585,5,Fast and safe driver.,2024-03-12 06:17:04,2024-03
6625,8820,995,1485,4,"Excellent service, will ride again.",2024-05-22 19:39:37,2024-05
6626,8821,1485,1187,4,Very clean car.,2023-05-14 15:18:17,2023-05
6627,8822,1485,199,2,,2024-03-31 08:38:48,2024-03
6628,8822,199,1485,4,Very clean car.,2024-03-31 08:46:48,2024-03
6629,8823,1651,1485,4,,2022-11-12 08:27:26,2022-11
6630,8824,1485,969,2,,2022-07-17 00:57:59,2022-07
6631,8826,1485,834,4,,2023-08-18 15:47:05,2023-08
6632,8829,1485,1237,4,"Quick and efficient, thanks!",2024-05-24 23:09:52,2024-05
6633,8830,925,1485,2,"Smooth ride, on time.",2022-02-28 18:56:27,2022-02
6634,8832,1485,1975,4,,2023-11-04 14:11:37,2023-11
6635,8832,1975,1485,4,"Great driver, very professional!",2023-11-04 14:19:37,2023-11
6636,8833,1485,1765,3,Decent experience.,2022-05-24 16:50:40,2022-05
6637,8835,1485,1993,2,Took too long.,2023-07-25 05:58:14,2023-07
6638,8839,1485,293,5,"Perfect trip, no issues.",2023-06-17 10:09:21,2023-06
6639,8840,1458,1494,3,Decent experience.,2022-02-17 17:03:45,2022-02
6640,8841,1458,147,3,,2023-09-08 12:34:03,2023-09
6641,8842,1458,822,3,,2022-04-02 06:29:08,2022-04
6642,8842,822,1458,3,"Great driver, very professional!",2022-04-02 05:36:08,2022-04
6643,8843,1458,412,3,Got there safely.,2024-03-07 18:49:07,2024-03
6644,8843,412,1458,3,Very clean car.,2024-03-07 20:56:07,2024-03
6645,8845,1325,335,3,Nothing to complain about.,2022-09-18 00:28:14,2022-09
6646,8847,214,544,5,"Smooth ride, on time.",2023-06-29 16:24:43,2023-06
6647,8848,214,925,2,Took a longer route.,2022-11-18 23:30:51,2022-11
6648,8849,214,142,5,,2023-10-16 06:30:59,2023-10
6649,8852,1243,214,4,"Excellent service, will ride again.",2024-03-04 23:46:42,2024-03
6650,8853,1702,214,5,"Smooth ride, on time.",2023-02-01 15:36:12,2023-02
6651,8855,214,1548,3,Got there safely.,2022-12-11 22:13:57,2022-12
6652,8857,214,1881,4,,2024-03-23 01:52:45,2024-03
6653,8857,1881,214,3,Super friendly and helpful.,2024-03-23 02:00:45,2024-03
6654,8861,12,224,5,,2023-02-23 03:17:01,2023-02
6655,8863,12,331,4,,2023-07-03 16:39:49,2023-07
6656,8864,12,1413,3,Acceptable ride.,2022-12-10 14:17:07,2022-12
6657,8865,1437,12,2,"Smooth ride, on time.",2022-10-14 08:38:49,2022-10
6658,8867,1011,12,3,Super friendly and helpful.,2022-01-04 00:10:39,2022-01
6659,8868,12,947,4,,2023-07-31 18:19:57,2023-07
6660,8869,12,117,4,,2022-07-15 12:04:54,2022-07
6661,8870,12,601,3,,2023-02-10 01:35:20,2023-02
6662,8871,12,229,4,Fast and safe driver.,2022-04-20 12:22:33,2022-04
6663,8872,12,494,5,,2022-07-16 11:18:01,2022-07
6664,8872,494,12,3,Very clean car.,2022-07-16 10:47:01,2022-07
6665,8873,12,335,4,"5 stars, highly recommend!",2023-02-06 07:31:23,2023-02
6666,8875,12,1474,3,,2023-06-11 12:50:29,2023-06
6667,8877,12,1700,4,"5 stars, highly recommend!",2023-05-24 16:14:34,2023-05
6668,8878,1764,12,4,"Excellent service, will ride again.",2022-03-18 13:57:36,2022-03
6669,8879,12,1206,4,,2022-02-23 15:49:30,2022-02
6670,8879,1206,12,3,Super friendly and helpful.,2022-02-23 16:41:30,2022-02
6671,8880,12,132,4,Loved the music selection!,2022-03-05 00:32:26,2022-03
6672,8882,1828,12,3,Super friendly and helpful.,2024-01-18 17:32:56,2024-01
6673,8886,12,1991,5,,2023-06-02 05:37:37,2023-06
6674,8887,12,286,5,,2023-08-02 03:10:30,2023-08
6675,8889,12,1937,5,,2022-04-01 19:43:41,2022-04
6676,8891,12,318,4,Very clean car.,2023-03-06 12:00:14,2023-03
6677,8897,12,833,4,,2023-01-25 23:25:32,2023-01
6678,8898,12,97,5,"Easy pickup, no problems.",2022-08-01 12:37:48,2022-08
6679,8899,12,335,3,,2023-07-22 21:42:04,2023-07
6680,8901,12,230,3,,2024-06-10 01:29:45,2024-06
6681,8902,12,570,3,,2023-12-27 01:09:44,2023-12
6682,8902,570,12,4,,2023-12-27 02:32:44,2023-12
6683,8903,12,789,3,,2022-09-21 05:48:54,2022-09
6684,8904,12,1956,3,Decent experience.,2024-02-20 07:34:44,2024-02
6685,8905,12,593,4,,2024-03-24 01:58:02,2024-03
6686,8906,12,162,4,,2023-05-05 11:01:20,2023-05
6687,8906,162,12,4,"Excellent service, will ride again.",2023-05-05 13:18:20,2023-05
6688,8907,12,131,5,,2022-03-31 13:23:17,2022-03
6689,8907,131,12,3,"Smooth ride, on time.",2022-03-31 14:27:17,2022-03
6690,8909,549,12,4,"Great driver, very professional!",2023-01-10 09:25:38,2023-01
6691,8911,12,187,4,"Great driver, very professional!",2024-01-26 07:24:15,2024-01
6692,8912,12,323,5,Very comfortable ride.,2022-02-06 02:14:31,2022-02
6693,8914,12,1403,4,,2023-08-27 07:02:52,2023-08
6694,8916,12,224,3,,2022-01-21 08:08:41,2022-01
6695,8917,12,1937,4,,2022-10-15 22:17:56,2022-10
6696,8918,1288,12,5,Super friendly and helpful.,2023-04-03 11:44:04,2023-04
6697,8919,12,1482,4,,2023-05-01 02:31:28,2023-05
6698,8920,12,434,5,Car was spotless.,2022-09-28 02:59:43,2022-09
6699,8921,12,1053,3,,2023-09-24 19:55:48,2023-09
6700,8923,12,450,4,"Smooth ride, on time.",2022-12-07 08:11:23,2022-12
6701,8924,12,553,4,,2023-02-04 14:00:38,2023-02
6702,8924,553,12,3,Very clean car.,2023-02-04 13:56:38,2023-02
6703,8926,393,12,2,Super friendly and helpful.,2023-08-27 04:35:09,2023-08
6704,8927,498,12,4,"Great driver, very professional!",2023-08-10 05:57:23,2023-08
6705,8928,1724,12,2,"Smooth ride, on time.",2022-06-24 21:57:15,2022-06
6706,8929,12,139,5,"Perfect trip, no issues.",2023-04-01 13:13:40,2023-04
6707,8931,422,1403,5,,2022-12-15 22:58:20,2022-12
6708,8932,422,1293,4,,2023-07-05 23:07:51,2023-07
6709,8934,422,1739,4,,2022-11-12 22:11:13,2022-11
6710,8934,1739,422,3,"Great driver, very professional!",2022-11-12 23:05:13,2022-11
6711,8937,209,323,3,,2023-04-20 06:01:16,2023-04
6712,8937,323,209,3,"Excellent service, will ride again.",2023-04-20 06:25:16,2023-04
6713,8941,1001,495,3,Very clean car.,2022-10-23 00:56:35,2022-10
6714,8942,495,542,5,,2023-09-02 19:40:28,2023-09
6715,8942,542,495,3,"Smooth ride, on time.",2023-09-02 21:02:28,2023-09
6716,8944,495,1727,5,,2023-12-06 18:55:46,2023-12
6717,8945,495,664,5,,2023-11-13 15:41:45,2023-11
6718,8945,664,495,4,"Excellent service, will ride again.",2023-11-13 16:40:45,2023-11
6719,8946,495,319,4,,2023-11-01 21:49:25,2023-11
6720,8946,319,495,2,,2023-11-01 23:14:25,2023-11
6721,8947,97,495,3,Super friendly and helpful.,2023-04-03 04:24:20,2023-04
6722,8948,495,1352,5,"Excellent service, will ride again.",2022-03-26 16:14:58,2022-03
6723,8949,495,15,3,Trip was okay.,2022-02-22 21:37:03,2022-02
6724,8950,495,176,3,,2024-03-14 18:10:31,2024-03
6725,8951,495,2,4,"Great rider, very polite.",2023-07-21 05:04:08,2023-07
6726,8952,495,1590,4,,2022-05-28 19:38:09,2022-05
6727,8954,1850,1352,3,,2023-06-09 13:57:43,2023-06
6728,8955,883,1850,2,"Smooth ride, on time.",2023-12-07 04:45:26,2023-12
6729,8957,1850,433,4,,2024-03-11 12:21:09,2024-03
6730,8957,433,1850,3,"Great driver, very professional!",2024-03-11 14:09:09,2024-03
6731,8958,1850,192,4,,2023-06-28 16:08:22,2023-06
6732,8958,192,1850,3,,2023-06-28 15:31:22,2023-06
6733,8960,636,1134,4,"Perfect trip, no issues.",2022-03-01 12:34:50,2022-03
6734,8960,1134,636,3,,2022-03-01 13:57:50,2022-03
6735,8962,271,636,5,"Great driver, very professional!",2023-11-17 01:35:27,2023-11
6736,8964,1767,132,5,,2024-02-07 12:13:16,2024-02
6737,8964,132,1767,4,"Excellent service, will ride again.",2024-02-07 11:43:16,2024-02
6738,8966,765,1767,3,,2023-07-02 03:02:40,2023-07
6739,8967,1767,959,5,,2022-09-14 14:05:13,2022-09
6740,8968,1767,120,3,Decent experience.,2022-03-16 19:08:15,2022-03
6741,8969,1767,1181,4,"Excellent service, will ride again.",2024-01-29 10:42:04,2024-01
6742,8970,1767,1547,5,,2023-12-22 04:28:29,2023-12
6743,8972,1767,1350,4,,2024-05-26 05:20:31,2024-05
6744,8972,1350,1767,4,"Great driver, very professional!",2024-05-26 05:13:31,2024-05
6745,8973,210,1767,4,"Great driver, very professional!",2023-07-13 16:34:59,2023-07
6746,8974,1767,147,4,,2022-04-13 04:15:17,2022-04
6747,8975,1767,1881,4,,2022-02-05 14:54:14,2022-02
6748,8976,1767,461,3,Got there safely.,2023-05-31 19:29:38,2023-05
6749,8978,1767,1853,4,,2022-05-21 07:53:15,2022-05
6750,8979,1767,338,2,Not very clean.,2023-11-14 06:58:18,2023-11
6751,8979,338,1767,3,"Smooth ride, on time.",2023-11-14 08:23:18,2023-11
6752,8980,1767,957,4,"Easy pickup, no problems.",2022-09-26 11:49:17,2022-09
6753,8980,957,1767,3,"Smooth ride, on time.",2022-09-26 14:08:17,2022-09
6754,8984,1716,1812,3,Got there safely.,2022-04-11 21:07:57,2022-04
6755,8987,490,1060,4,"Smooth ride, on time.",2023-04-19 07:06:32,2023-04
6756,8988,490,759,5,"Perfect trip, no issues.",2024-05-24 20:41:46,2024-05
6757,8988,759,490,2,Super friendly and helpful.,2024-05-24 20:55:46,2024-05
6758,8989,490,986,5,,2022-09-30 14:30:46,2022-09
6759,8990,490,1227,5,"Smooth ride, on time.",2022-08-02 23:30:29,2022-08
6760,8990,1227,490,5,,2022-08-03 00:21:29,2022-08
6761,8991,490,947,4,"Great rider, very polite.",2023-11-21 09:29:56,2023-11
6762,8993,746,1651,5,,2024-04-17 01:46:20,2024-04
6763,8995,746,995,3,"OK trip, nothing special.",2023-07-27 05:11:26,2023-07
6764,8996,1727,746,5,"Great driver, very professional!",2022-02-10 05:11:32,2022-02
6765,8999,375,1700,3,Nothing to complain about.,2023-10-25 07:44:44,2023-10
6766,9000,375,1386,5,"Great driver, very professional!",2022-10-14 00:12:11,2022-10
6767,9001,375,543,4,,2022-07-09 14:25:11,2022-07
6768,9003,933,1794,4,"Quick and efficient, thanks!",2023-11-08 16:55:35,2023-11
6769,9004,1548,933,4,Super friendly and helpful.,2024-03-10 17:05:36,2024-03
6770,9005,1890,933,4,"Great driver, very professional!",2023-05-06 08:30:05,2023-05
6771,9006,1994,1497,3,,2022-07-09 03:29:17,2022-07
6772,9009,1994,1941,3,,2024-02-12 02:03:50,2024-02
6773,9010,1994,742,4,,2023-12-09 11:21:43,2023-12
6774,9011,1994,1099,5,,2023-02-16 15:34:17,2023-02
6775,9014,1994,1111,3,,2022-03-24 18:26:26,2022-03
6776,9015,1994,1099,5,Very comfortable ride.,2024-01-04 08:51:55,2024-01
6777,9015,1099,1994,3,,2024-01-04 10:00:55,2024-01
6778,9017,1994,1828,4,,2022-08-27 01:20:00,2022-08
6779,9018,1604,1869,3,,2022-05-30 01:20:35,2022-05
6780,9018,1869,1604,4,"Smooth ride, on time.",2022-05-30 02:38:35,2022-05
6781,9019,1604,1026,3,Got there safely.,2022-03-05 15:09:50,2022-03
6782,9019,1026,1604,3,"Excellent service, will ride again.",2022-03-05 16:34:50,2022-03
6783,9021,1604,448,4,Car was spotless.,2022-05-12 06:56:18,2022-05
6784,9022,1604,1941,3,,2024-01-25 17:21:58,2024-01
6785,9025,1604,1111,5,"Great driver, very professional!",2022-02-16 12:35:37,2022-02
6786,9025,1111,1604,4,"Great driver, very professional!",2022-02-16 12:43:37,2022-02
6787,9028,1091,1604,3,Very clean car.,2024-01-20 12:16:04,2024-01
6788,9030,1604,1400,5,"Great driver, very professional!",2024-01-17 04:01:03,2024-01
6789,9032,1604,564,5,,2022-09-17 21:23:30,2022-09
6790,9033,1604,549,5,,2022-12-04 21:58:51,2022-12
6791,9034,1604,271,5,"Excellent service, will ride again.",2022-06-05 23:07:29,2022-06
6792,9034,271,1604,3,"Excellent service, will ride again.",2022-06-06 01:03:29,2022-06
6793,9037,1604,1427,5,"Perfect trip, no issues.",2023-02-12 18:38:41,2023-02
6794,9038,1604,131,4,"Great rider, very polite.",2023-03-02 06:02:31,2023-03
6795,9038,131,1604,3,"Excellent service, will ride again.",2023-03-02 07:36:31,2023-03
6796,9039,1604,1654,5,,2022-08-23 17:46:41,2022-08
6797,9042,1345,335,2,Driver was rude.,2022-03-23 15:14:39,2022-03
6798,9044,167,334,3,Acceptable ride.,2023-09-09 10:10:05,2023-09
6799,9046,167,1841,3,Average experience.,2022-04-29 20:01:15,2022-04
6800,9047,167,1497,4,,2022-03-18 05:09:23,2022-03
6801,9049,167,593,5,"Great rider, very polite.",2022-01-02 17:25:17,2022-01
6802,9051,167,376,2,,2023-12-02 04:27:34,2023-12
6803,9053,167,1947,4,"Easy pickup, no problems.",2024-04-29 02:34:50,2024-04
6804,9054,167,229,3,"OK trip, nothing special.",2022-10-30 06:34:39,2022-10
6805,9054,229,167,3,,2022-10-30 06:32:39,2022-10
6806,9055,167,1350,4,,2022-05-20 21:39:52,2022-05
6807,9057,1654,167,3,"Excellent service, will ride again.",2024-02-19 03:02:33,2024-02
6808,9060,167,318,4,,2022-07-27 21:22:18,2022-07
6809,9061,1356,167,4,"Smooth ride, on time.",2023-10-05 10:09:57,2023-10
6810,9062,167,736,4,"Quick and efficient, thanks!",2022-03-30 15:43:16,2022-03
6811,9062,736,167,4,Super friendly and helpful.,2022-03-30 17:35:16,2022-03
6812,9063,167,748,4,,2022-04-19 11:38:48,2022-04
6813,9065,167,647,3,,2024-01-11 06:36:45,2024-01
6814,9066,871,977,3,,2023-10-20 20:17:02,2023-10
6815,9067,871,477,3,,2023-01-01 03:46:45,2023-01
6816,9068,498,871,2,"Excellent service, will ride again.",2024-03-17 17:08:07,2024-03
6817,9069,871,31,3,,2022-05-12 11:27:16,2022-05
6818,9070,318,871,3,,2022-05-09 22:48:49,2022-05
6819,9073,871,1590,3,Decent experience.,2023-01-09 08:50:09,2023-01
6820,9074,888,162,5,Very comfortable ride.,2023-10-19 01:28:50,2023-10
6821,9075,888,14,3,Average experience.,2022-01-12 09:00:25,2022-01
6822,9077,352,1162,5,,2022-05-04 20:27:39,2022-05
6823,9081,1087,650,3,"Smooth ride, on time.",2024-02-12 02:24:44,2024-02
6824,9082,650,1427,4,,2024-05-11 04:52:51,2024-05
6825,9084,650,434,5,Loved the music selection!,2024-01-18 08:50:51,2024-01
6826,9085,623,201,4,,2023-03-23 23:24:49,2023-03
6827,9087,623,271,5,,2023-02-04 03:53:33,2023-02
6828,9087,271,623,3,"Great driver, very professional!",2023-02-04 03:55:33,2023-02
6829,9089,623,1187,4,,2024-06-28 18:06:19,2024-06
6830,9093,623,31,3,Got there safely.,2022-02-17 10:19:50,2022-02
6831,9094,623,825,4,,2022-09-08 02:34:22,2022-09
6832,9097,623,439,3,Got there safely.,2022-03-09 06:37:54,2022-03
6833,9098,623,779,4,,2024-02-28 15:02:54,2024-02
6834,9099,789,623,4,Very clean car.,2024-02-06 20:25:42,2024-02
6835,9100,623,1658,4,,2023-07-15 09:51:14,2023-07
6836,9100,1658,623,3,,2023-07-15 09:07:14,2023-07
6837,9101,1564,623,4,"Smooth ride, on time.",2023-11-10 14:45:45,2023-11
6838,9102,623,1736,3,,2022-01-04 15:03:47,2022-01
6839,9103,1246,1865,4,"Smooth ride, on time.",2022-01-30 17:14:41,2022-01
6840,9106,1246,1403,5,Loved the music selection!,2022-05-30 13:23:55,2022-05
6841,9106,1403,1246,4,Very clean car.,2022-05-30 15:01:55,2022-05
6842,9107,889,1558,4,"Great driver, very professional!",2022-11-30 17:08:42,2022-11
6843,9108,1505,977,4,,2023-06-15 19:03:10,2023-06
6844,9111,1297,256,3,Nothing to complain about.,2022-06-09 11:53:49,2022-06
6845,9112,1297,485,4,,2022-02-14 13:51:20,2022-02
6846,9114,1297,1181,3,,2024-03-25 11:05:09,2024-03
6847,9115,621,1410,4,,2022-05-30 09:26:12,2022-05
6848,9115,1410,621,3,"Excellent service, will ride again.",2022-05-30 11:17:12,2022-05
6849,9116,621,142,5,,2023-04-19 16:25:06,2023-04
6850,9119,1565,833,3,Fine driver.,2024-02-18 02:15:55,2024-02
6851,9119,833,1565,4,Super friendly and helpful.,2024-02-18 03:55:55,2024-02
6852,9120,1565,446,5,,2023-04-05 05:14:57,2023-04
6853,9121,1565,256,5,,2023-08-14 20:15:10,2023-08
6854,9122,1921,488,5,,2022-03-07 00:06:36,2022-03
6855,9122,488,1921,2,Super friendly and helpful.,2022-03-07 01:31:36,2022-03
6856,9123,1921,759,4,,2024-03-28 12:36:32,2024-03
6857,9125,1921,974,4,"Great driver, very professional!",2023-06-19 08:46:22,2023-06
6858,9126,704,125,3,"OK trip, nothing special.",2022-04-14 15:19:44,2022-04
6859,9127,318,704,3,Very clean car.,2023-08-01 04:10:13,2023-08
6860,9128,704,585,4,Fast and safe driver.,2023-10-13 06:14:17,2023-10
6861,9129,704,908,2,Driver was late.,2024-06-13 12:45:20,2024-06
6862,9131,704,544,4,,2022-07-02 22:36:24,2022-07
6863,9135,704,1775,5,,2024-06-01 16:43:51,2024-06
6864,9136,704,748,3,Got there safely.,2022-08-26 13:00:59,2022-08
6865,9138,704,506,3,Decent experience.,2023-11-19 03:12:51,2023-11
6866,9138,506,704,3,Very clean car.,2023-11-19 04:25:51,2023-11
6867,9140,704,1752,3,,2023-08-31 07:29:34,2023-08
6868,9142,704,1336,2,Rough driving.,2022-10-05 16:01:11,2022-10
6869,9143,704,125,3,,2023-02-09 22:47:53,2023-02
6870,9144,704,119,5,"5 stars, highly recommend!",2024-03-11 23:56:02,2024-03
6871,9145,704,1035,4,Very clean car.,2022-09-18 14:33:41,2022-09
6872,9145,1035,704,4,"Excellent service, will ride again.",2022-09-18 15:06:41,2022-09
6873,9146,704,450,3,,2022-06-09 14:29:29,2022-06
6874,9146,450,704,3,"Great driver, very professional!",2022-06-09 14:10:29,2022-06
6875,9148,704,1526,5,,2024-01-05 14:02:02,2024-01
6876,9150,1081,704,3,"Great driver, very professional!",2024-01-27 20:19:41,2024-01
6877,9152,704,1477,4,Very courteous driver.,2024-02-04 18:57:40,2024-02
6878,9152,1477,704,2,,2024-02-04 18:08:40,2024-02
6879,9153,704,448,4,,2022-07-19 11:18:34,2022-07
6880,9155,704,1975,4,,2023-05-05 13:48:48,2023-05
6881,9156,704,485,4,,2022-05-06 22:59:26,2022-05
6882,9157,704,564,5,Loved the music selection!,2023-12-15 23:12:23,2023-12
6883,9157,564,704,4,Very clean car.,2023-12-15 22:08:23,2023-12
6884,9158,704,1693,3,Decent experience.,2023-04-13 23:44:16,2023-04
6885,9159,704,1828,5,Car was spotless.,2022-08-23 18:58:55,2022-08
6886,9159,1828,704,3,"Great driver, very professional!",2022-08-23 20:32:55,2022-08
6887,9160,704,472,4,,2023-10-01 16:09:06,2023-10
6888,9160,472,704,3,Very clean car.,2023-10-01 16:37:06,2023-10
6889,9161,704,1324,3,,2022-01-20 14:47:27,2022-01
6890,9162,704,690,4,,2023-10-02 01:28:21,2023-10
6891,9163,704,1981,5,"Excellent service, will ride again.",2023-03-09 14:16:32,2023-03
6892,9164,704,1894,2,Driver was rude.,2022-08-02 21:18:02,2022-08
6893,9167,704,1564,4,,2023-09-12 20:03:39,2023-09
6894,9167,1564,704,3,Very clean car.,2023-09-12 19:45:39,2023-09
6895,9168,1207,704,3,"Smooth ride, on time.",2022-11-20 18:00:03,2022-11
6896,9169,704,1030,4,Car was spotless.,2024-06-05 07:36:18,2024-06
6897,9171,704,1709,4,Very courteous driver.,2023-01-02 18:04:04,2023-01
6898,9172,704,433,4,,2024-02-10 12:33:16,2024-02
6899,9173,704,1084,3,,2024-01-03 03:04:08,2024-01
6900,9173,1084,704,4,,2024-01-03 04:38:08,2024-01
6901,9175,704,439,3,,2023-05-01 20:20:26,2023-05
6902,9177,704,502,3,,2023-03-12 04:37:48,2023-03
6903,9178,408,704,3,Very clean car.,2023-10-30 02:28:19,2023-10
6904,9179,704,1865,4,,2024-01-20 13:02:57,2024-01
6905,9182,1623,704,3,,2023-09-30 20:06:24,2023-09
6906,9183,704,1207,5,"Perfect trip, no issues.",2023-08-07 04:12:35,2023-08
6907,9183,1207,704,3,Super friendly and helpful.,2023-08-07 03:25:35,2023-08
6908,9184,704,324,5,,2023-02-23 02:04:50,2023-02
6909,9185,704,1494,4,Very courteous driver.,2023-02-27 19:13:37,2023-02
6910,9185,1494,704,3,"Smooth ride, on time.",2023-02-27 21:02:37,2023-02
6911,9186,704,1162,4,"Smooth ride, on time.",2024-04-07 11:32:43,2024-04
6912,9186,1162,704,3,"Great driver, very professional!",2024-04-07 10:33:43,2024-04
6913,9187,690,704,4,"Smooth ride, on time.",2024-03-17 20:01:46,2024-03
6914,9190,704,1532,4,,2024-03-23 07:57:05,2024-03
6915,9194,1431,833,4,,2022-11-23 21:41:56,2022-11
6916,9194,833,1431,3,Very clean car.,2022-11-23 21:10:56,2022-11
6917,9195,1206,1431,3,"Excellent service, will ride again.",2022-02-08 03:21:32,2022-02
6918,9196,1431,1141,3,Decent experience.,2022-01-27 06:13:56,2022-01
6919,9196,1141,1431,2,Super friendly and helpful.,2022-01-27 06:36:56,2022-01
6920,9197,1431,1947,4,Very courteous driver.,2023-12-23 21:32:44,2023-12
6921,9198,1431,1853,3,,2022-12-28 01:01:34,2022-12
6922,9198,1853,1431,4,,2022-12-28 02:06:34,2022-12
6923,9200,1431,1410,4,,2023-07-17 12:39:13,2023-07
6924,9200,1410,1431,3,"Great driver, very professional!",2023-07-17 12:00:13,2023-07
6925,9203,1431,1983,3,,2023-01-27 23:30:07,2023-01
6926,9206,1431,1889,3,,2022-06-08 15:03:39,2022-06
6927,9207,1658,1431,4,Very clean car.,2022-12-01 09:09:25,2022-12
6928,9208,1431,1197,3,,2022-12-07 16:55:59,2022-12
6929,9211,1431,977,3,,2023-10-11 05:03:41,2023-10
6930,9213,1431,608,4,Car was spotless.,2022-09-26 07:39:13,2022-09
6931,9215,1431,842,4,,2022-11-26 10:00:23,2022-11
6932,9216,1431,728,4,"Smooth ride, on time.",2023-03-24 20:37:02,2023-03
6933,9217,1431,1324,3,Got there safely.,2023-05-18 19:16:39,2023-05
6934,9218,1431,1450,3,,2022-05-21 06:46:21,2022-05
6935,9218,1450,1431,5,Super friendly and helpful.,2022-05-21 06:33:21,2022-05
6936,9221,199,1431,2,Very clean car.,2022-02-20 18:13:47,2022-02
6937,9222,1431,1987,4,,2022-04-08 11:12:37,2022-04
6938,9227,1431,1286,4,,2023-08-26 15:51:28,2023-08
6939,9229,1431,1607,3,,2023-03-29 12:02:58,2023-03
6940,9230,1431,393,2,Car smelled bad.,2022-05-22 23:33:03,2022-05
6941,9232,1431,1999,4,,2022-05-21 20:01:59,2022-05
6942,9233,1431,162,3,"OK trip, nothing special.",2022-04-06 18:06:19,2022-04
6943,9234,1431,778,5,,2022-06-16 21:53:57,2022-06
6944,9234,778,1431,2,Very clean car.,2022-06-16 21:33:57,2022-06
6945,9236,1431,1739,4,,2023-10-25 12:24:49,2023-10
6946,9239,1431,229,5,,2023-06-25 04:26:41,2023-06
6947,9239,229,1431,4,Super friendly and helpful.,2023-06-25 05:56:41,2023-06
6948,9240,1431,1001,5,Fast and safe driver.,2023-01-09 16:08:27,2023-01
6949,9240,1001,1431,5,,2023-01-09 18:06:27,2023-01
6950,9242,1431,389,4,,2023-09-16 06:14:16,2023-09
6951,9243,1431,339,3,"OK trip, nothing special.",2024-03-23 14:13:52,2024-03
6952,9243,339,1431,3,"Excellent service, will ride again.",2024-03-23 14:28:52,2024-03
6953,9244,1841,1431,3,Very clean car.,2023-07-17 00:36:03,2023-07
6954,9245,1431,1400,5,,2024-04-05 05:06:48,2024-04
6955,9245,1400,1431,3,,2024-04-05 05:17:48,2024-04
6956,9248,1431,1755,2,,2022-11-19 17:33:43,2022-11
6957,9248,1755,1431,3,"Great driver, very professional!",2022-11-19 19:03:43,2022-11
6958,9250,1431,1352,3,,2023-11-25 15:48:07,2023-11
6959,9251,1431,1438,3,Acceptable ride.,2022-12-25 02:03:11,2022-12
6960,9251,1438,1431,3,"Great driver, very professional!",2022-12-25 03:54:11,2022-12
6961,9253,1293,1431,3,Very clean car.,2023-06-02 10:38:29,2023-06
6962,9255,1431,351,4,"Quick and efficient, thanks!",2023-08-14 07:13:42,2023-08
6963,9255,351,1431,3,"Excellent service, will ride again.",2023-08-14 07:33:42,2023-08
6964,9256,1431,601,2,,2024-03-12 07:01:44,2024-03
6965,9257,1431,318,4,Loved the music selection!,2022-09-01 10:07:45,2022-09
6966,9257,318,1431,4,"Smooth ride, on time.",2022-09-01 11:27:45,2022-09
6967,9260,1431,472,3,,2024-06-27 10:39:42,2024-06
6968,9260,472,1431,4,"Excellent service, will ride again.",2024-06-27 10:33:42,2024-06
6969,9262,1431,434,5,Car was spotless.,2023-06-07 18:28:21,2023-06
6970,9263,1431,488,4,,2022-09-24 02:37:22,2022-09
6971,9265,1431,705,5,,2023-01-16 01:02:02,2023-01
6972,9266,1431,1011,4,,2022-11-12 07:10:07,2022-11
6973,9266,1011,1431,3,"Excellent service, will ride again.",2022-11-12 07:06:07,2022-11
6974,9267,1526,1431,3,,2023-10-27 15:37:26,2023-10
6975,9268,1623,1431,4,"Great driver, very professional!",2022-11-14 01:30:42,2022-11
6976,9269,1431,131,4,,2022-12-06 02:27:10,2022-12
6977,9270,1431,461,4,Very comfortable ride.,2022-12-27 00:47:54,2022-12
6978,9271,1431,977,4,,2022-06-11 15:27:09,2022-06
6979,9272,1812,1431,5,"Great driver, very professional!",2024-04-26 00:41:14,2024-04
6980,9273,585,1431,3,Very clean car.,2022-08-06 15:04:51,2022-08
6981,9274,1431,1865,4,"Perfect trip, no issues.",2023-09-26 20:39:16,2023-09
6982,9275,1431,1651,4,"Great rider, very polite.",2024-03-21 17:19:58,2024-03
6983,9276,1431,1267,3,Decent experience.,2024-06-08 00:12:45,2024-06
6984,9279,542,1431,4,Super friendly and helpful.,2023-06-04 17:02:05,2023-06
6985,9280,1431,929,3,,2023-05-17 20:24:07,2023-05
6986,9280,929,1431,4,Super friendly and helpful.,2023-05-17 21:26:07,2023-05
6987,9284,1431,1026,3,,2024-01-18 03:11:51,2024-01
6988,9285,1431,1987,5,,2023-07-29 02:53:49,2023-07
6989,9286,1431,705,4,,2023-01-22 15:51:06,2023-01
6990,9287,1431,439,4,"Great driver, very professional!",2023-10-30 05:25:42,2023-10
6991,9292,1431,825,3,Got there safely.,2022-08-25 15:51:39,2022-08
6992,9293,1211,430,4,,2022-07-14 22:30:11,2022-07
6993,9294,1211,319,4,Loved the music selection!,2023-02-08 20:49:12,2023-02
6994,9295,1211,230,1,,2022-01-16 07:19:02,2022-01
6995,9295,230,1211,5,"Smooth ride, on time.",2022-01-16 06:14:02,2022-01
6996,9296,1211,1709,2,Driver was rude.,2022-02-23 08:36:43,2022-02
6997,9297,146,1211,4,"Great driver, very professional!",2023-07-19 17:47:13,2023-07
6998,9298,1211,1267,3,,2023-01-01 19:42:42,2023-01
6999,9298,1267,1211,2,Super friendly and helpful.,2023-01-01 20:07:42,2023-01
7000,9299,1211,940,3,,2023-10-17 02:19:02,2023-10
7001,9299,940,1211,3,Super friendly and helpful.,2023-10-17 01:47:02,2023-10
7002,9300,1955,1211,2,Very clean car.,2024-03-03 15:42:49,2024-03
7003,9303,1152,571,4,,2023-08-02 18:07:42,2023-08
7004,9305,523,408,2,Driver was rude.,2024-03-31 07:20:35,2024-03
7005,9307,523,1196,2,,2024-01-25 19:08:52,2024-01
7006,9307,1196,523,2,"Smooth ride, on time.",2024-01-25 21:14:52,2024-01
7007,9309,523,1794,4,,2022-06-23 03:19:20,2022-06
7008,9310,523,1548,4,"Excellent service, will ride again.",2022-07-05 10:15:22,2022-07
7009,9311,523,765,3,Trip was okay.,2022-03-14 08:38:52,2022-03
7010,9313,523,433,5,"5 stars, highly recommend!",2023-07-16 05:38:34,2023-07
7011,9313,433,523,2,,2023-07-16 07:36:34,2023-07
7012,9314,523,1134,3,Fine driver.,2023-10-05 05:05:38,2023-10
7013,9315,155,523,4,,2022-10-19 18:25:37,2022-10
7014,9316,523,1495,3,,2024-03-08 11:50:52,2024-03
7015,9317,523,860,4,,2023-11-18 18:55:24,2023-11
7016,9319,523,1170,5,Loved the music selection!,2022-01-16 04:03:57,2022-01
7017,9320,523,1981,3,Trip was okay.,2022-07-01 04:47:08,2022-07
7018,9320,1981,523,3,Very clean car.,2022-07-01 04:32:08,2022-07
7019,9321,523,571,4,Loved the music selection!,2022-04-20 23:01:14,2022-04
7020,9324,523,199,4,,2023-04-14 00:28:23,2023-04
7021,9324,199,523,3,,2023-04-14 00:47:23,2023-04
7022,9327,523,5,3,Nothing to complain about.,2022-08-09 05:04:52,2022-08
7023,9327,5,523,3,"Great driver, very professional!",2022-08-09 07:25:52,2022-08
7024,9330,523,1607,3,Nothing to complain about.,2023-06-26 08:31:46,2023-06
7025,9330,1607,523,2,"Great driver, very professional!",2023-06-26 09:11:46,2023-06
7026,9332,523,44,4,,2024-02-13 06:36:46,2024-02
7027,9333,523,1170,3,,2023-09-15 12:46:55,2023-09
7028,9334,523,929,3,Decent experience.,2024-04-10 09:15:56,2024-04
7029,9335,553,523,3,Super friendly and helpful.,2023-04-27 12:49:52,2023-04
7030,9338,1044,1836,3,"Excellent service, will ride again.",2023-09-24 22:51:42,2023-09
7031,9340,1788,271,3,"OK trip, nothing special.",2023-08-04 08:32:39,2023-08
7032,9341,731,394,3,,2024-04-13 12:40:40,2024-04
7033,9344,632,1575,4,,2023-09-29 00:57:38,2023-09
7034,9346,1068,31,5,"Quick and efficient, thanks!",2022-08-07 16:26:41,2022-08
7035,9348,1155,376,3,Average experience.,2023-09-07 03:24:22,2023-09
7036,9351,1155,825,5,,2023-09-03 09:21:05,2023-09
7037,9352,1155,1301,5,,2022-06-17 16:44:57,2022-06
7038,9353,778,1155,3,Super friendly and helpful.,2022-10-13 14:57:00,2022-10
7039,9354,1155,1293,5,"Great driver, very professional!",2022-01-11 13:39:31,2022-01
7040,9355,1155,1649,3,,2023-06-06 23:43:33,2023-06
7041,9356,1155,986,3,,2023-01-04 14:24:31,2023-01
7042,9357,1155,5,5,,2023-03-11 01:32:51,2023-03
7043,9357,5,1155,3,"Excellent service, will ride again.",2023-03-11 00:33:51,2023-03
7044,9359,898,1124,3,Very clean car.,2022-11-25 06:49:06,2022-11
7045,9360,474,645,3,,2023-04-01 14:37:38,2023-04
7046,9361,883,1029,2,"Smooth ride, on time.",2022-06-16 12:40:49,2022-06
7047,9364,195,5,3,Acceptable ride.,2022-10-07 07:57:02,2022-10
7048,9365,1814,195,3,,2024-02-19 15:41:39,2024-02
7049,9366,195,412,4,,2023-08-31 15:38:28,2023-08
7050,9367,195,1035,4,Super friendly and helpful.,2024-01-05 17:32:12,2024-01
7051,9369,195,328,3,,2023-03-04 02:51:04,2023-03
7052,9370,442,1755,4,,2023-06-21 05:17:58,2023-06
7053,9370,1755,442,3,Super friendly and helpful.,2023-06-21 05:34:58,2023-06
7054,9371,1221,442,1,"Smooth ride, on time.",2024-03-24 13:18:06,2024-03
7055,9372,442,324,4,,2022-04-14 12:35:25,2022-04
7056,9373,442,389,4,Car was spotless.,2022-06-18 00:39:44,2022-06
7057,9375,883,442,5,Very clean car.,2022-02-19 16:21:02,2022-02
7058,9380,442,932,4,"Easy pickup, no problems.",2022-06-14 00:18:21,2022-06
7059,9380,932,442,3,"Excellent service, will ride again.",2022-06-13 23:50:21,2022-06
7060,9384,442,766,4,,2023-03-05 19:47:35,2023-03
7061,9389,442,544,4,"Great driver, very professional!",2024-03-19 02:24:10,2024-03
7062,9390,697,442,3,"Great driver, very professional!",2022-04-03 15:24:21,2022-04
7063,9391,727,393,4,Fast and safe driver.,2024-04-21 14:31:04,2024-04
7064,9395,1491,485,5,"Excellent service, will ride again.",2024-06-27 20:18:00,2024-06
7065,9396,1491,553,5,"Perfect trip, no issues.",2024-02-28 06:08:20,2024-02
7066,9397,1491,1999,4,Very clean car.,2023-07-24 10:36:08,2023-07
7067,9398,1491,1561,5,,2022-05-23 03:17:34,2022-05
7068,9399,1491,469,3,Acceptable ride.,2022-12-17 14:22:30,2022-12
7069,9401,1491,1356,5,,2023-02-09 11:02:04,2023-02
7070,9403,664,1491,3,"Great driver, very professional!",2022-05-03 13:47:33,2022-05
7071,9405,1491,1479,3,,2024-03-14 13:06:50,2024-03
7072,9407,1869,1491,4,Very clean car.,2023-11-26 20:37:45,2023-11
7073,9409,1491,1497,4,Very comfortable ride.,2022-12-24 09:16:51,2022-12
7074,9409,1497,1491,3,"Smooth ride, on time.",2022-12-24 08:51:51,2022-12
7075,9410,1491,1198,4,Loved the music selection!,2023-01-12 04:41:43,2023-01
7076,9410,1198,1491,2,Very clean car.,2023-01-12 04:50:43,2023-01
7077,9411,1491,52,5,Very courteous driver.,2023-05-18 06:11:45,2023-05
7078,9412,1491,1561,5,,2023-01-18 18:47:44,2023-01
7079,9412,1561,1491,4,"Smooth ride, on time.",2023-01-18 19:19:44,2023-01
7080,9414,1491,119,3,Fine driver.,2023-10-28 23:49:21,2023-10
7081,9416,1491,271,5,"Great rider, very polite.",2023-11-02 23:47:44,2023-11
7082,9416,271,1491,3,,2023-11-03 01:39:44,2023-11
7083,9418,1491,1023,3,Got there safely.,2024-03-07 16:31:39,2024-03
7084,9420,1491,1081,5,"5 stars, highly recommend!",2022-03-11 05:41:17,2022-03
7085,9420,1081,1491,2,"Great driver, very professional!",2022-03-11 06:55:17,2022-03
7086,9421,1491,1198,5,,2023-11-29 20:41:10,2023-11
7087,9422,1491,1494,4,,2022-04-19 08:44:14,2022-04
7088,9423,1491,488,3,Acceptable ride.,2022-05-04 04:45:38,2022-05
7089,9426,1491,665,3,Average experience.,2024-01-03 02:43:03,2024-01
7090,9427,1491,818,3,,2022-09-25 17:12:13,2022-09
7091,9428,1491,1105,5,"Great rider, very polite.",2023-10-10 10:28:56,2023-10
7092,9428,1105,1491,4,"Excellent service, will ride again.",2023-10-10 08:56:56,2023-10
7093,9430,1139,1491,3,Super friendly and helpful.,2022-06-07 05:21:34,2022-06
7094,9432,1491,919,3,,2023-07-02 04:21:58,2023-07
7095,9434,1491,1993,3,,2023-04-13 03:38:40,2023-04
7096,9435,1491,139,3,Trip was okay.,2024-04-22 02:27:07,2024-04
7097,9436,1795,1491,4,,2022-03-12 06:02:35,2022-03
7098,9437,338,1491,5,"Great driver, very professional!",2023-07-23 00:36:16,2023-07
7099,9438,1491,1492,3,Got there safely.,2022-10-17 04:08:27,2022-10
7100,9440,1491,585,5,"Easy pickup, no problems.",2022-02-22 04:59:31,2022-02
7101,9441,726,1491,5,Very clean car.,2022-08-21 11:35:15,2022-08
7102,9443,408,1491,3,"Great driver, very professional!",2022-05-18 12:12:02,2022-05
7103,9445,1491,1574,2,Took a longer route.,2023-06-16 01:50:35,2023-06
7104,9446,1491,1492,3,,2022-06-14 15:01:43,2022-06
7105,9446,1492,1491,4,,2022-06-14 15:47:43,2022-06
7106,9447,1491,1562,5,,2024-03-22 00:21:39,2024-03
7107,9449,1491,1776,5,"Quick and efficient, thanks!",2023-04-07 13:55:27,2023-04
7108,9450,1477,1491,4,Super friendly and helpful.,2023-10-14 01:19:31,2023-10
7109,9451,1472,1491,3,"Smooth ride, on time.",2022-06-10 09:49:16,2022-06
7110,9452,1491,1288,3,Fine driver.,2023-11-16 14:13:34,2023-11
7111,9452,1288,1491,4,Very clean car.,2023-11-16 15:36:34,2023-11
7112,9453,1491,1781,3,Average experience.,2024-06-15 00:58:03,2024-06
7113,9454,1491,439,2,,2022-07-25 17:19:45,2022-07
7114,9459,1491,1984,5,"Smooth ride, on time.",2023-05-15 03:04:41,2023-05
7115,9459,1984,1491,2,Super friendly and helpful.,2023-05-15 02:32:41,2023-05
7116,9460,1491,1544,3,Got there safely.,2024-05-03 08:55:31,2024-05
7117,9461,1662,132,5,Fast and safe driver.,2023-12-06 19:33:47,2023-12
7118,9464,1662,1105,5,,2023-09-29 20:11:54,2023-09
7119,9465,1662,162,4,"Quick and efficient, thanks!",2022-04-09 00:32:11,2022-04
7120,9465,162,1662,3,Very clean car.,2022-04-09 00:31:11,2022-04
7121,9466,1662,1812,4,Very courteous driver.,2023-04-22 11:22:43,2023-04
7122,9468,1662,1724,5,"Great rider, very polite.",2022-03-13 10:54:36,2022-03
7123,9468,1724,1662,3,Super friendly and helpful.,2022-03-13 10:14:36,2022-03
7124,9472,1662,782,4,"5 stars, highly recommend!",2022-11-23 09:16:48,2022-11
7125,9479,1662,1987,4,Loved the music selection!,2022-02-10 20:45:30,2022-02
7126,9481,1662,187,3,Fine driver.,2023-08-30 09:00:54,2023-08
7127,9482,1662,1755,3,"OK trip, nothing special.",2023-05-30 14:13:32,2023-05
7128,9482,1755,1662,4,Super friendly and helpful.,2023-05-30 15:12:32,2023-05
7129,9483,1662,1183,5,"Great rider, very polite.",2024-02-03 09:46:25,2024-02
7130,9484,1662,1443,3,Decent experience.,2022-04-16 16:44:29,2022-04
7131,9484,1443,1662,3,Very clean car.,2022-04-16 18:02:29,2022-04
7132,9486,1662,1948,5,,2022-06-30 19:22:32,2022-06
7133,9487,1662,376,4,,2022-05-07 16:09:11,2022-05
7134,9488,1662,494,5,,2022-03-26 14:50:59,2022-03
7135,9489,119,1662,4,"Excellent service, will ride again.",2022-05-28 07:55:50,2022-05
7136,9490,1662,789,3,"OK trip, nothing special.",2024-04-25 15:32:52,2024-04
7137,9490,789,1662,4,"Smooth ride, on time.",2024-04-25 15:52:52,2024-04
7138,9492,1662,1776,4,"Smooth ride, on time.",2023-09-18 10:02:49,2023-09
7139,9494,1662,833,4,,2023-04-26 12:31:04,2023-04
7140,9495,1662,485,4,,2022-05-31 02:28:42,2022-05
7141,9495,485,1662,4,Very clean car.,2022-05-31 02:31:42,2022-05
7142,9496,446,1662,3,"Excellent service, will ride again.",2023-05-03 07:15:04,2023-05
7143,9497,1662,1035,4,"5 stars, highly recommend!",2023-04-17 11:39:18,2023-04
7144,9504,451,328,3,Trip was okay.,2024-03-10 01:28:22,2024-03
7145,9504,328,451,4,"Smooth ride, on time.",2024-03-10 01:52:22,2024-03
7146,9505,451,1606,4,"Perfect trip, no issues.",2022-08-08 15:59:47,2022-08
7147,9509,451,1605,3,Acceptable ride.,2024-01-16 04:55:01,2024-01
7148,9512,451,1790,4,,2022-01-17 14:03:01,2022-01
7149,9513,451,104,3,,2022-10-19 15:18:13,2022-10
7150,9515,121,451,2,,2024-04-02 05:47:02,2024-04
7151,9516,1438,451,4,"Great driver, very professional!",2024-03-12 22:36:29,2024-03
7152,9517,451,324,5,Loved the music selection!,2022-05-17 13:23:35,2022-05
7153,9518,451,1684,4,"Perfect trip, no issues.",2023-12-28 16:06:22,2023-12
7154,9518,1684,451,4,"Great driver, very professional!",2023-12-28 17:51:22,2023-12
7155,9520,451,1724,4,"Great rider, very polite.",2023-10-24 08:41:48,2023-10
7156,9520,1724,451,5,,2023-10-24 10:21:48,2023-10
7157,9521,451,97,5,"Great driver, very professional!",2023-05-17 04:46:15,2023-05
7158,9521,97,451,4,"Excellent service, will ride again.",2023-05-17 04:13:15,2023-05
7159,9523,451,14,4,Fast and safe driver.,2022-03-13 06:00:56,2022-03
7160,9525,451,52,4,,2024-04-13 20:11:10,2024-04
7161,9525,52,451,4,"Smooth ride, on time.",2024-04-13 20:05:10,2024-04
7162,9528,451,1658,5,,2022-11-22 15:01:15,2022-11
7163,9530,1162,451,3,"Great driver, very professional!",2023-01-19 20:17:06,2023-01
7164,9531,104,451,3,"Excellent service, will ride again.",2024-03-31 16:06:24,2024-03
7165,9532,451,328,3,Acceptable ride.,2023-10-23 16:01:17,2023-10
7166,9532,328,451,4,Super friendly and helpful.,2023-10-23 16:48:17,2023-10
7167,9533,446,451,3,"Great driver, very professional!",2024-02-24 12:47:55,2024-02
7168,9534,451,376,4,,2022-03-28 11:01:30,2022-03
7169,9534,376,451,3,"Excellent service, will ride again.",2022-03-28 13:22:30,2022-03
7170,9537,451,1371,4,,2022-04-28 20:02:10,2022-04
7171,9537,1371,451,4,Super friendly and helpful.,2022-04-28 22:22:10,2022-04
7172,9539,451,932,4,,2023-11-10 10:18:00,2023-11
7173,9540,1865,451,4,Very clean car.,2024-06-04 12:58:08,2024-06
7174,9545,451,1471,2,Not very clean.,2024-06-20 21:20:58,2024-06
7175,9546,55,451,4,Super friendly and helpful.,2022-05-14 08:51:59,2022-05
7176,9547,451,1084,3,"OK trip, nothing special.",2024-02-18 20:23:40,2024-02
7177,9549,451,1403,5,,2024-06-25 13:54:56,2024-06
7178,9552,451,1336,4,"Great driver, very professional!",2023-11-09 14:07:09,2023-11
7179,9554,1736,451,2,Very clean car.,2022-12-23 05:08:51,2022-12
7180,9555,451,693,3,Got there safely.,2022-09-11 23:36:09,2022-09
7181,9556,451,1853,3,,2023-12-18 07:33:16,2023-12
7182,9556,1853,451,5,"Smooth ride, on time.",2023-12-18 08:04:16,2023-12
7183,9557,451,187,5,,2022-07-24 15:59:46,2022-07
7184,9557,187,451,3,Very clean car.,2022-07-24 16:55:46,2022-07
7185,9558,451,1509,5,,2022-07-26 13:52:53,2022-07
7186,9558,1509,451,3,"Excellent service, will ride again.",2022-07-26 13:10:53,2022-07
7187,9562,451,446,4,"Great rider, very polite.",2024-06-28 10:31:01,2024-06
7188,9563,1170,451,3,"Excellent service, will ride again.",2022-12-11 04:47:40,2022-12
7189,9564,451,1310,3,,2022-06-11 00:31:45,2022-06
7190,9566,451,1105,5,"Easy pickup, no problems.",2023-11-20 16:44:20,2023-11
7191,9567,451,328,3,Got there safely.,2022-03-29 08:03:18,2022-03
7192,9567,328,451,5,Very clean car.,2022-03-29 08:27:18,2022-03
7193,9568,451,1311,5,Very comfortable ride.,2024-01-25 06:24:12,2024-01
7194,9568,1311,451,3,Super friendly and helpful.,2024-01-25 08:22:12,2024-01
7195,9569,451,207,3,"OK trip, nothing special.",2022-09-04 02:50:26,2022-09
7196,9569,207,451,2,Very clean car.,2022-09-04 05:34:26,2022-09
7197,9570,451,194,4,,2023-08-07 03:49:31,2023-08
7198,9571,451,1472,3,,2022-01-26 22:14:36,2022-01
7199,9573,451,446,4,"Smooth ride, on time.",2023-12-23 18:02:13,2023-12
7200,9575,451,202,4,,2023-05-09 23:09:08,2023-05
7201,9576,451,1812,2,Took too long.,2023-10-17 19:38:57,2023-10
7202,9576,1812,451,2,"Excellent service, will ride again.",2023-10-17 21:19:57,2023-10
7203,9577,451,1343,4,Loved the music selection!,2022-05-03 09:06:15,2022-05
7204,9578,451,469,4,"Easy pickup, no problems.",2024-04-30 15:39:18,2024-04
7205,9578,469,451,3,Super friendly and helpful.,2024-04-30 15:47:18,2024-04
7206,9579,451,705,5,Car was spotless.,2024-02-02 13:05:18,2024-02
7207,9580,451,271,4,Loved the music selection!,2022-05-20 00:18:06,2022-05
7208,9581,131,451,3,Super friendly and helpful.,2023-12-28 09:58:15,2023-12
7209,9583,451,726,3,Nothing to complain about.,2023-03-08 11:42:09,2023-03
7210,9583,726,451,3,"Smooth ride, on time.",2023-03-08 13:11:09,2023-03
7211,9584,451,1128,3,,2024-03-18 04:28:27,2024-03
7212,9585,468,932,5,Fast and safe driver.,2022-12-19 19:01:17,2022-12
7213,9587,468,959,3,,2022-02-03 07:40:44,2022-02
7214,9587,959,468,4,,2022-02-03 08:37:44,2022-02
7215,9588,468,1956,4,,2023-04-09 14:38:36,2023-04
7216,9588,1956,468,3,"Smooth ride, on time.",2023-04-09 15:28:36,2023-04
7217,9589,1693,1811,3,,2022-02-17 09:48:45,2022-02
7218,9592,1504,318,3,"OK trip, nothing special.",2023-10-13 11:48:24,2023-10
7219,9593,1504,779,3,,2022-08-24 06:58:50,2022-08
7220,9593,779,1504,4,"Excellent service, will ride again.",2022-08-24 08:15:50,2022-08
7221,9594,1504,1243,4,"5 stars, highly recommend!",2022-03-20 23:39:22,2022-03
7222,9595,1941,1504,4,"Excellent service, will ride again.",2023-08-08 20:48:32,2023-08
7223,9596,1504,1947,4,Very courteous driver.,2022-11-29 12:06:29,2022-11
7224,9598,1504,1100,3,,2023-09-15 16:46:31,2023-09
7225,9598,1100,1504,2,Very clean car.,2023-09-15 16:44:31,2023-09
7226,9600,1504,1026,4,"Easy pickup, no problems.",2023-03-17 04:16:41,2023-03
7227,9600,1026,1504,3,Super friendly and helpful.,2023-03-17 04:41:41,2023-03
7228,9601,1504,323,3,,2023-12-25 05:02:52,2023-12
7229,9602,1504,1853,3,,2023-09-19 15:06:35,2023-09
7230,9604,1504,389,4,,2024-01-19 21:16:11,2024-01
7231,9605,1504,1336,4,"Easy pickup, no problems.",2023-03-23 18:19:44,2023-03
7232,9609,408,1504,4,"Great driver, very professional!",2023-07-16 06:30:05,2023-07
7233,9610,1504,1413,3,Got there safely.,2024-01-18 16:34:05,2024-01
7234,9611,1504,1713,5,"Great rider, very polite.",2023-02-12 09:43:49,2023-02
7235,9611,1713,1504,2,"Smooth ride, on time.",2023-02-12 09:52:49,2023-02
7236,9612,1504,389,4,,2022-04-22 12:20:32,2022-04
7237,9613,1504,434,4,Very comfortable ride.,2022-01-25 11:50:36,2022-01
7238,9614,793,665,3,,2024-01-15 05:27:03,2024-01
7239,9614,665,793,3,,2024-01-15 06:22:03,2024-01
7240,9615,792,1812,4,,2022-05-16 08:24:34,2022-05
7241,9616,898,432,3,Very clean car.,2022-07-05 13:14:47,2022-07
7242,9618,432,15,3,,2024-06-02 04:39:31,2024-06
7243,9618,15,432,3,"Great driver, very professional!",2024-06-02 05:31:31,2024-06
7244,9619,838,728,5,"Easy pickup, no problems.",2023-11-29 22:39:13,2023-11
7245,9620,838,1286,5,"Excellent service, will ride again.",2024-06-17 15:09:15,2024-06
7246,9621,838,1311,2,,2023-12-16 07:06:28,2023-12
7247,9622,838,1104,4,,2022-01-18 03:20:12,2022-01
7248,9623,838,1472,4,"Perfect trip, no issues.",2023-03-01 01:55:13,2023-03
7249,9623,1472,838,3,,2023-03-01 00:21:13,2023-03
7250,9624,290,1355,4,"5 stars, highly recommend!",2023-05-26 10:43:12,2023-05
7251,9625,290,593,4,,2024-04-18 08:25:58,2024-04
7252,9626,290,1196,3,,2023-12-01 12:33:16,2023-12
7253,9626,1196,290,5,Very clean car.,2023-12-01 12:43:16,2023-12
7254,9627,290,1544,5,,2024-01-24 20:06:49,2024-01
7255,9628,290,1853,4,Very clean car.,2023-10-31 20:45:02,2023-10
7256,9631,1943,1739,3,Trip was okay.,2024-03-22 06:14:15,2024-03
7257,9632,1943,1983,4,"Perfect trip, no issues.",2023-01-06 04:31:01,2023-01
7258,9632,1983,1943,4,"Great driver, very professional!",2023-01-06 04:40:01,2023-01
7259,9634,1943,1752,4,Fast and safe driver.,2024-01-22 01:20:49,2024-01
7260,9636,1943,969,3,Decent experience.,2022-01-25 21:35:48,2022-01
7261,9637,187,1943,2,"Great driver, very professional!",2022-08-30 13:29:39,2022-08
7262,9641,804,647,4,"Easy pickup, no problems.",2022-03-21 05:43:18,2022-03
7263,9641,647,804,3,Very clean car.,2022-03-21 05:12:18,2022-03
7264,9642,804,1590,4,,2023-08-25 05:05:47,2023-08
7265,9643,804,643,3,Fine driver.,2024-06-27 03:31:36,2024-06
7266,9645,804,1948,4,,2022-11-09 08:00:58,2022-11
7267,9647,804,328,3,,2022-03-19 11:45:18,2022-03
7268,9649,804,1267,4,"Quick and efficient, thanks!",2024-03-06 00:18:43,2024-03
7269,9650,804,898,3,,2023-06-04 20:28:42,2023-06
7270,9652,388,1497,5,"Quick and efficient, thanks!",2023-04-15 03:35:18,2023-04
7271,9653,388,334,3,,2022-12-20 06:53:00,2022-12
7272,9654,388,1981,5,,2022-06-16 11:33:19,2022-06
7273,9654,1981,388,5,"Smooth ride, on time.",2022-06-16 12:47:19,2022-06
7274,9656,1400,700,3,"Great driver, very professional!",2022-01-19 06:19:57,2022-01
7275,9657,1845,929,3,,2024-06-16 14:03:38,2024-06
7276,9657,929,1845,4,"Great driver, very professional!",2024-06-16 15:34:38,2024-06
7277,9659,371,645,5,"Quick and efficient, thanks!",2023-05-11 15:13:01,2023-05
7278,9660,371,1651,5,Car was spotless.,2024-06-09 16:28:28,2024-06
7279,9661,229,371,3,Very clean car.,2024-02-20 06:42:53,2024-02
7280,9664,371,1497,5,,2023-09-10 19:48:15,2023-09
7281,9666,1131,371,5,"Excellent service, will ride again.",2022-02-06 03:50:52,2022-02
7282,9667,371,1371,4,,2023-02-17 17:54:56,2023-02
7283,9668,371,1288,3,,2022-04-09 14:41:25,2022-04
7284,9669,371,776,3,,2024-01-09 00:53:36,2024-01
7285,9670,371,1410,5,,2022-05-14 05:45:05,2022-05
7286,9674,1085,1569,3,,2023-09-05 09:12:50,2023-09
7287,9675,1085,1999,5,"Perfect trip, no issues.",2022-03-16 02:49:58,2022-03
7288,9676,1085,176,3,,2022-09-18 11:01:56,2022-09
7289,9678,1759,14,4,Very clean car.,2022-02-27 05:34:57,2022-02
7290,9678,14,1759,4,"Smooth ride, on time.",2022-02-27 05:40:57,2022-02
7291,9681,1759,1206,4,,2022-11-15 06:29:27,2022-11
7292,9682,1949,199,4,Very comfortable ride.,2023-11-07 08:59:43,2023-11
7293,9683,1949,612,4,,2024-05-19 12:26:08,2024-05
7294,9684,1949,564,4,"Quick and efficient, thanks!",2023-06-26 10:21:05,2023-06
7295,9685,15,1949,2,"Excellent service, will ride again.",2022-11-28 16:00:11,2022-11
7296,9686,1949,125,2,Rough driving.,2023-02-01 14:16:10,2023-02
7297,9688,920,1949,2,"Smooth ride, on time.",2022-05-07 22:57:41,2022-05
7298,9690,1949,705,4,,2024-04-18 01:04:28,2024-04
7299,9692,1267,1949,2,,2022-04-22 21:01:24,2022-04
7300,9693,1995,1949,4,Super friendly and helpful.,2022-01-14 02:59:25,2022-01
7301,9694,1949,394,3,,2023-05-29 22:50:43,2023-05
7302,9695,1949,1371,4,,2022-11-27 20:43:39,2022-11
7303,9696,1044,1949,2,"Excellent service, will ride again.",2023-06-08 11:02:03,2023-06
7304,9699,1949,2,5,,2022-12-19 07:11:03,2022-12
7305,9700,1949,1839,4,,2022-01-20 19:28:11,2022-01
7306,9701,833,1949,4,"Excellent service, will ride again.",2022-09-23 09:38:27,2022-09
7307,9705,562,1356,4,"Smooth ride, on time.",2023-10-07 11:25:54,2023-10
7308,9709,1291,439,4,"Great rider, very polite.",2023-05-07 18:04:49,2023-05
7309,9709,439,1291,3,"Great driver, very professional!",2023-05-07 18:56:49,2023-05
7310,9710,1037,201,5,,2024-04-13 21:40:45,2024-04
7311,9711,1037,1841,4,Loved the music selection!,2022-10-10 20:56:06,2022-10
7312,9715,1037,690,4,,2023-07-30 19:14:09,2023-07
7313,9719,1405,1134,3,Nothing to complain about.,2022-10-21 02:11:39,2022-10
7314,9720,454,408,4,"Great driver, very professional!",2024-03-04 11:37:30,2024-03
7315,9721,363,1984,3,Got there safely.,2023-04-28 13:29:16,2023-04
7316,9724,1865,1583,3,Super friendly and helpful.,2022-06-27 20:46:38,2022-06
7317,9726,1583,1141,4,,2023-04-08 12:23:19,2023-04
7318,9727,1583,647,4,Loved the music selection!,2023-09-30 16:44:15,2023-09
7319,9727,647,1583,5,Super friendly and helpful.,2023-09-30 17:12:15,2023-09
7320,9728,1583,553,5,,2022-01-20 16:03:16,2022-01
7321,9731,1583,1532,4,,2022-07-16 22:14:20,2022-07
7322,9731,1532,1583,4,"Smooth ride, on time.",2022-07-16 23:54:20,2022-07
7323,9732,1583,1288,1,,2023-12-26 00:51:58,2023-12
7324,9733,959,1583,3,"Smooth ride, on time.",2023-02-12 23:54:50,2023-02
7325,9734,1583,52,3,Got there safely.,2022-08-20 02:28:47,2022-08
7326,9735,1583,1286,3,Decent experience.,2024-03-17 12:57:23,2024-03
7327,9736,1583,1991,4,,2023-12-11 20:38:11,2023-12
7328,9736,1991,1583,3,"Excellent service, will ride again.",2023-12-11 21:38:11,2023-12
7329,9738,1739,1583,4,"Excellent service, will ride again.",2022-09-14 10:05:59,2022-09
7330,9740,1583,1041,5,"5 stars, highly recommend!",2023-06-05 22:54:05,2023-06
7331,9741,248,1583,4,"Smooth ride, on time.",2022-10-19 12:38:49,2022-10
7332,9743,1583,1011,3,Trip was okay.,2022-04-07 05:24:30,2022-04
7333,9744,1583,602,3,Average experience.,2023-06-18 13:05:07,2023-06
7334,9745,1583,1060,4,,2022-01-30 15:33:05,2022-01
7335,9748,1583,412,3,,2022-06-04 02:24:22,2022-06
7336,9750,1583,286,5,,2022-01-10 10:10:36,2022-01
7337,9751,1293,1583,2,"Smooth ride, on time.",2022-05-14 04:45:08,2022-05
7338,9752,1583,1380,5,"Great driver, very professional!",2023-12-18 05:57:13,2023-12
7339,9755,1583,891,3,,2024-04-09 16:02:39,2024-04
7340,9755,891,1583,4,"Great driver, very professional!",2024-04-09 16:31:39,2024-04
7341,9756,1583,1248,4,Super friendly and helpful.,2022-02-28 11:29:18,2022-02
7342,9757,1583,52,5,,2023-05-12 00:49:57,2023-05
7343,9758,1583,742,3,,2022-04-22 03:00:47,2022-04
7344,9759,1583,1324,3,,2022-03-04 13:10:32,2022-03
7345,9760,1828,1583,3,"Great driver, very professional!",2023-03-02 05:18:18,2023-03
7346,9761,1044,1583,5,Very clean car.,2024-06-02 07:13:41,2024-06
7347,9764,1583,62,1,Car smelled bad.,2024-01-19 13:07:04,2024-01
7348,9764,62,1583,4,Very clean car.,2024-01-19 12:06:04,2024-01
7349,9765,1583,235,4,,2022-02-12 14:02:38,2022-02
7350,9767,1583,1555,4,Very clean car.,2022-11-12 19:43:00,2022-11
7351,9767,1555,1583,4,,2022-11-12 19:46:00,2022-11
7352,9769,1583,194,4,"5 stars, highly recommend!",2022-10-17 09:35:07,2022-10
7353,9769,194,1583,4,"Excellent service, will ride again.",2022-10-17 08:28:07,2022-10
7354,9772,1991,1583,3,"Smooth ride, on time.",2022-08-03 12:24:55,2022-08
7355,9773,158,15,3,,2022-08-07 11:50:47,2022-08
7356,9774,158,494,4,"Great rider, very polite.",2024-04-27 21:42:13,2024-04
7357,9775,158,1477,3,,2022-11-20 20:07:32,2022-11
7358,9776,158,1461,5,,2022-10-10 18:48:32,2022-10
7359,9778,158,351,3,"OK trip, nothing special.",2023-01-30 04:06:03,2023-01
7360,9778,351,158,5,"Smooth ride, on time.",2023-01-30 03:02:03,2023-01
7361,9781,158,324,5,Loved the music selection!,2022-02-02 06:12:01,2022-02
7362,9781,324,158,3,,2022-02-02 06:55:01,2022-02
7363,9783,1562,158,3,"Smooth ride, on time.",2023-09-26 11:53:00,2023-09
7364,9784,158,929,5,Super friendly and helpful.,2022-06-06 20:50:01,2022-06
7365,9786,235,158,3,"Smooth ride, on time.",2023-08-11 05:32:49,2023-08
7366,9787,158,44,4,,2024-06-13 07:34:07,2024-06
7367,9788,158,919,5,"Perfect trip, no issues.",2023-04-15 22:23:13,2023-04
7368,9788,919,158,4,Super friendly and helpful.,2023-04-15 21:08:13,2023-04
7369,9789,158,665,3,,2023-04-02 14:59:17,2023-04
7370,9790,201,158,4,"Excellent service, will ride again.",2023-05-20 06:44:47,2023-05
7371,9791,158,612,3,,2023-01-17 14:51:22,2023-01
7372,9793,158,1181,5,,2022-03-01 01:02:42,2022-03
7373,9793,1181,158,3,"Great driver, very professional!",2022-03-01 02:01:42,2022-03
7374,9794,158,564,5,"Great driver, very professional!",2022-06-18 09:56:28,2022-06
7375,9795,158,1243,5,"Excellent service, will ride again.",2023-11-16 11:54:10,2023-11
7376,9796,158,1091,3,,2022-07-24 14:24:03,2022-07
7377,9796,1091,158,3,"Smooth ride, on time.",2022-07-24 14:35:03,2022-07
7378,9798,158,125,3,Got there safely.,2023-07-08 21:54:44,2023-07
7379,9800,158,777,4,,2022-07-02 04:11:17,2022-07
7380,9800,777,158,3,Very clean car.,2022-07-02 04:42:17,2022-07
7381,9801,158,338,4,,2023-08-31 03:51:14,2023-08
7382,9802,194,158,2,Very clean car.,2024-06-12 21:02:33,2024-06
7383,9807,393,158,4,"Excellent service, will ride again.",2023-10-15 07:29:32,2023-10
7384,9808,158,1853,3,,2024-02-07 21:45:08,2024-02
7385,9809,1373,158,4,Very clean car.,2022-05-07 09:09:06,2022-05
7386,9811,158,1108,5,,2022-07-12 09:58:00,2022-07
7387,9812,158,1023,3,Average experience.,2023-01-08 23:52:51,2023-01
7388,9812,1023,158,3,"Excellent service, will ride again.",2023-01-09 00:49:51,2023-01
7389,9813,158,66,4,"Great rider, very polite.",2022-06-06 10:43:57,2022-06
7390,9814,158,842,4,,2023-06-21 00:09:42,2023-06
7391,9817,1131,158,3,"Great driver, very professional!",2023-01-19 22:47:00,2023-01
7392,9818,158,1162,5,,2024-02-01 19:37:11,2024-02
7393,9818,1162,158,3,"Excellent service, will ride again.",2024-02-01 20:56:11,2024-02
7394,9819,158,1141,5,,2024-05-07 07:29:50,2024-05
7395,9823,158,741,4,,2024-01-01 06:49:28,2024-01
7396,9824,158,1331,4,"Great rider, very polite.",2022-10-06 07:51:31,2022-10
7397,9825,158,1461,5,Very clean car.,2023-03-29 17:15:52,2023-03
7398,9826,158,1700,4,Very clean car.,2022-04-11 03:17:53,2022-04
7399,9828,158,2,4,Super friendly and helpful.,2022-08-19 12:47:45,2022-08
7400,9829,748,1797,5,"Excellent service, will ride again.",2024-03-05 01:02:08,2024-03
7401,9831,1797,1981,5,,2023-12-01 01:19:13,2023-12
7402,9833,1797,1830,4,,2024-06-21 05:37:14,2024-06
7403,9833,1830,1797,3,"Excellent service, will ride again.",2024-06-21 04:35:14,2024-06
7404,9835,1797,89,4,"Great rider, very polite.",2023-08-31 03:37:33,2023-08
7405,9836,1797,1373,4,,2022-02-12 05:25:27,2022-02
7406,9837,1797,1983,4,Car was spotless.,2022-09-07 07:28:22,2022-09
7407,9839,1797,434,5,,2024-04-04 12:05:19,2024-04
7408,9842,1797,293,4,,2024-03-26 23:17:46,2024-03
7409,9843,748,1797,3,"Smooth ride, on time.",2023-09-10 14:14:42,2023-09
7410,9844,1797,1590,4,,2022-12-12 12:17:04,2022-12
7411,9845,1797,323,4,"Perfect trip, no issues.",2023-08-10 22:34:34,2023-08
7412,9846,1797,553,5,,2024-06-04 14:01:08,2024-06
7413,9846,553,1797,3,Very clean car.,2024-06-04 15:22:08,2024-06
7414,9847,1797,1894,2,Had trouble finding the pickup spot.,2024-05-02 03:54:59,2024-05
7415,9848,1797,1196,2,Driver was late.,2022-12-24 18:22:35,2022-12
7416,9852,882,162,5,,2022-03-03 13:54:24,2022-03
7417,9855,882,1207,5,"5 stars, highly recommend!",2023-02-10 20:02:11,2023-02
7418,9856,882,15,5,"Easy pickup, no problems.",2024-01-08 11:38:08,2024-01
7419,9857,882,1472,4,"Smooth ride, on time.",2023-10-17 15:06:56,2023-10
7420,9859,882,194,4,"Smooth ride, on time.",2023-02-18 22:42:07,2023-02
7421,9861,882,553,4,,2022-09-24 21:20:10,2022-09
7422,9861,553,882,3,Very clean car.,2022-09-24 23:09:10,2022-09
7423,9862,882,14,4,Very clean car.,2023-03-10 04:19:58,2023-03
7424,9863,882,1410,5,Very courteous driver.,2022-02-16 03:09:37,2022-02
7425,9864,882,452,4,,2022-07-27 14:44:22,2022-07
7426,9864,452,882,3,"Smooth ride, on time.",2022-07-27 14:56:22,2022-07
7427,9865,882,448,3,,2023-07-25 09:42:01,2023-07
7428,9865,448,882,3,,2023-07-25 10:36:01,2023-07
7429,9866,882,235,4,"Quick and efficient, thanks!",2022-11-05 11:19:34,2022-11
7430,9867,882,1965,2,Driver was rude.,2023-09-29 17:00:34,2023-09
7431,9867,1965,882,3,"Great driver, very professional!",2023-09-29 16:48:34,2023-09
7432,9868,882,1400,3,Fine driver.,2024-01-20 08:00:16,2024-01
7433,9869,882,202,4,"Perfect trip, no issues.",2024-05-07 07:05:19,2024-05
7434,9869,202,882,4,Super friendly and helpful.,2024-05-07 09:34:19,2024-05
7435,9874,882,488,4,Super friendly and helpful.,2022-04-01 02:30:04,2022-04
7436,9874,488,882,4,"Smooth ride, on time.",2022-04-01 03:39:04,2022-04
7437,9875,882,1044,4,Car was spotless.,2022-07-07 07:49:16,2022-07
7438,9875,1044,882,4,"Excellent service, will ride again.",2022-07-07 08:12:16,2022-07
7439,9876,882,585,5,,2023-12-31 20:36:46,2023-12
7440,9877,882,1394,3,Average experience.,2022-03-04 07:15:33,2022-03
7441,9877,1394,882,3,"Great driver, very professional!",2022-03-04 07:54:33,2022-03
7442,9878,882,645,4,,2023-08-06 05:22:34,2023-08
7443,9880,882,452,4,,2024-03-06 18:46:47,2024-03
7444,9881,882,1413,4,,2023-10-02 09:57:01,2023-10
7445,9882,882,920,4,"Great rider, very polite.",2023-11-22 06:50:21,2023-11
7446,9883,882,1941,3,,2022-06-15 17:18:21,2022-06
7447,9884,1825,882,3,Super friendly and helpful.,2024-05-09 01:50:50,2024-05
7448,9887,882,883,5,,2023-08-30 00:23:46,2023-08
7449,9887,883,882,4,,2023-08-29 23:42:46,2023-08
7450,9888,1999,882,4,"Smooth ride, on time.",2023-07-02 00:06:22,2023-07
7451,9889,882,118,4,,2024-06-19 18:19:24,2024-06
7452,9889,118,882,3,,2024-06-19 20:21:24,2024-06
7453,9892,882,190,3,,2023-11-09 23:17:18,2023-11
7454,9894,882,502,4,,2024-02-29 22:33:19,2024-02
7455,9895,882,1310,3,Nothing to complain about.,2024-02-13 16:58:46,2024-02
7456,9898,882,131,4,,2023-10-23 07:29:10,2023-10
7457,9901,882,66,3,"OK trip, nothing special.",2022-08-06 06:55:46,2022-08
7458,9902,882,1558,3,Acceptable ride.,2023-03-26 01:27:30,2023-03
7459,9904,882,1948,4,"Excellent service, will ride again.",2023-01-29 13:10:05,2023-01
7460,9904,1948,882,3,Very clean car.,2023-01-29 14:11:05,2023-01
7461,9906,882,1562,5,"Quick and efficient, thanks!",2022-12-23 22:23:52,2022-12
7462,9909,882,1352,4,,2022-07-31 12:25:42,2022-07
7463,9910,882,271,5,,2022-03-24 06:29:09,2022-03
7464,9910,271,882,5,Very clean car.,2022-03-24 08:48:09,2022-03
7465,9911,643,882,3,"Smooth ride, on time.",2024-02-24 00:18:29,2024-02
7466,9914,882,1135,4,"Excellent service, will ride again.",2023-03-21 20:33:54,2023-03
7467,9918,882,974,4,,2022-11-11 19:48:40,2022-11
7468,9920,882,146,4,,2023-11-19 14:38:51,2023-11
7469,9920,146,882,3,,2023-11-19 13:54:51,2023-11
7470,9921,882,1427,3,Fine driver.,2023-10-10 05:48:36,2023-10
7471,9922,882,1984,4,"Easy pickup, no problems.",2024-04-30 11:21:42,2024-04
7472,9922,1984,882,4,"Great driver, very professional!",2024-04-30 13:35:42,2024-04
7473,9924,882,643,4,Very courteous driver.,2022-06-12 08:28:19,2022-06
7474,9925,882,1828,5,,2023-05-30 05:35:06,2023-05
7475,9926,430,882,5,,2023-09-22 11:46:58,2023-09
7476,9928,882,1438,3,Fine driver.,2022-10-11 13:32:11,2022-10
7477,9929,882,608,4,,2023-01-23 19:41:39,2023-01
7478,9930,882,664,3,Average experience.,2023-10-25 00:06:51,2023-10
7479,9931,882,1933,3,,2023-02-07 11:29:35,2023-02
7480,9931,1933,882,3,"Great driver, very professional!",2023-02-07 11:54:35,2023-02
7481,9934,882,570,5,Super friendly and helpful.,2024-05-29 10:39:24,2024-05
7482,9935,882,1828,4,"Great rider, very polite.",2024-06-15 01:01:11,2024-06
7483,9936,882,986,4,"Smooth ride, on time.",2023-10-04 18:55:46,2023-10
7484,9936,986,882,4,"Excellent service, will ride again.",2023-10-04 20:36:46,2023-10
7485,9938,882,515,2,,2024-05-20 01:32:40,2024-05
7486,9939,969,882,4,,2022-10-01 22:44:29,2022-10
7487,9940,882,1548,4,"Smooth ride, on time.",2023-12-02 10:22:58,2023-12
7488,9942,1430,268,2,Super friendly and helpful.,2022-08-16 08:30:23,2022-08
7489,9944,1361,1302,4,,2024-01-16 09:46:46,2024-01
7490,9944,1302,1361,4,,2024-01-16 10:06:46,2024-01
7491,9945,1361,645,5,"Quick and efficient, thanks!",2023-12-07 03:59:10,2023-12
7492,9946,1361,608,4,Very clean car.,2022-09-07 04:09:02,2022-09
7493,9948,1104,918,5,"Great driver, very professional!",2023-07-28 13:30:40,2023-07
7494,9950,396,446,4,,2023-02-19 00:51:29,2023-02
7495,9951,396,1841,4,,2023-08-19 17:06:26,2023-08
7496,9951,1841,396,3,Very clean car.,2023-08-19 16:23:26,2023-08
7497,9952,396,448,4,,2024-01-09 07:59:06,2024-01
7498,9956,396,448,5,,2023-10-23 07:32:05,2023-10
7499,9960,396,1562,5,,2023-04-24 18:59:08,2023-04
7500,9960,1562,396,4,Very clean car.,2023-04-24 19:55:08,2023-04
7501,9961,396,1088,3,Decent experience.,2022-11-25 06:15:56,2022-11
7502,9963,396,977,3,,2023-08-08 09:05:30,2023-08
7503,9963,977,396,3,Very clean car.,2023-08-08 09:25:30,2023-08
7504,9964,396,324,5,"Great driver, very professional!",2023-05-25 13:19:11,2023-05
7505,9967,396,1607,4,,2023-11-14 14:26:34,2023-11
7506,9973,396,446,5,,2024-05-26 05:15:55,2024-05
7507,9974,396,1293,3,Acceptable ride.,2024-02-02 11:43:58,2024-02
7508,9976,396,229,5,Car was spotless.,2022-06-28 00:15:46,2022-06
7509,9976,229,396,3,"Excellent service, will ride again.",2022-06-27 22:45:46,2022-06
7510,9978,396,1544,5,"Great rider, very polite.",2023-03-19 23:22:28,2023-03
7511,9980,396,1828,5,Very courteous driver.,2023-06-23 22:20:23,2023-06
7512,9983,396,693,4,,2023-10-25 13:09:22,2023-10
7513,9983,693,396,3,"Great driver, very professional!",2023-10-25 14:01:22,2023-10
7514,9984,396,1890,4,Loved the music selection!,2023-03-11 22:09:14,2023-03
7515,9985,396,959,4,"Quick and efficient, thanks!",2024-02-11 21:17:22,2024-02
7516,9986,396,891,5,,2023-07-22 22:35:13,2023-07
7517,9987,396,179,4,Loved the music selection!,2023-04-17 08:35:08,2023-04
7518,9987,179,396,3,"Smooth ride, on time.",2023-04-17 07:15:08,2023-04
7519,9988,396,645,4,Super friendly and helpful.,2024-04-17 00:38:18,2024-04
7520,9989,396,229,2,,2023-05-14 15:12:49,2023-05
7521,9990,1221,396,3,Super friendly and helpful.,2023-05-21 13:33:50,2023-05
7522,9991,396,187,3,,2023-07-16 07:17:08,2023-07
7523,9991,187,396,4,"Smooth ride, on time.",2023-07-16 08:43:08,2023-07
7524,9993,396,120,2,,2023-07-24 19:13:18,2023-07
7525,9994,282,376,4,,2023-12-24 05:44:31,2023-12
7526,9996,282,1461,3,Average experience.,2022-11-17 21:13:30,2022-11
7527,10000,1999,1766,3,"Smooth ride, on time.",2024-02-08 11:39:44,2024-02
7528,10003,1301,1766,3,"Excellent service, will ride again.",2023-06-08 15:54:06,2023-06
7529,10005,1766,1427,5,Super friendly and helpful.,2022-10-29 00:19:24,2022-10
7530,10006,319,1766,2,Very clean car.,2022-11-14 02:08:18,2022-11
7531,10008,1928,1104,4,,2024-01-23 22:12:21,2024-01
7532,10009,1928,1243,4,"Great rider, very polite.",2022-10-05 10:14:09,2022-10
7533,10010,1928,1461,4,Super friendly and helpful.,2022-12-14 12:33:47,2022-12
7534,10010,1461,1928,3,Super friendly and helpful.,2022-12-14 11:31:47,2022-12
7535,10012,1928,1894,2,,2023-07-03 23:34:49,2023-07
7536,10014,5,1928,3,Super friendly and helpful.,2024-05-29 19:41:55,2024-05
7537,10015,1928,1654,5,,2022-11-06 06:48:36,2022-11
7538,10016,1928,645,4,,2022-06-22 18:47:39,2022-06
7539,10017,1928,439,3,Acceptable ride.,2023-02-10 01:59:28,2023-02
7540,10018,1928,1170,3,,2022-12-09 17:40:39,2022-12
7541,10018,1170,1928,3,Very clean car.,2022-12-09 18:13:39,2022-12
7542,10020,1764,1928,4,"Great driver, very professional!",2022-04-16 17:29:17,2022-04
7543,10021,1928,258,3,Got there safely.,2023-02-26 22:57:47,2023-02
7544,10022,1928,1947,4,,2023-04-16 10:46:31,2023-04
7545,10023,1928,334,3,,2023-03-04 11:00:14,2023-03
7546,10023,334,1928,3,"Great driver, very professional!",2023-03-04 12:45:14,2023-03
7547,10025,1928,55,5,Very courteous driver.,2022-07-28 12:03:49,2022-07
7548,10025,55,1928,3,Super friendly and helpful.,2022-07-28 12:25:49,2022-07
7549,10027,374,878,3,Average experience.,2024-03-22 23:08:37,2024-03
7550,10028,374,1139,3,Nothing to complain about.,2023-12-31 22:53:34,2023-12
7551,10030,1174,1331,3,Average experience.,2022-05-21 05:11:29,2022-05
7552,10031,1174,782,4,,2023-06-18 15:18:56,2023-06
7553,10032,1181,1174,3,"Excellent service, will ride again.",2022-09-09 08:11:54,2022-09
7554,10033,1369,969,3,,2022-03-14 18:10:46,2022-03
7555,10033,969,1369,4,"Great driver, very professional!",2022-03-14 17:56:46,2022-03
7556,10034,1369,564,5,,2022-09-14 15:59:27,2022-09
7557,10034,564,1369,2,"Great driver, very professional!",2022-09-14 16:06:27,2022-09
7558,10038,1564,1369,2,"Smooth ride, on time.",2022-06-15 20:24:43,2022-06
7559,10039,1369,1548,4,,2024-04-30 11:02:32,2024-04
7560,10039,1548,1369,5,"Excellent service, will ride again.",2024-04-30 11:55:32,2024-04
7561,10040,1369,1471,3,,2022-07-31 09:42:47,2022-07
7562,10043,1369,1752,4,,2024-04-27 02:06:23,2024-04
7563,10047,61,146,4,,2022-01-07 04:43:40,2022-01
7564,10051,961,458,5,,2022-09-18 12:18:44,2022-09
7565,10052,1077,1243,3,,2024-05-26 01:09:21,2024-05
7566,10054,1077,5,4,,2024-01-10 23:01:39,2024-01
7567,10055,1077,1131,5,,2024-06-11 03:23:20,2024-06
7568,10057,1077,969,3,,2022-04-09 01:40:42,2022-04
7569,10057,969,1077,3,,2022-04-09 01:45:42,2022-04
7570,10060,1077,1310,5,,2024-03-10 12:48:56,2024-03
7571,10061,1077,867,4,"Great rider, very polite.",2024-05-31 11:38:02,2024-05
7572,10063,1077,2,5,Fast and safe driver.,2023-04-17 08:11:14,2023-04
7573,10064,1077,1869,4,,2022-05-29 16:53:44,2022-05
7574,10065,1077,1400,5,Loved the music selection!,2022-08-31 09:38:11,2022-08
7575,10066,1077,125,3,,2023-06-16 12:34:47,2023-06
7576,10068,1077,1981,3,Got there safely.,2022-06-10 00:31:16,2022-06
7577,10069,1814,1077,3,Super friendly and helpful.,2022-03-27 19:59:40,2022-03
7578,10070,1077,647,4,"Perfect trip, no issues.",2024-01-07 11:51:59,2024-01
7579,10070,647,1077,4,,2024-01-07 11:52:59,2024-01
7580,10078,997,1077,4,"Smooth ride, on time.",2024-01-01 23:05:52,2024-01
7581,10082,1077,1437,5,,2023-07-18 07:29:43,2023-07
7582,10083,1077,430,5,Fast and safe driver.,2023-11-13 04:21:42,2023-11
7583,10083,430,1077,2,Super friendly and helpful.,2023-11-13 05:44:42,2023-11
7584,10085,1077,1472,5,"Perfect trip, no issues.",2022-09-16 09:50:30,2022-09
7585,10088,1077,2,4,,2023-06-13 21:07:52,2023-06
7586,10088,2,1077,3,,2023-06-13 21:25:52,2023-06
7587,10090,1077,1286,4,,2022-04-04 00:51:51,2022-04
7588,10090,1286,1077,3,"Great driver, very professional!",2022-04-04 00:56:51,2022-04
7589,10092,1077,941,4,"5 stars, highly recommend!",2022-02-24 07:23:08,2022-02
7590,10093,1077,510,4,,2023-01-22 17:23:53,2023-01
7591,10094,1077,1286,4,,2023-12-25 12:42:37,2023-12
7592,10094,1286,1077,3,"Smooth ride, on time.",2023-12-25 13:31:37,2023-12
7593,10095,1077,1099,4,"Easy pickup, no problems.",2023-11-09 21:04:39,2023-11
7594,10095,1099,1077,4,,2023-11-09 22:19:39,2023-11
7595,10098,1077,1853,3,Average experience.,2022-08-03 17:32:59,2022-08
7596,10100,1739,1077,3,"Excellent service, will ride again.",2022-01-14 14:35:10,2022-01
7597,10101,1077,1135,4,,2023-05-21 16:12:25,2023-05
7598,10102,1077,1828,4,,2022-03-27 01:16:34,2022-03
7599,10103,1077,1131,4,Car was spotless.,2023-02-01 23:24:06,2023-02
7600,10105,1077,1765,5,,2022-02-04 10:57:06,2022-02
7601,10107,1077,1830,3,Nothing to complain about.,2023-05-14 09:22:28,2023-05
7602,10107,1830,1077,3,"Great driver, very professional!",2023-05-14 09:00:28,2023-05
7603,10108,1077,932,4,,2022-10-31 13:33:56,2022-10
7604,10111,1077,957,4,,2023-08-08 12:24:00,2023-08
7605,10112,1077,1775,5,,2024-02-02 06:17:51,2024-02
7606,10117,1755,1077,4,,2023-08-27 22:02:19,2023-08
7607,10118,1077,1584,5,,2023-03-27 11:24:03,2023-03
7608,10119,1077,2,5,Very courteous driver.,2022-10-30 18:32:37,2022-10
7609,10120,1077,1170,4,"Excellent service, will ride again.",2023-10-11 02:20:43,2023-10
7610,10121,248,1077,3,"Excellent service, will ride again.",2022-11-19 23:43:37,2022-11
7611,10124,1077,286,5,,2024-02-16 08:08:56,2024-02
7612,10125,1292,389,3,"OK trip, nothing special.",2023-09-14 03:20:43,2023-09
7613,10125,389,1292,5,Super friendly and helpful.,2023-09-14 05:08:43,2023-09
7614,10128,1217,919,5,,2022-03-15 04:23:11,2022-03
7615,10129,1217,1105,5,Super friendly and helpful.,2024-02-20 02:18:45,2024-02
7616,10129,1105,1217,4,"Excellent service, will ride again.",2024-02-20 02:05:45,2024-02
7617,10131,826,146,4,"Easy pickup, no problems.",2023-10-29 11:59:51,2023-10
7618,10132,1916,119,4,,2022-04-02 16:28:30,2022-04
7619,10132,119,1916,2,,2022-04-02 16:18:30,2022-04
7620,10133,1916,1981,4,"Easy pickup, no problems.",2024-04-23 15:05:29,2024-04
7621,10134,1916,1302,5,Loved the music selection!,2024-01-18 16:24:55,2024-01
7622,10136,1916,1450,3,,2023-12-25 23:57:00,2023-12
7623,10138,1607,1916,4,Super friendly and helpful.,2023-02-18 04:39:06,2023-02
7624,10140,1916,645,5,"Perfect trip, no issues.",2022-08-29 07:28:01,2022-08
7625,10142,1916,1427,3,Nothing to complain about.,2022-10-22 06:45:48,2022-10
7626,10143,1916,1965,4,,2022-05-23 23:41:13,2022-05
7627,10144,1916,542,4,,2022-11-17 03:24:26,2022-11
7628,10149,1916,1492,5,"Great driver, very professional!",2024-05-05 05:41:24,2024-05
7629,10149,1492,1916,3,,2024-05-05 07:55:24,2024-05
7630,10152,861,286,4,,2023-09-04 20:47:43,2023-09
7631,10153,861,1826,4,Car was spotless.,2023-08-17 08:00:06,2023-08
7632,10156,757,920,3,"OK trip, nothing special.",2023-09-19 22:18:19,2023-09
7633,10159,757,1937,4,,2024-04-08 09:07:40,2024-04
7634,10159,1937,757,3,"Great driver, very professional!",2024-04-08 10:11:40,2024-04
7635,10162,1060,950,4,,2023-08-22 16:09:02,2023-08
7636,10164,950,52,5,"Perfect trip, no issues.",2023-01-27 20:59:19,2023-01
7637,10167,1562,950,3,"Great driver, very professional!",2023-06-28 02:43:09,2023-06
7638,10168,950,1438,3,Fine driver.,2022-07-16 17:17:49,2022-07
7639,10168,1438,950,3,Very clean car.,2022-07-16 17:02:49,2022-07
7640,10169,950,1310,3,Got there safely.,2023-01-04 06:23:21,2023-01
7641,10170,950,1044,3,,2023-02-15 02:22:52,2023-02
7642,10173,950,1040,4,"Smooth ride, on time.",2024-06-26 20:05:27,2024-06
7643,10175,950,759,3,Nothing to complain about.,2024-06-08 08:47:38,2024-06
7644,10175,759,950,3,Super friendly and helpful.,2024-06-08 09:42:38,2024-06
7645,10176,950,1869,4,,2022-03-04 14:23:24,2022-03
7646,10178,904,833,4,,2022-10-22 00:55:20,2022-10
7647,10179,904,571,4,,2022-10-28 13:46:37,2022-10
7648,10180,904,224,5,,2022-01-27 12:56:29,2022-01
7649,10180,224,904,3,"Smooth ride, on time.",2022-01-27 14:28:29,2022-01
7650,10181,1437,904,1,"Smooth ride, on time.",2023-11-15 07:46:02,2023-11
7651,10182,472,904,4,Super friendly and helpful.,2023-05-21 23:33:47,2023-05
7652,10183,477,904,3,"Excellent service, will ride again.",2022-12-08 18:22:23,2022-12
7653,10184,904,14,3,Trip was okay.,2023-11-14 05:24:33,2023-11
7654,10185,1981,904,3,"Great driver, very professional!",2022-04-12 20:31:33,2022-04
7655,10189,904,1693,4,,2023-09-26 23:30:58,2023-09
7656,10189,1693,904,4,"Great driver, very professional!",2023-09-26 22:16:58,2023-09
7657,10190,904,643,5,,2022-09-02 04:17:15,2022-09
7658,10190,643,904,4,Super friendly and helpful.,2022-09-02 03:57:15,2022-09
7659,10191,461,904,4,Super friendly and helpful.,2023-02-19 11:19:37,2023-02
7660,10192,904,1352,3,Fine driver.,2024-01-26 09:04:48,2024-01
7661,10193,293,904,4,"Smooth ride, on time.",2022-04-16 08:55:28,2022-04
7662,10194,904,1640,4,"Quick and efficient, thanks!",2024-03-19 12:17:43,2024-03
7663,10197,904,891,4,"Great driver, very professional!",2023-04-21 06:33:04,2023-04
7664,10197,891,904,2,"Great driver, very professional!",2023-04-21 08:33:04,2023-04
7665,10199,1550,121,3,Fine driver.,2022-10-27 18:30:08,2022-10
7666,10202,63,450,3,Average experience.,2023-10-29 06:25:04,2023-10
7667,10204,1398,1084,2,,2022-05-19 07:10:27,2022-05
7668,10205,1397,1398,3,"Excellent service, will ride again.",2023-02-19 09:51:56,2023-02
7669,10211,1398,664,3,Got there safely.,2023-03-31 03:54:46,2023-03
7670,10212,1605,1398,4,"Smooth ride, on time.",2023-04-20 23:58:11,2023-04
7671,10214,1371,1398,4,"Smooth ride, on time.",2023-12-25 22:42:05,2023-12
7672,10216,1398,1741,2,,2022-10-25 04:02:44,2022-10
7673,10216,1741,1398,3,,2022-10-25 04:09:44,2022-10
7674,10217,1398,1724,4,,2024-06-21 15:18:30,2024-06
7675,10218,1398,97,3,,2024-06-15 13:02:08,2024-06
7676,10221,1398,1035,4,,2024-03-18 11:33:12,2024-03
7677,10221,1035,1398,3,"Excellent service, will ride again.",2024-03-18 13:00:12,2024-03
7678,10222,1398,1210,3,Nothing to complain about.,2022-02-03 14:26:11,2022-02
7679,10223,1398,1993,3,,2022-12-23 09:14:04,2022-12
7680,10226,1398,1869,3,Average experience.,2023-05-10 18:28:40,2023-05
7681,10227,1398,1026,5,Fast and safe driver.,2023-04-17 20:59:18,2023-04
7682,10228,1398,1477,4,"Excellent service, will ride again.",2022-08-10 13:10:33,2022-08
7683,10229,1398,24,4,,2022-07-21 18:33:26,2022-07
7684,10230,834,1398,3,Super friendly and helpful.,2022-04-12 22:37:45,2022-04
7685,10236,1398,1248,4,Fast and safe driver.,2022-05-20 21:05:18,2022-05
7686,10239,763,585,5,"Easy pickup, no problems.",2022-04-06 17:17:47,2022-04
7687,10242,763,1653,3,Trip was okay.,2023-11-04 19:34:37,2023-11
7688,10244,763,44,3,,2023-01-30 05:33:35,2023-01
7689,10248,605,147,4,,2023-09-13 06:11:10,2023-09
7690,10248,147,605,3,"Great driver, very professional!",2023-09-13 07:43:10,2023-09
7691,10250,52,605,3,"Excellent service, will ride again.",2023-12-21 01:58:06,2023-12
7692,10251,1653,605,4,Very clean car.,2023-04-05 21:23:59,2023-04
7693,10252,605,1221,4,,2023-12-21 05:47:43,2023-12
7694,10253,605,1653,3,"OK trip, nothing special.",2023-08-03 08:42:00,2023-08
7695,10254,605,412,3,,2022-02-10 06:11:17,2022-02
7696,10255,605,539,4,,2024-06-03 20:45:59,2024-06
7697,10257,605,1975,5,,2024-06-10 01:12:40,2024-06
7698,10258,605,430,4,"Quick and efficient, thanks!",2023-12-27 12:02:00,2023-12
7699,10259,605,119,4,,2024-05-14 20:09:50,2024-05
7700,10260,164,605,3,"Great driver, very professional!",2023-07-14 10:54:47,2023-07
7701,10261,605,1947,4,Very courteous driver.,2024-02-11 03:22:28,2024-02
7702,10261,1947,605,3,,2024-02-11 03:43:28,2024-02
7703,10262,605,1117,3,,2022-05-12 18:36:02,2022-05
7704,10263,605,1343,5,"Quick and efficient, thanks!",2023-07-23 18:55:45,2023-07
7705,10264,605,1984,3,Acceptable ride.,2022-03-18 11:09:07,2022-03
7706,10264,1984,605,3,"Excellent service, will ride again.",2022-03-18 11:12:07,2022-03
7707,10267,605,1227,4,"Great rider, very polite.",2024-05-03 22:32:08,2024-05
7708,10269,605,1352,5,Super friendly and helpful.,2023-03-05 01:20:01,2023-03
7709,10269,1352,605,4,"Great driver, very professional!",2023-03-05 01:42:01,2023-03
7710,10270,605,1547,4,"Great driver, very professional!",2022-11-24 14:25:25,2022-11
7711,10272,1293,605,3,,2023-05-13 23:33:52,2023-05
7712,10273,605,201,4,,2023-09-28 01:58:47,2023-09
7713,10276,605,1128,4,,2024-01-09 03:52:40,2024-01
7714,10279,605,1881,4,,2023-11-13 05:21:22,2023-11
7715,10284,605,351,5,"Great driver, very professional!",2023-05-04 07:01:12,2023-05
7716,10287,605,136,3,Got there safely.,2022-04-04 12:56:40,2022-04
7717,10288,605,776,4,,2022-02-07 16:30:08,2022-02
7718,10290,605,860,4,,2022-03-30 02:29:46,2022-03
7719,10291,605,759,5,,2023-12-15 10:41:04,2023-12
7720,10292,605,585,4,"Quick and efficient, thanks!",2023-12-29 14:08:54,2023-12
7721,10292,585,605,2,"Smooth ride, on time.",2023-12-29 15:19:54,2023-12
7722,10295,643,605,4,"Smooth ride, on time.",2023-04-25 19:18:42,2023-04
7723,10296,605,1403,2,Rough driving.,2023-09-20 20:20:19,2023-09
7724,10297,605,44,4,"Smooth ride, on time.",2023-07-30 12:07:03,2023-07
7725,10297,44,605,3,"Great driver, very professional!",2023-07-30 12:15:03,2023-07
7726,10299,605,571,4,,2022-01-08 12:27:27,2022-01
7727,10299,571,605,3,Very clean car.,2022-01-08 12:26:27,2022-01
7728,10300,605,929,5,,2023-09-11 15:54:33,2023-09
7729,10300,929,605,3,Very clean car.,2023-09-11 16:07:33,2023-09
7730,10301,605,494,4,,2022-10-24 05:28:07,2022-10
7731,10302,605,448,4,,2023-06-20 23:49:01,2023-06
7732,10302,448,605,5,"Smooth ride, on time.",2023-06-21 00:08:01,2023-06
7733,10303,605,210,4,,2024-06-08 10:32:17,2024-06
7734,10304,605,1091,5,"5 stars, highly recommend!",2023-06-06 18:39:43,2023-06
7735,10305,605,1394,4,"Great driver, very professional!",2023-09-29 20:53:03,2023-09
7736,10307,605,1975,5,,2023-08-14 19:32:40,2023-08
7737,10307,1975,605,3,Super friendly and helpful.,2023-08-14 19:14:40,2023-08
7738,10309,338,605,3,"Smooth ride, on time.",2024-06-16 10:29:04,2024-06
7739,10310,605,1775,4,,2022-08-02 10:29:47,2022-08
7740,10311,605,1450,4,"Quick and efficient, thanks!",2023-12-30 07:35:01,2023-12
7741,10313,605,1243,3,Nothing to complain about.,2024-01-20 04:03:42,2024-01
7742,10313,1243,605,5,"Excellent service, will ride again.",2024-01-20 03:35:42,2024-01
7743,10314,605,1790,4,"Excellent service, will ride again.",2023-11-07 04:58:55,2023-11
7744,10315,605,1281,4,,2022-06-10 13:00:31,2022-06
7745,10316,605,778,4,,2022-09-15 13:42:58,2022-09
7746,10317,194,605,4,Super friendly and helpful.,2023-01-24 11:00:00,2023-01
7747,10318,602,605,4,"Great driver, very professional!",2022-03-14 01:58:10,2022-03
7748,10319,605,1853,4,Very comfortable ride.,2023-06-08 04:20:40,2023-06
7749,10319,1853,605,3,"Great driver, very professional!",2023-06-08 04:03:40,2023-06
7750,10320,1386,605,3,,2023-12-24 04:02:21,2023-12
7751,10322,605,450,3,"OK trip, nothing special.",2022-06-14 04:46:09,2022-06
7752,10322,450,605,4,,2022-06-14 03:20:09,2022-06
7753,10323,932,605,4,"Excellent service, will ride again.",2024-06-17 02:03:16,2024-06
7754,10324,605,131,4,,2022-11-05 23:27:59,2022-11
7755,10324,131,605,2,,2022-11-05 22:47:59,2022-11
7756,10325,319,605,4,"Excellent service, will ride again.",2022-08-27 23:32:32,2022-08
7757,10326,44,605,4,"Great driver, very professional!",2022-01-06 17:57:15,2022-01
7758,10327,605,728,3,Average experience.,2022-12-21 14:10:39,2022-12
7759,10330,605,1482,4,"Great rider, very polite.",2022-04-11 05:49:12,2022-04
7760,10332,1830,605,3,"Smooth ride, on time.",2023-09-23 20:59:09,2023-09
7761,10333,605,1548,3,Decent experience.,2023-10-24 12:51:40,2023-10
7762,10335,605,1781,3,Fine driver.,2022-06-29 02:46:52,2022-06
7763,10336,605,1713,3,Got there safely.,2023-08-29 13:24:01,2023-08
7764,10337,605,1281,5,"Great driver, very professional!",2022-04-19 02:00:06,2022-04
7765,10338,605,433,3,,2023-04-17 02:01:34,2023-04
7766,10340,171,1237,4,,2024-06-13 03:00:14,2024-06
7767,10341,171,1108,4,,2023-04-09 04:37:50,2023-04
7768,10341,1108,171,3,,2023-04-09 07:04:50,2023-04
7769,10342,171,825,4,Car was spotless.,2022-02-23 10:26:39,2022-02
7770,10342,825,171,3,"Excellent service, will ride again.",2022-02-23 10:25:39,2022-02
7771,10345,171,1479,5,Very comfortable ride.,2024-02-15 02:30:55,2024-02
7772,10347,1649,171,4,Super friendly and helpful.,2022-12-24 04:05:43,2022-12
7773,10349,171,1558,3,,2024-04-11 23:07:38,2024-04
7774,10350,171,593,3,,2022-12-18 14:54:31,2022-12
7775,10351,171,1187,3,Fine driver.,2022-01-20 02:46:05,2022-01
7776,10352,171,1984,4,,2023-02-06 01:21:19,2023-02
7777,10354,171,544,3,Fine driver.,2022-05-09 07:44:36,2022-05
7778,10354,544,171,3,,2022-05-09 06:32:36,2022-05
7779,10356,171,1081,4,,2023-03-19 10:52:40,2023-03
7780,10360,252,40,3,Got there safely.,2023-06-24 03:45:02,2023-06
7781,10361,24,252,3,"Excellent service, will ride again.",2024-01-08 13:40:19,2024-01
7782,10365,252,104,3,,2024-05-04 23:13:50,2024-05
7783,10367,252,868,4,"Smooth ride, on time.",2024-06-22 13:04:40,2024-06
7784,10368,252,777,5,,2022-01-25 00:51:08,2022-01
7785,10369,252,585,4,,2023-10-25 16:09:47,2023-10
7786,10369,585,252,4,"Excellent service, will ride again.",2023-10-25 16:35:47,2023-10
7787,10371,252,104,3,,2022-07-27 11:49:28,2022-07
7788,10371,104,252,3,"Smooth ride, on time.",2022-07-27 12:11:28,2022-07
7789,10372,252,728,5,,2022-10-07 06:24:28,2022-10
7790,10375,252,1955,5,,2023-09-19 18:27:42,2023-09
7791,10376,252,1558,2,Rough driving.,2023-08-05 15:47:23,2023-08
7792,10377,252,570,5,"Great driver, very professional!",2022-04-27 20:35:51,2022-04
7793,10377,570,252,3,Very clean car.,2022-04-27 21:00:51,2022-04
7794,10378,252,1373,3,,2022-09-21 20:54:06,2022-09
7795,10380,252,224,3,Decent experience.,2024-02-22 03:00:46,2024-02
7796,10381,252,192,4,,2023-03-17 23:56:11,2023-03
7797,10385,252,1968,5,,2023-05-25 08:45:18,2023-05
7798,10386,252,1532,4,"Easy pickup, no problems.",2023-02-10 13:35:17,2023-02
7799,10387,252,1548,4,"Great driver, very professional!",2022-03-11 06:57:28,2022-03
7800,10388,252,1825,3,Acceptable ride.,2023-04-07 15:08:40,2023-04
7801,10389,252,1343,4,"Smooth ride, on time.",2024-05-15 18:21:39,2024-05
7802,10390,252,1509,4,,2023-08-03 22:31:43,2023-08
7803,10390,1509,252,4,Super friendly and helpful.,2023-08-03 23:06:43,2023-08
7804,10391,252,1776,4,,2022-04-16 08:22:38,2022-04
7805,10391,1776,252,4,Very clean car.,2022-04-16 09:33:38,2022-04
7806,10393,252,908,4,,2023-09-28 07:11:43,2023-09
7807,10394,252,825,4,Very comfortable ride.,2022-10-20 06:27:19,2022-10
7808,10396,5,252,2,"Excellent service, will ride again.",2023-12-10 23:15:24,2023-12
7809,10397,252,351,3,,2023-05-11 19:57:50,2023-05
7810,10397,351,252,3,"Excellent service, will ride again.",2023-05-11 19:50:50,2023-05
7811,10401,252,1336,3,,2022-12-11 22:39:32,2022-12
7812,10401,1336,252,3,"Great driver, very professional!",2022-12-11 22:52:32,2022-12
7813,10402,252,925,4,,2023-02-04 08:41:16,2023-02
7814,10403,252,65,5,Car was spotless.,2022-08-08 07:21:57,2022-08
7815,10404,252,1764,4,Car was spotless.,2022-01-13 19:50:02,2022-01
7816,10404,1764,252,3,"Excellent service, will ride again.",2022-01-13 21:44:02,2022-01
7817,10407,252,1104,4,Super friendly and helpful.,2022-02-21 07:26:30,2022-02
7818,10407,1104,252,2,,2022-02-21 06:54:30,2022-02
7819,10408,1427,252,3,,2024-04-30 02:55:08,2024-04
7820,10411,693,1421,5,"Excellent service, will ride again.",2022-10-01 18:23:37,2022-10
7821,10412,1421,748,5,"Easy pickup, no problems.",2023-12-30 11:03:03,2023-12
7822,10412,748,1421,3,Very clean car.,2023-12-30 12:18:03,2023-12
7823,10415,1421,334,4,"Great rider, very polite.",2022-11-08 12:15:02,2022-11
7824,10416,1421,1206,5,"Great rider, very polite.",2023-12-28 08:50:39,2023-12
7825,10416,1206,1421,2,"Excellent service, will ride again.",2023-12-28 08:26:39,2023-12
7826,10417,1421,1198,5,"5 stars, highly recommend!",2023-09-25 14:54:14,2023-09
7827,10418,1421,207,3,Decent experience.,2022-10-09 17:47:12,2022-10
7828,10418,207,1421,3,"Great driver, very professional!",2022-10-09 18:36:12,2022-10
7829,10420,1955,1421,3,"Great driver, very professional!",2023-08-08 15:42:10,2023-08
7830,10422,1956,1421,3,Super friendly and helpful.,2024-05-06 21:51:31,2024-05
7831,10423,1421,1948,4,"Great rider, very polite.",2024-02-23 07:51:06,2024-02
7832,10426,1421,1775,4,,2022-05-22 16:16:56,2022-05
7833,10427,1421,1400,5,,2022-01-17 10:40:43,2022-01
7834,10428,1421,477,4,Very comfortable ride.,2024-02-01 12:14:29,2024-02
7835,10429,1421,1105,5,Very clean car.,2023-01-20 21:56:27,2023-01
7836,10431,580,1371,4,,2024-03-03 03:57:26,2024-03
7837,10432,1237,978,2,"Great driver, very professional!",2022-01-23 00:45:11,2022-01
7838,10433,978,878,5,Very clean car.,2022-09-04 01:17:38,2022-09
7839,10435,978,693,4,Loved the music selection!,2022-01-09 17:17:06,2022-01
7840,10435,693,978,4,Very clean car.,2022-01-09 18:40:06,2022-01
7841,10437,1130,147,3,,2022-10-20 14:07:30,2022-10
7842,10439,131,638,3,"Smooth ride, on time.",2022-04-09 07:33:26,2022-04
7843,10440,638,957,4,,2022-08-10 19:04:30,2022-08
7844,10441,638,89,2,Not very clean.,2023-05-20 05:36:40,2023-05
7845,10442,1427,638,2,,2022-04-13 01:50:17,2022-04
7846,10443,866,638,3,"Excellent service, will ride again.",2022-01-18 02:55:28,2022-01
7847,10444,638,1544,4,,2023-05-14 02:03:34,2023-05
7848,10444,1544,638,4,,2023-05-14 02:11:34,2023-05
7849,10446,5,638,2,Super friendly and helpful.,2023-07-10 03:50:31,2023-07
7850,10448,638,1548,3,Trip was okay.,2024-01-04 07:18:23,2024-01
7851,10452,56,1030,4,,2023-06-18 11:15:59,2023-06
7852,10452,1030,56,3,"Excellent service, will ride again.",2023-06-18 10:57:59,2023-06
7853,10454,56,271,5,,2022-10-20 05:20:37,2022-10
7854,10455,56,502,3,"OK trip, nothing special.",2024-02-05 12:53:17,2024-02
7855,10458,56,1947,4,,2023-06-18 05:20:52,2023-06
7856,10458,1947,56,3,,2023-06-18 07:10:52,2023-06
7857,10459,56,485,5,Very courteous driver.,2023-07-30 10:34:35,2023-07
7858,10459,485,56,4,"Great driver, very professional!",2023-07-30 10:31:35,2023-07
7859,10461,56,1956,5,Fast and safe driver.,2024-02-15 14:02:44,2024-02
7860,10462,56,645,3,,2023-10-25 12:31:17,2023-10
7861,10466,56,726,3,,2022-11-22 20:36:49,2022-11
7862,10467,56,62,3,Average experience.,2023-10-07 19:38:50,2023-10
7863,10468,56,1947,4,"5 stars, highly recommend!",2022-03-01 00:58:14,2022-03
7864,10475,56,201,5,,2022-12-28 16:05:31,2022-12
7865,10476,56,502,3,Acceptable ride.,2023-05-13 17:20:50,2023-05
7866,10478,56,1181,5,,2023-07-24 20:46:12,2023-07
7867,10479,56,1569,4,"Quick and efficient, thanks!",2024-02-17 21:53:32,2024-02
7868,10479,1569,56,2,Super friendly and helpful.,2024-02-17 23:19:32,2024-02
7869,10480,56,1293,4,,2022-08-02 04:19:46,2022-08
7870,10481,56,571,5,,2022-06-01 13:07:48,2022-06
7871,10481,571,56,4,"Great driver, very professional!",2022-06-01 14:54:48,2022-06
7872,10483,56,1131,5,"5 stars, highly recommend!",2023-07-17 09:05:54,2023-07
7873,10485,56,162,4,,2023-12-24 13:44:58,2023-12
7874,10489,56,1947,4,,2022-06-02 12:29:33,2022-06
7875,10490,56,339,2,,2022-01-26 22:03:30,2022-01
7876,10490,339,56,4,,2022-01-26 21:51:30,2022-01
7877,10493,1221,56,3,"Great driver, very professional!",2023-10-30 12:13:07,2023-10
7878,10497,56,1030,5,"Quick and efficient, thanks!",2023-01-06 07:56:37,2023-01
7879,10497,1030,56,4,"Great driver, very professional!",2023-01-06 09:58:37,2023-01
7880,10498,56,1198,4,,2022-07-22 15:11:01,2022-07
7881,10498,1198,56,3,"Excellent service, will ride again.",2022-07-22 14:43:01,2022-07
7882,10500,1162,56,4,"Smooth ride, on time.",2023-09-22 06:08:54,2023-09
7883,10502,56,125,3,,2023-07-12 18:25:23,2023-07
7884,10503,56,1955,5,Very clean car.,2023-03-24 11:07:22,2023-03
7885,10505,56,286,5,Loved the music selection!,2023-08-25 02:32:06,2023-08
7886,10507,56,225,3,Acceptable ride.,2022-09-28 22:25:27,2022-09
7887,10508,56,553,5,"Excellent service, will ride again.",2024-01-26 18:51:35,2024-01
7888,10509,56,1575,4,"Great rider, very polite.",2024-04-20 18:06:24,2024-04
7889,10510,56,1526,4,"Great rider, very polite.",2022-12-16 19:58:24,2022-12
7890,10510,1526,56,4,"Smooth ride, on time.",2022-12-16 20:38:24,2022-12
7891,10511,56,1331,5,Fast and safe driver.,2024-02-13 06:22:54,2024-02
7892,10512,56,97,4,Super friendly and helpful.,2022-08-21 04:40:48,2022-08
7893,10513,56,40,1,,2023-06-04 08:15:09,2023-06
7894,10515,56,288,3,,2022-08-20 09:39:10,2022-08
7895,10520,56,778,4,Super friendly and helpful.,2022-01-08 20:45:15,2022-01
7896,10520,778,56,3,Very clean car.,2022-01-08 22:26:15,2022-01
7897,10521,56,1755,3,,2023-05-24 19:39:48,2023-05
7898,10525,56,125,3,,2022-12-26 23:24:46,2022-12
7899,10526,56,1288,4,Fast and safe driver.,2022-12-04 22:03:07,2022-12
7900,10526,1288,56,2,,2022-12-04 20:39:07,2022-12
7901,10527,56,376,5,,2024-02-03 02:47:16,2024-02
7902,10527,376,56,3,,2024-02-03 04:52:16,2024-02
7903,10528,564,56,3,Very clean car.,2022-09-11 03:07:45,2022-09
7904,10529,56,1267,2,,2023-01-05 03:29:18,2023-01
7905,10530,56,1937,4,Car was spotless.,2023-08-14 19:11:19,2023-08
7906,10530,1937,56,3,,2023-08-14 19:23:19,2023-08
7907,10532,389,56,5,"Smooth ride, on time.",2023-10-06 02:41:50,2023-10
7908,10533,56,693,3,,2022-03-02 02:33:22,2022-03
7909,10535,1575,56,3,"Smooth ride, on time.",2022-08-29 00:48:45,2022-08
7910,10538,118,56,2,"Excellent service, will ride again.",2024-03-02 09:41:07,2024-03
7911,10539,1394,56,3,,2023-10-08 15:53:16,2023-10
7912,10540,56,878,4,,2022-01-25 02:08:18,2022-01
7913,10540,878,56,4,Super friendly and helpful.,2022-01-25 02:47:18,2022-01
7914,10541,56,1548,4,,2022-09-08 07:56:56,2022-09
7915,10545,56,117,3,,2022-05-10 19:06:09,2022-05
7916,10546,56,1030,4,,2022-10-15 12:34:01,2022-10
7917,10547,56,593,4,"Great rider, very polite.",2022-01-16 23:45:14,2022-01
7918,10547,593,56,4,,2022-01-17 00:33:14,2022-01
7919,10548,56,825,4,"Smooth ride, on time.",2023-04-26 05:18:12,2023-04
7920,10550,408,56,4,"Excellent service, will ride again.",2024-04-30 04:23:53,2024-04
7921,10551,56,1100,4,"Excellent service, will ride again.",2023-08-24 15:18:14,2023-08
7922,10551,1100,56,4,"Smooth ride, on time.",2023-08-24 16:44:14,2023-08
7923,10552,494,56,3,"Excellent service, will ride again.",2023-12-05 16:20:23,2023-12
7924,10553,56,229,4,"5 stars, highly recommend!",2024-01-15 20:36:21,2024-01
7925,10554,1873,515,5,"Great driver, very professional!",2023-10-20 06:45:35,2023-10
7926,10554,515,1873,3,"Excellent service, will ride again.",2023-10-20 06:55:35,2023-10
7927,10555,1873,1724,4,"Great driver, very professional!",2022-03-13 23:14:18,2022-03
7928,10559,1873,142,4,Fast and safe driver.,2023-12-29 12:18:22,2023-12
7929,10559,142,1873,3,"Excellent service, will ride again.",2023-12-29 13:11:22,2023-12
7930,10560,327,1873,3,,2023-01-20 00:43:12,2023-01
7931,10561,1873,44,5,"5 stars, highly recommend!",2022-11-05 12:11:30,2022-11
7932,10563,1873,146,4,"Perfect trip, no issues.",2023-06-19 03:41:08,2023-06
7933,10564,1873,1198,5,"Perfect trip, no issues.",2022-09-20 12:49:10,2022-09
7934,10565,1302,1873,4,Very clean car.,2022-04-27 13:27:43,2022-04
7935,10567,1873,1584,5,,2023-10-05 23:31:37,2023-10
7936,10570,1105,41,3,Super friendly and helpful.,2022-11-16 17:14:49,2022-11
7937,10571,41,741,3,,2023-03-12 03:33:34,2023-03
7938,10572,41,1134,3,Trip was okay.,2024-04-12 20:19:53,2024-04
7939,10572,1134,41,3,,2024-04-12 19:53:53,2024-04
7940,10573,41,1752,4,,2024-02-03 22:27:39,2024-02
7941,10575,41,118,3,Average experience.,2023-07-26 18:41:40,2023-07
7942,10576,41,1331,5,,2023-05-15 02:48:11,2023-05
7943,10577,41,176,2,,2022-11-02 06:11:50,2022-11
7944,10578,1881,41,5,"Excellent service, will ride again.",2023-02-01 09:24:17,2023-02
7945,10580,41,1794,3,Average experience.,2022-05-19 02:07:43,2022-05
7946,10581,41,1141,4,"Great rider, very polite.",2023-07-05 05:38:08,2023-07
7947,10582,41,860,4,"Perfect trip, no issues.",2022-10-29 08:44:45,2022-10
7948,10583,41,339,3,,2022-04-30 14:49:51,2022-04
7949,10583,339,41,2,"Excellent service, will ride again.",2022-04-30 16:13:51,2022-04
7950,10585,41,66,4,Car was spotless.,2024-06-17 11:31:08,2024-06
7951,10587,41,1403,5,,2023-07-03 13:48:46,2023-07
7952,10587,1403,41,2,Super friendly and helpful.,2023-07-03 13:58:46,2023-07
7953,10588,41,742,4,"Easy pickup, no problems.",2023-06-27 14:25:13,2023-06
7954,10589,235,41,4,"Smooth ride, on time.",2023-05-03 08:27:44,2023-05
7955,10592,41,1026,3,,2023-08-01 00:26:43,2023-08
7956,10592,1026,41,3,Super friendly and helpful.,2023-08-01 02:16:43,2023-08
7957,10593,41,883,5,"Quick and efficient, thanks!",2022-07-07 22:58:28,2022-07
7958,10593,883,41,4,"Excellent service, will ride again.",2022-07-07 23:47:28,2022-07
7959,10595,41,1569,3,,2023-01-30 05:20:17,2023-01
7960,10598,41,549,4,"Smooth ride, on time.",2022-05-17 18:34:03,2022-05
7961,10599,1776,41,4,"Smooth ride, on time.",2024-03-14 19:41:00,2024-03
7962,10602,190,41,3,"Excellent service, will ride again.",2024-01-07 12:51:00,2024-01
7963,10603,1104,41,4,Super friendly and helpful.,2023-04-06 06:48:12,2023-04
7964,10604,41,210,3,,2024-02-22 08:04:56,2024-02
7965,10606,41,1947,4,"Great rider, very polite.",2023-10-16 02:16:31,2023-10
7966,10606,1947,41,3,Very clean car.,2023-10-16 04:52:31,2023-10
7967,10609,41,1356,4,Loved the music selection!,2022-04-03 05:53:41,2022-04
7968,10610,41,1343,3,,2024-05-18 15:08:40,2024-05
7969,10612,41,1764,4,"Great driver, very professional!",2022-01-18 10:48:53,2022-01
7970,10612,1764,41,3,,2022-01-18 11:57:53,2022-01
7971,10613,41,162,5,"5 stars, highly recommend!",2023-02-03 03:13:57,2023-02
7972,10614,41,1839,3,,2023-12-11 09:45:31,2023-12
7973,10619,41,818,5,Super friendly and helpful.,2023-01-04 08:36:32,2023-01
7974,10620,41,1775,4,Very courteous driver.,2022-01-08 04:17:36,2022-01
7975,10622,41,502,3,,2023-07-30 14:45:35,2023-07
7976,10622,502,41,2,"Smooth ride, on time.",2023-07-30 16:31:35,2023-07
7977,10625,1547,41,4,"Great driver, very professional!",2022-08-26 10:26:14,2022-08
7978,10626,41,564,5,Super friendly and helpful.,2024-02-19 23:19:45,2024-02
7979,10629,41,467,2,,2023-08-10 13:59:59,2023-08
7980,10630,41,323,5,,2024-03-23 08:24:24,2024-03
7981,10631,41,1131,4,,2023-09-19 23:32:14,2023-09
7982,10632,41,1814,4,"Easy pickup, no problems.",2022-02-03 10:52:47,2022-02
7983,10633,41,778,3,Got there safely.,2023-04-22 18:12:15,2023-04
7984,10633,778,41,4,"Excellent service, will ride again.",2023-04-22 19:23:15,2023-04
7985,10634,41,434,4,,2022-10-25 04:50:51,2022-10
7986,10635,41,549,3,,2024-05-02 20:13:33,2024-05
7987,10636,41,452,5,,2022-09-25 06:41:36,2022-09
7988,10636,452,41,4,Super friendly and helpful.,2022-09-25 06:45:36,2022-09
7989,10640,1865,41,4,"Excellent service, will ride again.",2022-06-14 12:03:10,2022-06
7990,10643,41,1288,4,Car was spotless.,2023-12-02 14:05:03,2023-12
7991,10645,41,957,3,Average experience.,2023-01-17 11:03:26,2023-01
7992,10646,41,494,4,Loved the music selection!,2023-01-05 02:40:32,2023-01
7993,10650,41,1044,3,Trip was okay.,2022-04-24 12:15:21,2022-04
7994,10653,41,883,4,,2022-03-10 20:21:53,2022-03
7995,10653,883,41,3,Very clean car.,2022-03-10 20:00:53,2022-03
7996,10654,41,571,4,Very courteous driver.,2022-04-15 03:29:49,2022-04
7997,10654,571,41,4,,2022-04-15 04:36:49,2022-04
7998,10656,41,1030,4,Loved the music selection!,2023-09-12 21:27:21,2023-09
7999,10657,41,323,4,"Great rider, very polite.",2023-06-16 02:47:28,2023-06
8000,10659,690,41,2,"Great driver, very professional!",2024-03-02 07:03:42,2024-03
8001,10660,41,1561,4,"Easy pickup, no problems.",2022-10-23 17:39:23,2022-10
8002,10660,1561,41,3,Super friendly and helpful.,2022-10-23 18:32:23,2022-10
8003,10661,41,119,4,"Smooth ride, on time.",2022-12-28 11:20:40,2022-12
8004,10664,41,553,5,"Easy pickup, no problems.",2023-08-23 11:02:00,2023-08
8005,10668,41,1795,3,,2023-07-27 13:15:54,2023-07
8006,10668,1795,41,2,,2023-07-27 12:16:54,2023-07
8007,10672,1884,1461,5,"Perfect trip, no issues.",2023-09-28 22:00:11,2023-09
8008,10673,782,794,3,"Excellent service, will ride again.",2023-12-09 08:15:34,2023-12
8009,10674,812,1134,4,,2022-11-23 05:49:52,2022-11
8010,10676,812,647,4,Loved the music selection!,2022-03-28 22:12:42,2022-03
8011,10676,647,812,2,"Excellent service, will ride again.",2022-03-28 23:01:42,2022-03
8012,10677,812,1933,3,Average experience.,2022-11-06 00:54:40,2022-11
8013,10678,577,1030,5,,2023-02-03 17:47:57,2023-02
8014,10679,577,1328,3,Decent experience.,2022-02-24 07:45:20,2022-02
8015,10679,1328,577,4,,2022-02-24 09:09:20,2022-02
8016,10680,577,1739,4,"Perfect trip, no issues.",2023-06-05 17:10:17,2023-06
8017,10681,577,898,4,"Smooth ride, on time.",2022-04-23 12:04:37,2022-04
8018,10682,577,1987,5,,2022-03-26 21:29:17,2022-03
8019,10682,1987,577,4,"Excellent service, will ride again.",2022-03-26 21:42:17,2022-03
8020,10684,577,65,3,,2022-06-02 10:03:44,2022-06
8021,10685,577,1890,3,,2022-07-19 14:10:09,2022-07
8022,10685,1890,577,4,Very clean car.,2022-07-19 15:05:09,2022-07
8023,10689,577,995,4,"Easy pickup, no problems.",2022-04-19 01:55:52,2022-04
8024,10689,995,577,3,Super friendly and helpful.,2022-04-19 03:22:52,2022-04
8025,10690,577,1100,3,Nothing to complain about.,2024-05-03 18:22:58,2024-05
8026,10692,1224,199,5,Fast and safe driver.,2022-10-19 20:37:43,2022-10
8027,10693,1048,162,5,,2023-01-01 08:09:45,2023-01
8028,10694,1048,1937,4,,2023-09-30 16:51:22,2023-09
8029,10695,877,389,3,,2023-11-05 09:53:17,2023-11
8030,10696,877,7,3,Average experience.,2022-04-25 08:59:49,2022-04
8031,10698,877,1105,4,"Quick and efficient, thanks!",2023-04-29 01:18:50,2023-04
8032,10701,877,789,4,"Great driver, very professional!",2023-04-04 08:14:00,2023-04
8033,10701,789,877,3,"Smooth ride, on time.",2023-04-04 10:55:00,2023-04
8034,10702,877,450,3,,2022-08-15 13:14:57,2022-08
8035,10704,877,430,3,Acceptable ride.,2023-04-21 23:05:05,2023-04
8036,10705,728,877,3,Very clean car.,2024-06-18 05:32:38,2024-06
8037,10706,877,1947,3,,2022-02-21 19:25:26,2022-02
8038,10709,877,131,4,Fast and safe driver.,2022-01-29 01:57:20,2022-01
8039,10709,131,877,3,"Great driver, very professional!",2022-01-29 02:53:20,2022-01
8040,10712,1308,1709,3,,2023-10-10 02:39:39,2023-10
8041,10713,1308,448,5,,2022-08-15 00:29:26,2022-08
8042,10714,1308,286,4,Loved the music selection!,2024-01-14 09:04:56,2024-01
8043,10714,286,1308,3,"Great driver, very professional!",2024-01-14 07:52:56,2024-01
8044,10716,1404,1400,5,,2022-08-11 22:32:37,2022-08
8045,10717,1404,190,3,Fine driver.,2022-07-07 09:45:11,2022-07
8046,10718,453,1352,4,Very comfortable ride.,2022-03-25 13:27:42,2022-03
8047,10718,1352,453,2,"Excellent service, will ride again.",2022-03-25 15:52:42,2022-03
8048,10720,453,1987,3,Trip was okay.,2023-10-01 04:20:51,2023-10
8049,10720,1987,453,1,Very clean car.,2023-10-01 05:43:51,2023-10
8050,10721,453,1198,3,Got there safely.,2023-03-09 02:29:09,2023-03
8051,10724,1818,1547,4,,2023-10-19 06:07:17,2023-10
8052,10726,1799,1889,4,,2023-06-24 18:32:19,2023-06
8053,10726,1889,1799,2,Very clean car.,2023-06-24 18:09:19,2023-06
8054,10728,1799,1790,4,,2024-01-11 09:42:34,2024-01
8055,10729,1466,1937,4,,2023-01-06 19:18:20,2023-01
8056,10730,1466,932,4,Fast and safe driver.,2023-01-20 09:07:07,2023-01
8057,10734,1544,149,3,"Excellent service, will ride again.",2022-05-06 22:56:39,2022-05
8058,10735,414,1492,4,,2023-11-28 06:16:14,2023-11
8059,10737,414,1450,3,,2023-08-06 00:24:22,2023-08
8060,10738,414,256,5,"Great rider, very polite.",2023-08-03 07:56:29,2023-08
8061,10741,414,1081,4,Very courteous driver.,2022-05-25 07:03:55,2022-05
8062,10741,1081,414,4,,2022-05-25 08:24:55,2022-05
8063,10742,1394,414,4,"Excellent service, will ride again.",2023-12-14 23:09:48,2023-12
8064,10743,414,664,3,Got there safely.,2022-10-23 17:50:48,2022-10
8065,10746,98,842,3,"OK trip, nothing special.",2022-07-22 22:06:05,2022-07
8066,10747,98,1301,3,Trip was okay.,2023-05-21 06:02:48,2023-05
8067,10750,1983,1582,3,"Excellent service, will ride again.",2024-05-31 23:21:14,2024-05
8068,10751,1582,40,2,,2023-02-05 04:29:17,2023-02
8069,10752,866,1582,2,"Smooth ride, on time.",2022-02-12 18:50:40,2022-02
8070,10753,1582,1352,4,,2023-01-13 06:27:01,2023-01
8071,10757,1582,430,4,"Great rider, very polite.",2022-08-04 07:14:44,2022-08
8072,10758,1582,288,3,,2022-11-22 06:52:14,2022-11
8073,10763,1582,1386,5,"Excellent service, will ride again.",2022-07-10 03:01:04,2022-07
8074,10765,1582,571,4,,2024-05-17 02:52:57,2024-05
8075,10768,1582,1380,5,"Excellent service, will ride again.",2023-08-25 17:27:34,2023-08
8076,10769,1134,1582,5,"Excellent service, will ride again.",2022-03-05 12:17:37,2022-03
8077,10770,1658,1582,3,"Smooth ride, on time.",2023-04-06 05:15:48,2023-04
8078,10771,1582,15,5,,2024-06-26 19:48:58,2024-06
8079,10771,15,1582,3,Super friendly and helpful.,2024-06-26 22:16:58,2024-06
8080,10772,1582,1162,4,"Great driver, very professional!",2022-09-18 03:02:24,2022-09
8081,10772,1162,1582,4,"Excellent service, will ride again.",2022-09-18 03:07:24,2022-09
8082,10776,1582,883,5,,2022-02-13 01:12:48,2022-02
8083,10776,883,1582,2,"Smooth ride, on time.",2022-02-13 01:33:48,2022-02
8084,10777,1582,1947,5,,2024-05-22 06:14:54,2024-05
8085,10777,1947,1582,3,Super friendly and helpful.,2024-05-22 06:11:54,2024-05
8086,10779,1582,585,5,,2023-08-31 05:34:33,2023-08
8087,10785,1640,1582,3,,2023-11-20 18:17:30,2023-11
8088,10787,1582,139,5,"Great driver, very professional!",2024-06-15 18:36:56,2024-06
8089,10787,139,1582,4,Very clean car.,2024-06-15 20:36:56,2024-06
8090,10788,860,1582,2,,2024-01-24 23:29:56,2024-01
8091,10789,1653,1582,3,Super friendly and helpful.,2023-05-27 15:16:35,2023-05
8092,10790,1582,1865,3,,2022-01-07 03:39:59,2022-01
8093,10790,1865,1582,3,Very clean car.,2022-01-07 02:26:59,2022-01
8094,10792,1582,1828,5,,2022-01-22 01:26:39,2022-01
8095,10793,1380,1582,3,"Excellent service, will ride again.",2023-05-21 10:02:17,2023-05
8096,10794,1582,1104,5,,2023-06-21 01:52:38,2023-06
8097,10795,1582,728,4,,2023-03-06 02:16:38,2023-03
8098,10796,1582,339,2,,2024-02-23 06:51:31,2024-02
8099,10797,1582,1981,5,"Great driver, very professional!",2023-09-14 09:40:14,2023-09
8100,10798,1947,1582,5,"Smooth ride, on time.",2023-07-08 07:45:32,2023-07
8101,10801,1582,908,4,"Perfect trip, no issues.",2024-03-30 20:39:09,2024-03
8102,10802,1582,1814,3,Acceptable ride.,2023-09-21 21:29:46,2023-09
8103,10802,1814,1582,3,,2023-09-21 21:41:46,2023-09
8104,10803,1582,1427,3,,2023-01-09 17:15:25,2023-01
8105,10805,132,1582,3,Very clean car.,2023-11-30 01:34:39,2023-11
8106,10808,1582,1373,3,,2022-05-28 16:13:07,2022-05
8107,10808,1373,1582,3,"Great driver, very professional!",2022-05-28 15:11:07,2022-05
8108,10811,1582,477,4,,2023-08-24 01:23:01,2023-08
8109,10811,477,1582,4,"Excellent service, will ride again.",2023-08-24 02:30:01,2023-08
8110,10812,1582,726,4,Car was spotless.,2023-10-31 21:42:47,2023-10
8111,10814,705,1582,2,Very clean car.,2022-09-06 12:55:30,2022-09
8112,10816,1582,1562,5,,2023-06-17 23:53:57,2023-06
8113,10816,1562,1582,2,"Great driver, very professional!",2023-06-18 02:22:57,2023-06
8114,10819,1582,1438,3,,2023-06-21 02:24:46,2023-06
8115,10830,1582,1794,2,,2022-12-16 01:55:12,2022-12
8116,10831,1933,1582,3,"Great driver, very professional!",2022-11-14 05:52:40,2022-11
8117,10832,1582,1830,4,,2022-05-10 14:22:25,2022-05
8118,10832,1830,1582,2,"Great driver, very professional!",2022-05-10 16:26:25,2022-05
8119,10839,550,1684,4,Very courteous driver.,2022-08-23 21:35:54,2022-08
8120,10841,1826,1487,3,Super friendly and helpful.,2023-12-10 08:32:31,2023-12
8121,10842,1487,1400,3,Trip was okay.,2022-03-21 14:59:54,2022-03
8122,10842,1400,1487,3,Very clean car.,2022-03-21 14:34:54,2022-03
8123,10845,1487,1477,5,,2023-07-05 05:10:41,2023-07
8124,10846,1487,1472,3,Decent experience.,2024-03-31 15:55:01,2024-03
8125,10848,759,1487,4,"Excellent service, will ride again.",2022-05-16 21:41:23,2022-05
8126,10852,1487,601,4,"Smooth ride, on time.",2022-05-25 09:14:56,2022-05
8127,10853,995,1487,3,Super friendly and helpful.,2023-10-01 16:08:54,2023-10
8128,10854,1248,1487,2,Super friendly and helpful.,2024-05-08 23:57:23,2024-05
8129,10855,1487,327,3,Nothing to complain about.,2022-07-10 07:15:32,2022-07
8130,10856,1487,448,4,"Great rider, very polite.",2022-05-08 02:40:40,2022-05
8131,10857,1487,932,5,,2022-07-28 05:39:33,2022-07
8132,10858,748,1487,4,"Smooth ride, on time.",2023-08-24 22:47:07,2023-08
8133,10860,1487,1350,3,Trip was okay.,2022-06-29 22:42:47,2022-06
8134,10861,1897,1328,4,"Quick and efficient, thanks!",2024-06-04 15:56:02,2024-06
8135,10865,465,1170,4,,2022-09-29 10:42:14,2022-09
8136,10866,465,1987,4,,2023-11-11 00:19:39,2023-11
8137,10868,725,1933,3,Average experience.,2024-01-30 09:21:09,2024-01
8138,10869,725,446,3,,2023-12-13 05:47:53,2023-12
8139,10869,446,725,4,Super friendly and helpful.,2023-12-13 07:02:53,2023-12
8140,10870,725,1869,5,"Quick and efficient, thanks!",2024-06-17 12:33:48,2024-06
8141,10873,1013,194,5,,2023-08-19 10:37:56,2023-08
8142,10873,194,1013,2,"Smooth ride, on time.",2023-08-19 10:49:56,2023-08
8143,10876,1003,1509,5,"Great rider, very polite.",2023-02-13 02:08:33,2023-02
8144,10876,1509,1003,4,"Smooth ride, on time.",2023-02-13 02:11:33,2023-02
8145,10877,1706,947,4,,2023-06-17 13:45:10,2023-06
8146,10879,1706,1301,5,,2022-04-18 22:43:11,2022-04
8147,10879,1301,1706,4,,2022-04-18 21:34:11,2022-04
8148,10880,1706,705,3,,2024-04-05 17:49:44,2024-04
8149,10882,242,1302,4,,2022-03-25 04:16:43,2022-03
8150,10882,1302,242,3,"Great driver, very professional!",2022-03-25 04:34:43,2022-03
8151,10883,242,553,4,"Excellent service, will ride again.",2022-06-17 13:22:00,2022-06
8152,10884,242,1356,4,"Quick and efficient, thanks!",2023-12-20 20:00:33,2023-12
8153,10885,242,1400,4,,2022-03-26 23:42:32,2022-03
8154,10888,242,7,3,,2024-01-26 06:36:26,2024-01
8155,10888,7,242,3,"Excellent service, will ride again.",2024-01-26 07:40:26,2024-01
8156,10890,242,1301,5,Car was spotless.,2022-08-22 19:21:09,2022-08
8157,10891,242,1623,4,Very comfortable ride.,2023-12-12 18:50:39,2023-12
8158,10891,1623,242,4,,2023-12-12 18:42:39,2023-12
8159,10892,242,782,2,,2024-06-02 19:43:24,2024-06
8160,10892,782,242,3,Super friendly and helpful.,2024-06-02 19:36:24,2024-06
8161,10893,242,1699,4,Super friendly and helpful.,2024-03-24 10:50:31,2024-03
8162,10893,1699,242,3,"Smooth ride, on time.",2024-03-24 11:14:31,2024-03
8163,10894,1482,242,2,,2022-07-14 03:45:37,2022-07
8164,10895,242,439,4,Very clean car.,2022-07-21 08:01:53,2022-07
8165,10897,242,1736,3,Average experience.,2024-04-26 10:09:33,2024-04
8166,10897,1736,242,5,Very clean car.,2024-04-26 10:58:33,2024-04
8167,10898,242,1984,4,,2023-04-14 22:22:50,2023-04
8168,10898,1984,242,2,Very clean car.,2023-04-15 00:42:50,2023-04
8169,10899,176,242,2,"Smooth ride, on time.",2023-05-19 20:38:45,2023-05
8170,10900,242,986,3,,2023-07-12 05:41:57,2023-07
8171,10900,986,242,2,Super friendly and helpful.,2023-07-12 03:51:57,2023-07
8172,10901,242,1356,5,,2022-01-30 20:05:24,2022-01
8173,10902,242,1040,4,"Excellent service, will ride again.",2023-02-16 08:33:17,2023-02
8174,10906,351,242,2,,2022-12-05 01:41:56,2022-12
8175,10907,242,959,4,Loved the music selection!,2024-01-21 02:46:12,2024-01
8176,10908,1752,242,4,"Excellent service, will ride again.",2022-08-30 21:46:04,2022-08
8177,10910,242,62,4,"Quick and efficient, thanks!",2022-06-12 06:57:13,2022-06
8178,10911,242,1607,3,Decent experience.,2024-06-15 02:57:19,2024-06
8179,10912,242,2,5,Fast and safe driver.,2023-09-06 13:36:26,2023-09
8180,10913,242,1608,4,,2022-07-01 16:19:22,2022-07
8181,10916,1890,242,2,Very clean car.,2023-09-20 04:48:58,2023-09
8182,10919,242,1293,5,,2024-02-13 17:11:46,2024-02
8183,10923,286,242,3,"Smooth ride, on time.",2022-07-31 16:02:05,2022-07
8184,10925,242,585,4,,2023-09-17 05:44:02,2023-09
8185,10927,242,1281,2,,2022-01-19 05:29:36,2022-01
8186,10929,242,293,4,"Smooth ride, on time.",2024-04-28 04:38:15,2024-04
8187,10930,242,1397,2,Driver was late.,2022-07-02 06:49:55,2022-07
8188,10931,506,242,3,,2023-03-03 01:47:03,2023-03
8189,10932,242,1564,4,"Perfect trip, no issues.",2022-07-19 13:49:26,2022-07
8190,10935,242,1461,4,,2024-06-12 11:07:26,2024-06
8191,10935,1461,242,5,,2024-06-12 11:26:26,2024-06
8192,10936,242,5,4,,2023-11-29 04:25:00,2023-11
8193,10937,242,1507,5,Very clean car.,2023-09-11 07:10:26,2023-09
8194,10938,242,1956,5,,2022-07-25 04:22:19,2022-07
8195,10938,1956,242,3,Very clean car.,2022-07-25 04:32:19,2022-07
8196,10939,242,593,4,,2022-03-02 16:51:17,2022-03
8197,10942,242,510,4,"Great driver, very professional!",2022-02-03 01:53:01,2022-02
8198,10943,242,506,3,,2023-07-22 05:45:44,2023-07
8199,10944,178,1841,4,Loved the music selection!,2024-02-22 00:52:41,2024-02
8200,10944,1841,178,3,"Great driver, very professional!",2024-02-22 00:32:41,2024-02
8201,10946,178,55,4,,2024-02-09 11:05:25,2024-02
8202,10947,178,1965,3,,2022-06-02 14:21:34,2022-06
8203,10948,1140,1776,5,"Excellent service, will ride again.",2023-02-22 02:51:15,2023-02
8204,10948,1776,1140,4,,2023-02-22 04:31:15,2023-02
8205,10950,1633,1040,5,,2024-02-18 10:50:40,2024-02
8206,10951,1633,1088,4,,2023-04-13 21:02:40,2023-04
8207,10951,1088,1633,3,"Smooth ride, on time.",2023-04-13 21:32:40,2023-04
8208,10953,1633,570,4,Car was spotless.,2022-05-29 16:05:53,2022-05
8209,10955,1633,585,3,Fine driver.,2022-05-12 05:28:04,2022-05
8210,10959,1286,1633,3,"Smooth ride, on time.",2023-02-07 19:42:39,2023-02
8211,10962,1103,1472,5,,2022-04-27 01:41:49,2022-04
8212,10965,1170,1103,1,Very clean car.,2022-12-04 13:52:41,2022-12
8213,10966,1103,1477,5,,2022-12-05 13:21:45,2022-12
8214,10968,1103,1492,4,,2023-07-16 11:34:47,2023-07
8215,10969,1103,959,3,Decent experience.,2024-05-30 05:01:15,2024-05
8216,10970,1111,1103,4,,2022-10-28 13:27:14,2022-10
8217,10974,1103,488,4,,2022-07-27 15:10:27,2022-07
8218,10977,1461,1103,4,,2023-11-26 14:25:41,2023-11
8219,10978,1103,1795,4,Very clean car.,2022-11-22 02:11:03,2022-11
8220,10978,1795,1103,4,,2022-11-22 04:24:03,2022-11
8221,10979,1103,448,4,,2023-09-16 09:33:50,2023-09
8222,10980,1103,818,3,Decent experience.,2022-03-26 08:32:21,2022-03
8223,10981,1103,433,4,,2024-01-23 07:56:09,2024-01
8224,10982,1103,1727,5,Very clean car.,2024-06-18 09:52:50,2024-06
8225,10982,1727,1103,5,Very clean car.,2024-06-18 10:57:50,2024-06
8226,10984,1103,119,3,,2024-03-08 17:45:39,2024-03
8227,10984,119,1103,4,"Great driver, very professional!",2024-03-08 19:24:39,2024-03
8228,10986,1103,1331,5,"Smooth ride, on time.",2023-09-19 17:01:35,2023-09
8229,10986,1331,1103,3,"Excellent service, will ride again.",2023-09-19 18:25:35,2023-09
8230,10988,1132,1288,3,,2023-02-03 15:27:16,2023-02
8231,10989,1132,1437,5,Fast and safe driver.,2023-02-16 14:54:02,2023-02
8232,10991,1132,1472,4,,2022-04-25 01:57:46,2022-04
8233,10993,893,190,4,,2024-02-27 04:19:03,2024-02
8234,10994,1301,893,3,,2023-04-14 03:49:33,2023-04
8235,10997,1197,353,3,,2023-04-14 10:51:00,2023-04
8236,10998,353,1564,3,"OK trip, nothing special.",2022-09-22 17:15:48,2022-09
8237,11000,1045,1243,4,,2022-08-04 04:38:59,2022-08
8238,11001,1045,977,4,Very clean car.,2022-05-28 18:21:08,2022-05
8239,11002,1045,1699,3,Decent experience.,2023-06-27 03:58:12,2023-06
8240,11005,1045,759,3,,2023-09-20 13:04:24,2023-09
8241,11006,1045,779,4,,2023-06-23 03:34:42,2023-06
8242,11007,1045,132,4,Very courteous driver.,2023-10-30 20:06:15,2023-10
8243,11008,1045,778,4,"Easy pickup, no problems.",2023-07-09 11:57:05,2023-07
8244,11010,1045,31,4,,2023-06-22 07:10:44,2023-06
8245,11011,705,1045,3,,2022-08-06 08:37:44,2022-08
8246,11012,1045,40,4,"Smooth ride, on time.",2023-02-14 19:43:29,2023-02
8247,11012,40,1045,3,Super friendly and helpful.,2023-02-14 20:05:29,2023-02
8248,11015,1507,1045,3,"Excellent service, will ride again.",2023-08-06 18:55:41,2023-08
8249,11016,1045,258,3,,2024-03-07 20:08:06,2024-03
8250,11018,1045,1162,4,Super friendly and helpful.,2022-02-19 22:55:34,2022-02
8251,11022,1045,1575,3,Average experience.,2024-01-31 16:08:34,2024-01
8252,11022,1575,1045,4,"Excellent service, will ride again.",2024-01-31 15:16:34,2024-01
8253,11023,1045,1794,3,Average experience.,2022-03-26 09:39:57,2022-03
8254,11023,1794,1045,4,"Smooth ride, on time.",2022-03-26 09:53:57,2022-03
8255,11027,1045,1141,4,,2023-08-07 08:50:19,2023-08
8256,11028,1045,1869,5,,2023-01-13 01:12:59,2023-01
8257,11029,1045,986,3,Acceptable ride.,2023-09-15 12:05:24,2023-09
8258,11031,1045,1373,4,,2022-11-13 11:34:08,2022-11
8259,11031,1373,1045,2,"Great driver, very professional!",2022-11-13 12:47:08,2022-11
8260,11033,1045,647,5,"5 stars, highly recommend!",2024-05-30 09:59:04,2024-05
8261,11037,1045,1206,4,"Excellent service, will ride again.",2022-06-30 23:02:49,2022-06
8262,11037,1206,1045,2,"Great driver, very professional!",2022-07-01 01:17:49,2022-07
8263,11038,940,1045,2,"Smooth ride, on time.",2022-09-06 08:25:27,2022-09
8264,11040,1045,494,4,,2022-12-19 20:50:42,2022-12
8265,11043,1045,571,5,,2023-03-27 14:28:45,2023-03
8266,11044,1045,1141,4,,2022-08-31 08:45:25,2022-08
8267,11046,1045,433,4,Car was spotless.,2022-05-21 17:50:48,2022-05
8268,11048,1045,1507,4,"Perfect trip, no issues.",2024-06-25 18:07:53,2024-06
8269,11050,1045,192,4,,2022-02-15 11:08:54,2022-02
8270,11052,1775,1045,2,"Excellent service, will ride again.",2023-11-17 20:25:39,2023-11
8271,11054,1045,408,2,Took too long.,2023-08-29 11:38:20,2023-08
8272,11054,408,1045,2,Super friendly and helpful.,2023-08-29 10:54:20,2023-08
8273,11056,1045,1561,5,"Smooth ride, on time.",2022-10-23 11:58:40,2022-10
8274,11058,1045,1869,3,,2023-12-11 04:42:51,2023-12
8275,11058,1869,1045,5,"Excellent service, will ride again.",2023-12-11 05:25:51,2023-12
8276,11060,1045,187,5,,2022-04-13 05:41:09,2022-04
8277,11060,187,1045,4,"Great driver, very professional!",2022-04-13 04:35:09,2022-04
8278,11062,1045,539,5,,2022-04-11 21:42:51,2022-04
8279,11065,811,1045,3,"Great driver, very professional!",2023-07-01 10:58:22,2023-07
8280,11067,1045,1087,3,,2024-02-26 05:19:55,2024-02
8281,11068,1324,1045,4,"Excellent service, will ride again.",2023-12-23 05:46:40,2023-12
8282,11069,1045,394,5,,2024-04-20 09:46:09,2024-04
8283,11069,394,1045,2,Super friendly and helpful.,2024-04-20 08:55:09,2024-04
8284,11070,1045,1684,4,"5 stars, highly recommend!",2022-07-14 03:37:28,2022-07
8285,11072,1111,1045,4,,2022-03-21 17:31:08,2022-03
8286,11074,1045,1355,4,,2022-08-16 13:32:39,2022-08
8287,11076,1030,1045,4,Super friendly and helpful.,2023-10-17 19:21:24,2023-10
8288,11082,1045,777,4,,2024-01-21 22:49:52,2024-01
8289,11084,1045,868,4,,2023-03-17 19:12:42,2023-03
8290,11084,868,1045,5,Very clean car.,2023-03-17 20:10:42,2023-03
8291,11086,1045,1544,5,,2024-06-28 16:20:26,2024-06
8292,11087,1045,1507,4,Fast and safe driver.,2023-10-03 23:11:41,2023-10
8293,11089,1045,1790,4,,2023-10-25 00:50:18,2023-10
8294,11089,1790,1045,4,Very clean car.,2023-10-25 02:50:18,2023-10
8295,11090,1045,52,4,,2023-01-07 21:25:43,2023-01
8296,11090,52,1045,3,Super friendly and helpful.,2023-01-07 23:27:43,2023-01
8297,11091,319,1045,2,"Smooth ride, on time.",2024-05-06 05:19:10,2024-05
8298,11092,1045,139,4,"Quick and efficient, thanks!",2022-09-06 14:53:58,2022-09
8299,11092,139,1045,3,,2022-09-06 16:08:58,2022-09
8300,11094,1045,142,4,,2024-03-07 05:38:51,2024-03
8301,11095,1045,1775,5,,2024-01-18 05:40:15,2024-01
8302,11098,1045,1814,4,,2022-01-02 13:25:25,2022-01
8303,11101,407,1497,5,"Perfect trip, no issues.",2024-01-15 16:57:32,2024-01
8304,11101,1497,407,3,"Smooth ride, on time.",2024-01-15 18:27:32,2024-01
8305,11102,1684,407,4,Super friendly and helpful.,2023-12-05 22:16:44,2023-12
8306,11103,407,1693,2,,2023-06-21 17:09:37,2023-06
8307,11103,1693,407,2,Very clean car.,2023-06-21 18:26:37,2023-06
8308,11104,1136,1343,4,Loved the music selection!,2023-07-01 05:23:58,2023-07
8309,11105,1136,498,3,,2024-06-16 13:34:51,2024-06
8310,11106,1136,647,4,"Smooth ride, on time.",2022-06-13 08:12:02,2022-06
8311,11107,1136,210,2,,2023-04-29 01:38:29,2023-04
8312,11107,210,1136,2,"Great driver, very professional!",2023-04-29 01:54:29,2023-04
8313,11108,1136,485,5,,2024-04-24 00:13:50,2024-04
8314,11109,446,1136,3,"Great driver, very professional!",2022-11-16 19:05:51,2022-11
8315,11112,1136,1026,4,,2023-07-01 23:28:47,2023-07
8316,11113,1136,564,5,,2022-07-08 19:37:09,2022-07
8317,11114,1136,1104,4,"Smooth ride, on time.",2022-02-05 07:12:41,2022-02
8318,11115,1136,1081,5,,2022-11-23 14:10:01,2022-11
8319,11118,1136,1386,4,,2022-11-02 23:18:22,2022-11
8320,11119,1237,1136,1,"Excellent service, will ride again.",2024-04-16 00:35:26,2024-04
8321,11121,1136,1948,4,,2022-05-28 22:16:22,2022-05
8322,11122,1136,585,4,,2023-06-23 11:02:28,2023-06
8323,11125,1853,1136,3,"Great driver, very professional!",2024-06-06 11:58:29,2024-06
8324,11126,1136,825,4,Very courteous driver.,2022-08-13 13:38:25,2022-08
8325,11127,1136,1562,3,Decent experience.,2024-06-01 03:36:18,2024-06
8326,11128,1136,1044,4,,2022-06-17 21:08:20,2022-06
8327,11129,1136,883,5,,2024-01-06 07:00:01,2024-01
8328,11131,1136,1134,3,Nothing to complain about.,2024-05-24 00:33:16,2024-05
8329,11132,1136,920,4,"Excellent service, will ride again.",2023-01-10 08:54:09,2023-01
8330,11132,920,1136,4,"Smooth ride, on time.",2023-01-10 08:19:09,2023-01
8331,11133,1136,1181,5,"Smooth ride, on time.",2022-09-11 19:19:26,2022-09
8332,11133,1181,1136,2,Super friendly and helpful.,2022-09-11 19:59:26,2022-09
8333,11136,1136,997,5,Loved the music selection!,2024-06-29 15:04:58,2024-06
8334,11136,997,1136,3,,2024-06-29 15:16:58,2024-06
8335,11139,1136,1397,3,,2023-06-09 10:53:18,2023-06
8336,11141,1136,508,3,"OK trip, nothing special.",2022-10-15 09:54:39,2022-10
8337,11142,1136,822,4,"Easy pickup, no problems.",2023-12-11 08:22:11,2023-12
8338,11142,822,1136,3,"Great driver, very professional!",2023-12-11 08:31:11,2023-12
8339,11144,1136,393,4,,2024-05-13 19:47:58,2024-05
8340,11145,1739,1136,3,Very clean car.,2022-09-20 17:17:05,2022-09
8341,11146,1136,645,4,"5 stars, highly recommend!",2023-03-21 16:48:45,2023-03
8342,11147,1136,119,4,,2023-05-20 03:39:10,2023-05
8343,11149,1136,225,2,,2022-07-18 12:25:11,2022-07
8344,11150,1136,1474,3,Fine driver.,2022-09-22 06:48:27,2022-09
8345,11151,1136,929,3,,2023-01-28 06:01:24,2023-01
8346,11152,1136,1403,4,Fast and safe driver.,2023-10-24 22:55:30,2023-10
8347,11153,1683,15,4,"Easy pickup, no problems.",2023-10-04 15:54:25,2023-10
8348,11155,1683,883,5,"Quick and efficient, thanks!",2024-03-01 10:27:46,2024-03
8349,11155,883,1683,4,,2024-03-01 11:13:46,2024-03
8350,11157,1683,248,2,Driver was rude.,2022-10-19 13:40:25,2022-10
8351,11157,248,1683,1,Very clean car.,2022-10-19 13:59:25,2022-10
8352,11158,1683,187,4,"Quick and efficient, thanks!",2022-01-23 12:00:35,2022-01
8353,11158,187,1683,2,"Smooth ride, on time.",2022-01-23 12:04:35,2022-01
8354,11160,1683,779,3,,2023-11-13 02:19:37,2023-11
8355,11161,1683,1653,3,,2023-03-03 07:48:53,2023-03
8356,11163,1683,31,4,,2022-11-22 23:10:50,2022-11
8357,11163,31,1683,3,"Smooth ride, on time.",2022-11-23 00:29:50,2022-11
8358,11164,1683,1955,5,"Great driver, very professional!",2024-02-12 19:49:46,2024-02
8359,11165,1683,608,4,Fast and safe driver.,2023-02-02 23:03:34,2023-02
8360,11166,995,1683,3,Super friendly and helpful.,2022-01-29 03:06:17,2022-01
8361,11168,1683,1653,2,Rough driving.,2023-05-15 20:23:26,2023-05
8362,11170,1683,467,3,"OK trip, nothing special.",2023-10-17 05:03:53,2023-10
8363,11170,467,1683,2,"Excellent service, will ride again.",2023-10-17 05:55:53,2023-10
8364,11171,1683,1653,4,Very clean car.,2022-08-31 19:39:19,2022-08
8365,11171,1653,1683,3,"Great driver, very professional!",2022-08-31 19:44:19,2022-08
8366,11172,1683,44,3,Decent experience.,2022-08-16 17:16:30,2022-08
8367,11173,1683,1474,3,,2024-02-13 19:35:20,2024-02
8368,11173,1474,1683,4,"Smooth ride, on time.",2024-02-13 19:11:20,2024-02
8369,11174,1683,1040,3,Average experience.,2023-01-16 19:56:20,2023-01
8370,11175,1683,1947,5,,2024-04-28 04:32:14,2024-04
8371,11175,1947,1683,4,"Great driver, very professional!",2024-04-28 06:00:14,2024-04
8372,11178,585,1683,4,"Great driver, very professional!",2024-05-26 04:23:54,2024-05
8373,11179,1683,179,4,Fast and safe driver.,2023-12-01 11:25:37,2023-12
8374,11180,1683,1207,4,"Excellent service, will ride again.",2022-02-02 08:16:44,2022-02
8375,11180,1207,1683,5,Very clean car.,2022-02-02 09:06:44,2022-02
8376,11181,1683,199,4,,2024-05-20 03:01:04,2024-05
8377,11181,199,1683,3,"Excellent service, will ride again.",2024-05-20 02:57:04,2024-05
8378,11182,1683,995,3,,2024-02-12 09:42:33,2024-02
8379,11183,1683,1790,5,,2024-01-31 01:39:43,2024-01
8380,11184,1683,1965,3,,2023-01-13 17:14:28,2023-01
8381,11184,1965,1683,3,Super friendly and helpful.,2023-01-13 16:11:28,2023-01
8382,11187,1683,833,4,,2024-05-24 07:32:01,2024-05
8383,11189,1683,932,5,,2022-07-02 13:21:26,2022-07
8384,11189,932,1683,4,"Smooth ride, on time.",2022-07-02 12:51:26,2022-07
8385,11190,860,1683,4,Very clean car.,2022-05-30 01:50:44,2022-05
8386,11192,1683,207,3,,2022-12-29 19:49:59,2022-12
8387,11192,207,1683,3,Very clean car.,2022-12-29 19:13:59,2022-12
8388,11194,40,1683,2,"Smooth ride, on time.",2022-09-27 06:29:40,2022-09
8389,11195,1683,1482,4,"Great rider, very polite.",2022-01-13 23:27:27,2022-01
8390,11196,162,1683,3,"Great driver, very professional!",2024-04-02 06:23:42,2024-04
8391,11198,1683,1983,3,"OK trip, nothing special.",2024-06-09 11:13:24,2024-06
8392,11199,1683,1135,2,Rough driving.,2023-05-19 10:27:34,2023-05
8393,11200,1683,508,3,Acceptable ride.,2022-01-09 00:41:03,2022-01
8394,11200,508,1683,3,"Excellent service, will ride again.",2022-01-09 01:44:03,2022-01
8395,11201,1683,1237,5,,2022-02-14 22:48:57,2022-02
8396,11201,1237,1683,5,"Great driver, very professional!",2022-02-14 21:39:57,2022-02
8397,11202,1683,1776,5,"Great rider, very polite.",2022-11-07 21:58:15,2022-11
8398,11204,1683,1825,4,,2022-02-18 08:51:13,2022-02
8399,11204,1825,1683,4,Very clean car.,2022-02-18 10:20:13,2022-02
8400,11205,1683,842,3,,2024-01-21 09:03:41,2024-01
8401,11205,842,1683,4,"Great driver, very professional!",2024-01-21 08:06:41,2024-01
8402,11207,1683,697,5,,2024-03-21 17:39:22,2024-03
8403,11208,1658,1683,3,"Smooth ride, on time.",2024-03-28 00:33:06,2024-03
8404,11210,1683,1841,3,,2024-03-21 21:10:18,2024-03
8405,11212,1683,1207,4,,2022-02-28 10:42:22,2022-02
8406,11213,1683,1765,3,"OK trip, nothing special.",2023-10-03 11:12:32,2023-10
8407,11215,1683,1700,4,,2023-05-21 00:54:08,2023-05
8408,11216,1683,996,2,,2023-04-21 03:58:56,2023-04
8409,11216,996,1683,3,,2023-04-21 03:47:56,2023-04
8410,11217,1683,1509,4,Fast and safe driver.,2024-01-15 16:21:16,2024-01
8411,11218,1683,1041,3,Fine driver.,2023-08-21 05:11:16,2023-08
8412,11220,515,1683,3,"Great driver, very professional!",2023-06-08 09:27:41,2023-06
8413,11221,1683,1438,4,,2023-07-09 19:09:02,2023-07
8414,11221,1438,1683,3,,2023-07-09 18:26:02,2023-07
8415,11222,1683,97,2,,2022-11-17 18:03:47,2022-11
8416,11227,1683,452,4,,2022-12-12 06:55:47,2022-12
8417,11230,1683,389,3,Nothing to complain about.,2023-09-28 08:39:37,2023-09
8418,11231,1683,1853,5,,2022-06-04 13:36:02,2022-06
8419,11232,1683,1099,4,Very courteous driver.,2022-10-23 12:37:27,2022-10
8420,11233,1683,1608,2,Had trouble finding the pickup spot.,2023-11-25 12:57:26,2023-11
8421,11233,1608,1683,3,"Excellent service, will ride again.",2023-11-25 11:27:26,2023-11
8422,11234,1683,1040,5,,2023-12-22 04:48:23,2023-12
8423,11234,1040,1683,4,"Great driver, very professional!",2023-12-22 07:29:23,2023-12
8424,11235,1683,677,3,,2023-10-19 06:09:18,2023-10
8425,11237,1683,1814,5,Very courteous driver.,2023-05-14 05:52:27,2023-05
8426,11238,1328,1683,3,,2024-05-08 11:30:41,2024-05
8427,11239,741,1683,3,"Excellent service, will ride again.",2023-05-27 16:54:30,2023-05
8428,11240,1683,439,3,Got there safely.,2024-05-03 06:31:33,2024-05
8429,11241,797,147,3,Got there safely.,2023-04-16 08:51:11,2023-04
8430,11242,328,797,3,Super friendly and helpful.,2023-10-28 01:26:49,2023-10
8431,11244,1219,55,4,"Easy pickup, no problems.",2023-02-06 20:34:57,2023-02
8432,11245,1219,1826,3,,2023-04-10 15:32:14,2023-04
8433,11246,1219,690,4,,2022-03-06 14:49:18,2022-03
8434,11248,1219,1640,2,,2024-01-22 00:09:14,2024-01
8435,11248,1640,1219,4,"Great driver, very professional!",2024-01-22 00:25:14,2024-01
8436,11249,1219,1968,4,,2023-08-03 06:56:01,2023-08
8437,11251,1219,1081,4,,2023-10-25 18:47:32,2023-10
8438,11251,1081,1219,3,Very clean car.,2023-10-25 19:18:32,2023-10
8439,11252,1219,1135,5,,2022-07-02 09:51:26,2022-07
8440,11252,1135,1219,4,Super friendly and helpful.,2022-07-02 09:21:26,2022-07
8441,11254,1191,1532,4,,2022-04-11 19:27:09,2022-04
8442,11255,286,1191,3,,2022-07-23 07:28:56,2022-07
8443,11256,1191,515,3,,2022-08-25 05:16:42,2022-08
8444,11257,1191,593,3,Got there safely.,2022-08-23 21:45:18,2022-08
8445,11258,1191,1684,3,,2023-04-06 17:03:59,2023-04
8446,11259,1191,932,4,,2023-04-23 03:04:53,2023-04
8447,11259,932,1191,3,,2023-04-23 04:25:53,2023-04
8448,11261,1191,549,4,,2023-03-04 01:26:25,2023-03
8449,11262,1191,929,5,,2022-12-03 01:39:08,2022-12
8450,11262,929,1191,4,Very clean car.,2022-12-03 03:51:08,2022-12
8451,11264,1191,1544,4,,2024-05-14 06:17:17,2024-05
8452,11268,1403,1846,3,Super friendly and helpful.,2023-02-20 00:42:16,2023-02
8453,11271,1846,104,3,Nothing to complain about.,2023-06-11 20:47:50,2023-06
8454,11271,104,1846,3,"Smooth ride, on time.",2023-06-11 21:37:50,2023-06
8455,11272,925,1846,3,"Smooth ride, on time.",2023-10-19 05:08:01,2023-10
8456,11274,1846,1288,3,,2022-12-05 04:25:08,2022-12
8457,11274,1288,1846,3,"Great driver, very professional!",2022-12-05 03:47:08,2022-12
8458,11276,1846,328,3,,2023-09-27 17:17:03,2023-09
8459,11276,328,1846,2,Super friendly and helpful.,2023-09-27 18:55:03,2023-09
8460,11277,1846,1853,3,,2023-07-24 17:28:17,2023-07
8461,11277,1853,1846,3,Very clean car.,2023-07-24 18:24:17,2023-07
8462,11279,1846,1206,5,"Perfect trip, no issues.",2023-08-31 00:17:28,2023-08
8463,11281,1846,155,4,Super friendly and helpful.,2022-05-31 11:38:43,2022-05
8464,11282,1781,1846,4,,2022-05-08 09:02:46,2022-05
8465,11283,690,1846,3,,2023-03-05 20:57:14,2023-03
8466,11284,1846,1956,4,,2023-12-01 02:33:02,2023-12
8467,11285,1846,1117,4,"Easy pickup, no problems.",2022-12-04 06:19:36,2022-12
8468,11286,1846,1139,5,,2024-02-19 10:18:02,2024-02
8469,11287,1948,1846,5,Very clean car.,2022-02-02 12:21:02,2022-02
8470,11291,1846,1187,3,Average experience.,2023-01-06 22:26:58,2023-01
8471,11292,1846,549,5,,2023-07-25 05:56:19,2023-07
8472,11294,1846,1547,4,,2024-03-24 12:36:42,2024-03
8473,11294,1547,1846,4,"Great driver, very professional!",2024-03-24 11:17:42,2024-03
8474,11295,1846,15,4,Super friendly and helpful.,2024-01-07 00:10:15,2024-01
8475,11299,1846,1413,5,,2023-06-07 19:05:11,2023-06
8476,11300,1846,436,3,,2024-06-24 12:25:50,2024-06
8477,11301,1846,543,2,Took a longer route.,2024-05-01 01:36:09,2024-05
8478,11301,543,1846,3,Super friendly and helpful.,2024-05-01 02:00:09,2024-05
8479,11302,1846,286,4,,2023-03-24 07:14:31,2023-03
8480,11304,1846,258,4,,2023-06-27 20:17:15,2023-06
8481,11306,1846,997,3,,2022-08-16 07:16:29,2022-08
8482,11308,1846,5,5,,2024-01-26 12:39:12,2024-01
8483,11308,5,1846,2,"Smooth ride, on time.",2024-01-26 13:01:12,2024-01
8484,11309,1846,1984,4,,2023-01-01 14:08:17,2023-01
8485,11309,1984,1846,3,Super friendly and helpful.,2023-01-01 15:03:17,2023-01
8486,11315,1846,969,3,"OK trip, nothing special.",2024-04-02 05:51:23,2024-04
8487,11315,969,1846,2,Very clean car.,2024-04-02 06:40:23,2024-04
8488,11319,1846,995,3,"OK trip, nothing special.",2023-06-12 14:16:22,2023-06
8489,11319,995,1846,3,,2023-06-12 15:37:22,2023-06
8490,11320,878,1846,4,"Excellent service, will ride again.",2023-01-05 21:31:01,2023-01
8491,11321,1846,1984,3,,2022-09-06 10:06:54,2022-09
8492,11325,1846,1108,4,,2023-08-30 21:36:18,2023-08
8493,11326,1846,1400,5,Fast and safe driver.,2023-09-28 06:07:34,2023-09
8494,11328,1846,1752,3,,2022-08-06 10:09:09,2022-08
8495,11328,1752,1846,3,Super friendly and helpful.,2022-08-06 10:50:09,2022-08
8496,11331,630,1846,3,"Great driver, very professional!",2022-01-28 10:14:12,2022-01
8497,11332,1846,1227,4,,2022-12-11 16:28:54,2022-12
8498,11332,1227,1846,2,Very clean car.,2022-12-11 18:00:54,2022-12
8499,11337,1846,1099,4,,2022-10-30 15:23:07,2022-10
8500,11338,1846,1584,5,,2023-01-07 21:51:06,2023-01
8501,11339,1846,898,4,,2023-04-10 06:46:22,2023-04
8502,11341,2,1846,3,"Great driver, very professional!",2023-04-22 14:47:49,2023-04
8503,11342,1846,15,5,Super friendly and helpful.,2023-08-02 21:00:59,2023-08
8504,11343,1846,957,3,,2023-02-27 06:16:50,2023-02
8505,11346,1846,318,4,Loved the music selection!,2024-03-18 02:32:28,2024-03
8506,11347,1846,1471,5,,2023-11-05 05:41:27,2023-11
8507,11348,1394,1846,5,,2022-10-04 06:40:45,2022-10
8508,11350,1846,1183,3,Average experience.,2024-01-11 16:49:05,2024-01
8509,11350,1183,1846,4,Very clean car.,2024-01-11 17:49:05,2024-01
8510,11352,813,1187,4,"Quick and efficient, thanks!",2023-11-26 04:09:28,2023-11
8511,11353,813,553,3,,2022-02-02 23:53:49,2022-02
8512,11355,813,136,4,"Perfect trip, no issues.",2022-05-16 16:57:50,2022-05
8513,11357,813,14,5,"Perfect trip, no issues.",2024-06-14 08:17:11,2024-06
8514,11357,14,813,1,,2024-06-14 08:24:11,2024-06
8515,11359,223,1937,4,,2023-10-25 02:15:43,2023-10
8516,11360,223,393,5,,2024-04-17 23:35:14,2024-04
8517,11360,393,223,4,"Excellent service, will ride again.",2024-04-18 01:47:14,2024-04
8518,11361,223,1187,3,,2022-01-19 03:09:52,2022-01
8519,11361,1187,223,4,"Great driver, very professional!",2022-01-19 04:42:52,2022-01
8520,11362,1208,452,5,Fast and safe driver.,2022-01-24 02:16:57,2022-01
8521,11364,1208,1371,5,"Easy pickup, no problems.",2022-08-29 01:05:20,2022-08
8522,11365,1208,728,4,"5 stars, highly recommend!",2022-06-23 09:55:22,2022-06
8523,11367,1208,1413,3,Fine driver.,2023-07-19 15:04:29,2023-07
8524,11368,1208,477,4,Loved the music selection!,2024-01-20 06:21:56,2024-01
8525,11368,477,1208,3,Super friendly and helpful.,2024-01-20 07:50:56,2024-01
8526,11369,1208,1700,4,,2023-05-28 07:19:51,2023-05
8527,11370,1208,1243,4,,2023-06-14 21:20:27,2023-06
8528,11370,1243,1208,3,"Great driver, very professional!",2023-06-14 22:43:27,2023-06
8529,11371,1208,748,5,,2023-01-29 04:05:12,2023-01
8530,11371,748,1208,3,"Great driver, very professional!",2023-01-29 04:32:12,2023-01
8531,11374,1208,1575,2,Took a longer route.,2024-01-20 16:26:25,2024-01
8532,11375,1208,1894,2,Had trouble finding the pickup spot.,2022-02-01 20:48:56,2022-02
8533,11377,1208,1438,4,,2023-11-15 22:49:48,2023-11
8534,11378,1208,1955,3,Got there safely.,2023-01-05 21:47:27,2023-01
8535,11379,1208,1400,5,"Great rider, very polite.",2023-10-12 22:32:12,2023-10
8536,11380,1208,324,5,"Great driver, very professional!",2023-03-13 15:31:54,2023-03
8537,11380,324,1208,3,"Excellent service, will ride again.",2023-03-13 16:52:54,2023-03
8538,11382,1208,235,4,,2023-03-26 13:48:38,2023-03
8539,11384,1357,1987,4,,2023-08-02 03:57:36,2023-08
8540,11385,1357,327,5,,2023-11-01 11:56:58,2023-11
8541,11387,1357,1227,4,Car was spotless.,2023-10-08 00:29:06,2023-10
8542,11388,1357,1091,3,Trip was okay.,2023-04-11 14:54:42,2023-04
8543,11388,1091,1357,3,"Smooth ride, on time.",2023-04-11 15:40:42,2023-04
8544,11389,1040,1357,4,Super friendly and helpful.,2024-02-17 22:50:34,2024-02
8545,11390,1357,608,5,Fast and safe driver.,2023-11-19 19:38:13,2023-11
8546,11390,608,1357,4,"Excellent service, will ride again.",2023-11-19 21:29:13,2023-11
8547,11392,1357,593,4,"Easy pickup, no problems.",2023-08-13 23:38:17,2023-08
8548,11395,1357,1044,4,,2022-01-15 05:41:55,2022-01
8549,11397,1357,89,3,Average experience.,2022-06-30 14:51:48,2022-06
8550,11398,1357,1828,5,"Quick and efficient, thanks!",2024-04-27 22:05:53,2024-04
8551,11398,1828,1357,5,Very clean car.,2024-04-27 23:24:53,2024-04
8552,11399,1357,1352,4,,2022-08-13 20:21:44,2022-08
8553,11399,1352,1357,3,Very clean car.,2022-08-13 21:16:44,2022-08
8554,11400,1357,1755,2,Took too long.,2023-12-02 21:50:19,2023-12
8555,11400,1755,1357,4,,2023-12-02 21:57:19,2023-12
8556,11402,131,1121,4,"Excellent service, will ride again.",2023-09-04 18:16:46,2023-09
8557,11404,1121,1605,4,,2022-08-11 19:06:59,2022-08
8558,11405,940,1121,3,"Excellent service, will ride again.",2023-11-30 10:51:38,2023-11
8559,11406,1121,1091,3,Average experience.,2023-04-22 01:27:31,2023-04
8560,11407,1121,1507,3,Nothing to complain about.,2023-09-09 09:57:25,2023-09
8561,11411,1121,121,3,,2024-05-12 14:34:46,2024-05
8562,11411,121,1121,3,"Great driver, very professional!",2024-05-12 16:26:46,2024-05
8563,11412,1121,1507,5,"Quick and efficient, thanks!",2023-08-30 08:47:27,2023-08
8564,11414,1121,394,5,Very clean car.,2022-09-29 13:48:29,2022-09
8565,11414,394,1121,3,"Great driver, very professional!",2022-09-29 14:27:29,2022-09
8566,11416,1121,759,3,,2023-04-27 05:50:03,2023-04
8567,11416,759,1121,4,"Excellent service, will ride again.",2023-04-27 04:55:03,2023-04
8568,11417,1121,1023,3,Got there safely.,2022-10-17 16:20:36,2022-10
8569,11418,1121,1755,2,,2023-05-29 06:21:36,2023-05
8570,11418,1755,1121,4,"Great driver, very professional!",2023-05-29 08:00:36,2023-05
8571,11419,1121,690,3,,2022-11-28 08:30:23,2022-11
8572,11422,70,318,4,,2022-12-22 19:41:42,2022-12
8573,11423,70,199,4,Super friendly and helpful.,2022-05-25 21:43:21,2022-05
8574,11424,70,1196,4,,2023-12-01 12:18:46,2023-12
8575,11431,873,766,2,,2022-03-05 16:38:40,2022-03
8576,11432,873,647,3,"OK trip, nothing special.",2023-12-24 23:45:02,2023-12
8577,11433,873,1243,4,"Easy pickup, no problems.",2023-10-04 04:13:46,2023-10
8578,11436,1573,162,5,,2023-02-04 01:16:04,2023-02
8579,11437,383,324,5,Loved the music selection!,2023-12-01 00:15:18,2023-12
8580,11439,383,192,4,"Quick and efficient, thanks!",2023-08-10 00:19:59,2023-08
8581,11440,1705,256,3,"OK trip, nothing special.",2022-12-24 04:00:00,2022-12
8582,11440,256,1705,3,"Excellent service, will ride again.",2022-12-24 03:54:00,2022-12
8583,11441,1705,1084,3,,2023-01-02 02:05:09,2023-01
8584,11445,1705,318,4,Very courteous driver.,2022-01-21 17:43:35,2022-01
8585,11445,318,1705,5,,2022-01-21 16:33:35,2022-01
8586,11446,1705,515,2,,2023-11-24 05:57:10,2023-11
8587,11447,1544,1705,5,"Excellent service, will ride again.",2022-01-02 09:22:25,2022-01
8588,11448,121,1705,4,Super friendly and helpful.,2022-08-31 03:13:11,2022-08
8589,11449,1705,608,4,Very comfortable ride.,2022-05-08 00:14:11,2022-05
8590,11450,1705,677,2,,2024-04-20 17:32:20,2024-04
8591,11452,1705,1170,4,"5 stars, highly recommend!",2022-10-23 17:18:51,2022-10
8592,11453,1705,1471,4,Loved the music selection!,2024-01-05 02:52:06,2024-01
8593,11453,1471,1705,4,"Excellent service, will ride again.",2024-01-05 04:01:06,2024-01
8594,11455,1705,97,4,Loved the music selection!,2022-05-12 05:09:49,2022-05
8595,11456,1705,187,4,Fast and safe driver.,2023-05-26 06:37:20,2023-05
8596,11457,1705,608,3,Acceptable ride.,2022-01-07 12:27:48,2022-01
8597,11458,1705,543,4,,2023-01-21 05:53:03,2023-01
8598,11458,543,1705,4,"Excellent service, will ride again.",2023-01-21 06:40:03,2023-01
8599,11460,1705,1575,3,Acceptable ride.,2023-04-11 11:55:46,2023-04
8600,11461,1705,1170,3,Nothing to complain about.,2022-06-15 00:59:37,2022-06
8601,11462,1705,1023,2,Driver was rude.,2022-10-03 16:44:20,2022-10
8602,11462,1023,1705,3,"Great driver, very professional!",2022-10-03 15:37:20,2022-10
8603,11463,1705,1356,4,Very courteous driver.,2024-04-30 08:17:51,2024-04
8604,11465,1705,1302,4,Very courteous driver.,2024-06-13 11:11:05,2024-06
8605,11465,1302,1705,4,Super friendly and helpful.,2024-06-13 13:24:05,2024-06
8606,11468,1705,1472,4,,2024-04-09 20:16:56,2024-04
8607,11469,1705,1472,4,"Smooth ride, on time.",2022-09-17 02:43:39,2022-09
8608,11469,1472,1705,3,,2022-09-17 03:43:39,2022-09
8609,11470,1705,1532,4,Loved the music selection!,2022-03-24 11:52:14,2022-03
8610,11473,1705,630,4,,2022-06-11 17:34:25,2022-06
8611,11476,1705,665,3,Acceptable ride.,2023-06-25 20:22:03,2023-06
8612,11476,665,1705,4,Super friendly and helpful.,2023-06-25 22:19:03,2023-06
8613,11477,1705,919,5,,2023-10-03 23:07:30,2023-10
8614,11477,919,1705,3,Super friendly and helpful.,2023-10-04 00:54:30,2023-10
8615,11478,1705,65,4,,2023-07-01 19:03:00,2023-07
8616,11479,1705,120,3,,2023-09-14 06:38:55,2023-09
8617,11480,1705,288,4,"Quick and efficient, thanks!",2024-03-15 13:41:16,2024-03
8618,11480,288,1705,4,"Excellent service, will ride again.",2024-03-15 15:16:16,2024-03
8619,11481,318,1705,4,,2022-05-05 12:26:33,2022-05
8620,11483,1705,1198,4,,2023-06-17 02:14:37,2023-06
8621,11484,1705,258,5,"5 stars, highly recommend!",2024-02-13 14:19:24,2024-02
8622,11485,1705,328,4,,2024-05-23 21:53:58,2024-05
8623,11486,1705,394,4,"Perfect trip, no issues.",2022-04-28 22:11:50,2022-04
8624,11487,1196,1705,3,"Great driver, very professional!",2022-09-25 16:19:51,2022-09
8625,11488,423,1509,4,Very clean car.,2023-11-20 02:11:02,2023-11
8626,11489,423,1955,4,,2023-06-05 10:02:53,2023-06
8627,11491,423,376,3,,2022-05-08 18:24:36,2022-05
8628,11493,1562,423,3,Very clean car.,2024-01-26 23:12:04,2024-01
8629,11494,115,423,3,,2023-06-16 18:30:25,2023-06
8630,11495,423,867,3,,2024-01-02 20:17:30,2024-01
8631,11496,423,1794,4,"Perfect trip, no issues.",2022-12-03 04:11:18,2022-12
8632,11497,423,502,3,Decent experience.,2022-05-01 13:19:35,2022-05
8633,11498,1323,1198,5,,2023-02-12 12:44:40,2023-02
8634,11499,1323,1736,4,Car was spotless.,2022-03-30 19:55:04,2022-03
8635,11500,1323,612,3,Acceptable ride.,2023-01-26 02:43:33,2023-01
8636,11501,1323,258,3,,2024-06-14 20:45:51,2024-06
8637,11502,26,1044,4,,2024-04-21 22:26:24,2024-04
8638,11503,26,1684,4,,2023-02-27 01:33:02,2023-02
8639,11505,879,1302,3,Decent experience.,2024-01-17 02:41:38,2024-01
8640,11509,771,1403,3,,2022-10-11 10:03:57,2022-10
8641,11509,1403,771,4,Super friendly and helpful.,2022-10-11 12:24:57,2022-10
8642,11510,771,1981,5,Loved the music selection!,2022-02-01 18:48:46,2022-02
8643,11510,1981,771,3,Super friendly and helpful.,2022-02-01 18:48:46,2022-02
8644,11514,771,434,4,Very comfortable ride.,2024-01-03 23:02:54,2024-01
8645,11516,771,1293,4,"Easy pickup, no problems.",2022-02-20 10:58:54,2022-02
8646,11517,771,789,4,,2023-02-19 00:04:26,2023-02
8647,11517,789,771,3,"Excellent service, will ride again.",2023-02-19 01:12:26,2023-02
8648,11519,771,1562,4,Super friendly and helpful.,2022-11-27 04:42:09,2022-11
8649,11519,1562,771,3,"Smooth ride, on time.",2022-11-27 04:08:09,2022-11
8650,11520,771,1828,5,Very courteous driver.,2023-06-26 05:30:07,2023-06
8651,11520,1828,771,3,,2023-06-26 07:03:07,2023-06
8652,11521,771,571,5,Super friendly and helpful.,2023-12-07 07:01:47,2023-12
8653,11522,1637,334,1,,2023-04-09 04:20:03,2023-04
8654,11522,334,1637,4,"Great driver, very professional!",2023-04-09 04:31:03,2023-04
8655,11523,1637,393,4,,2024-01-11 04:28:25,2024-01
8656,11524,1637,1869,5,Super friendly and helpful.,2023-08-03 06:45:56,2023-08
8657,11524,1869,1637,4,"Great driver, very professional!",2023-08-03 05:17:56,2023-08
8658,11526,511,207,4,"Perfect trip, no issues.",2024-05-22 12:14:16,2024-05
8659,11528,1746,117,2,Driver was late.,2022-08-01 02:39:32,2022-08
8660,11529,1363,1288,2,,2024-06-25 11:40:40,2024-06
8661,11530,1555,604,4,"Smooth ride, on time.",2023-07-25 23:25:26,2023-07
8662,11531,1133,2,5,,2022-11-16 11:50:41,2022-11
8663,11531,2,1133,3,"Great driver, very professional!",2022-11-16 14:07:41,2022-11
8664,11532,1133,1023,3,Got there safely.,2023-04-24 15:38:08,2023-04
8665,11534,1133,1352,5,,2022-11-27 19:42:25,2022-11
8666,11536,1133,1105,5,,2023-12-11 11:33:07,2023-12
8667,11536,1105,1133,2,"Smooth ride, on time.",2023-12-11 12:29:07,2023-12
8668,11537,1133,1302,3,Acceptable ride.,2022-05-02 07:14:17,2022-05
8669,11538,1133,1562,3,Nothing to complain about.,2023-08-21 14:05:23,2023-08
8670,11538,1562,1133,2,"Great driver, very professional!",2023-08-21 14:56:23,2023-08
8671,11540,1133,1198,4,,2023-02-03 23:52:11,2023-02
8672,11541,1133,833,5,,2023-04-25 14:44:19,2023-04
8673,11541,833,1133,2,Very clean car.,2023-04-25 14:28:19,2023-04
8674,11543,1133,1558,2,Not very clean.,2023-08-10 02:41:57,2023-08
8675,11543,1558,1133,4,"Great driver, very professional!",2023-08-10 03:34:57,2023-08
8676,11548,1133,1941,5,"Perfect trip, no issues.",2023-09-22 15:47:08,2023-09
8677,11548,1941,1133,5,,2023-09-22 17:14:08,2023-09
8678,11549,1133,469,2,,2022-03-04 10:26:57,2022-03
8679,11552,1133,957,4,"Quick and efficient, thanks!",2022-10-08 16:22:48,2022-10
8680,11552,957,1133,5,"Excellent service, will ride again.",2022-10-08 18:35:48,2022-10
8681,11553,1133,31,5,,2024-06-24 13:46:46,2024-06
8682,11555,1133,544,4,,2022-04-03 17:12:41,2022-04
8683,11555,544,1133,4,"Smooth ride, on time.",2022-04-03 18:13:41,2022-04
8684,11556,1133,543,4,Fast and safe driver.,2022-06-03 23:04:33,2022-06
8685,11556,543,1133,4,Very clean car.,2022-06-03 23:32:33,2022-06
8686,11557,1133,117,3,,2023-01-26 01:21:25,2023-01
8687,11558,1133,1170,5,,2022-08-15 00:58:26,2022-08
8688,11559,1133,458,3,Average experience.,2022-03-25 19:29:20,2022-03
8689,11560,1133,187,3,,2023-04-09 19:16:42,2023-04
8690,11560,187,1133,4,"Smooth ride, on time.",2023-04-09 20:21:42,2023-04
8691,11561,1133,1781,4,,2022-06-19 05:23:20,2022-06
8692,11565,1133,1999,2,Rough driving.,2024-03-20 03:56:39,2024-03
8693,11566,1133,986,4,Loved the music selection!,2023-12-05 23:48:39,2023-12
8694,11567,1133,1181,4,,2023-11-20 10:35:04,2023-11
8695,11568,1133,448,4,,2024-06-10 05:38:09,2024-06
8696,11569,1133,1324,2,Driver was rude.,2023-02-14 09:42:17,2023-02
8697,11571,1133,1131,5,,2022-12-02 09:29:43,2022-12
8698,11573,1133,1755,3,Decent experience.,2022-07-21 20:07:37,2022-07
8699,11574,1133,1956,4,,2022-11-13 16:10:05,2022-11
8700,11575,1133,1328,4,,2024-02-19 18:39:29,2024-02
8701,11577,1133,1373,4,,2022-03-28 16:16:51,2022-03
8702,11580,1133,225,4,,2022-03-31 21:59:44,2022-03
8703,11581,1133,1472,3,,2024-02-04 20:36:28,2024-02
8704,11582,1133,477,4,Loved the music selection!,2023-09-21 06:50:46,2023-09
8705,11582,477,1133,3,"Smooth ride, on time.",2023-09-21 05:42:46,2023-09
8706,11586,1133,430,3,"OK trip, nothing special.",2022-01-28 14:04:40,2022-01
8707,11586,430,1133,4,"Smooth ride, on time.",2022-01-28 12:25:40,2022-01
8708,11589,1133,1105,5,Super friendly and helpful.,2023-05-21 06:46:03,2023-05
8709,11590,1133,1343,4,,2022-02-02 23:04:50,2022-02
8710,11591,1133,959,5,,2023-10-02 18:58:05,2023-10
8711,11592,1133,1087,3,,2023-01-15 13:21:52,2023-01
8712,11594,1133,1471,3,,2023-01-14 06:17:08,2023-01
8713,11594,1471,1133,5,"Smooth ride, on time.",2023-01-14 08:31:08,2023-01
8714,11595,1133,867,2,Had trouble finding the pickup spot.,2023-02-26 05:31:11,2023-02
8715,11596,1133,1763,4,,2022-01-26 03:17:45,2022-01
8716,11599,1133,162,4,Fast and safe driver.,2024-05-07 08:01:12,2024-05
8717,11599,162,1133,2,Very clean car.,2024-05-07 08:18:12,2024-05
8718,11601,335,1133,3,"Excellent service, will ride again.",2023-01-19 17:47:23,2023-01
8719,11604,1133,450,4,,2023-03-15 17:01:57,2023-03
8720,11604,450,1133,4,"Smooth ride, on time.",2023-03-15 19:01:57,2023-03
8721,11606,1133,225,3,,2022-01-20 03:58:40,2022-01
8722,11607,1133,1410,5,"5 stars, highly recommend!",2023-02-17 02:49:46,2023-02
8723,11607,1410,1133,3,"Excellent service, will ride again.",2023-02-17 04:41:46,2023-02
8724,11609,1133,1794,3,Fine driver.,2022-07-20 07:04:02,2022-07
8725,11609,1794,1133,3,,2022-07-20 07:55:02,2022-07
8726,11610,1133,920,3,,2023-03-23 03:26:27,2023-03
8727,11611,1983,1133,3,"Excellent service, will ride again.",2023-11-04 21:53:01,2023-11
8728,11612,1133,585,3,Got there safely.,2023-02-08 12:09:28,2023-02
8729,11613,1133,1999,4,,2024-03-26 05:00:33,2024-03
8730,11615,1133,919,4,Super friendly and helpful.,2022-12-22 12:48:56,2022-12
8731,11616,1133,1311,2,,2023-08-29 08:21:58,2023-08
8732,11618,1133,697,3,Fine driver.,2023-09-14 04:06:44,2023-09
8733,11618,697,1133,4,"Excellent service, will ride again.",2023-09-14 05:20:44,2023-09
8734,11620,1572,776,3,,2022-04-08 23:33:40,2022-04
8735,11620,776,1572,5,"Excellent service, will ride again.",2022-04-08 23:18:40,2022-04
8736,11621,130,602,4,,2023-03-23 23:17:26,2023-03
8737,11623,130,1343,4,,2023-03-08 18:01:06,2023-03
8738,11624,947,130,4,"Great driver, very professional!",2023-04-16 17:20:30,2023-04
8739,11626,130,1081,4,Super friendly and helpful.,2023-11-22 00:48:12,2023-11
8740,11626,1081,130,4,Super friendly and helpful.,2023-11-22 00:36:12,2023-11
8741,11627,130,1941,3,,2022-10-22 06:14:09,2022-10
8742,11628,130,192,4,"Easy pickup, no problems.",2023-07-31 18:01:11,2023-07
8743,11628,192,130,4,"Smooth ride, on time.",2023-07-31 16:43:11,2023-07
8744,11629,130,323,4,,2023-06-21 17:49:12,2023-06
8745,11629,323,130,4,"Smooth ride, on time.",2023-06-21 19:02:12,2023-06
8746,11631,130,977,4,,2022-12-22 04:32:40,2022-12
8747,11632,130,1987,5,,2022-01-18 01:36:38,2022-01
8748,11632,1987,130,4,,2022-01-18 02:43:38,2022-01
8749,11633,130,1865,4,,2023-09-28 17:00:47,2023-09
8750,11634,130,1830,3,,2023-04-28 02:44:49,2023-04
8751,11635,142,130,2,"Excellent service, will ride again.",2022-06-29 20:00:09,2022-06
8752,11636,130,1839,2,Driver was late.,2022-07-22 05:53:56,2022-07
8753,11637,130,585,4,"5 stars, highly recommend!",2023-07-29 09:30:37,2023-07
8754,11637,585,130,5,"Excellent service, will ride again.",2023-07-29 08:33:37,2023-07
8755,11638,1933,130,3,Super friendly and helpful.,2022-11-19 15:31:43,2022-11
8756,11640,130,318,3,,2023-10-12 08:01:54,2023-10
8757,11641,130,977,3,,2023-07-24 07:25:26,2023-07
8758,11642,130,508,4,,2023-10-15 14:57:55,2023-10
8759,11643,130,866,5,Car was spotless.,2023-03-06 09:01:56,2023-03
8760,11645,1686,1955,4,Car was spotless.,2022-01-16 21:47:37,2022-01
8761,11646,1686,1658,5,,2023-04-03 12:32:48,2023-04
8762,11647,1686,957,3,,2022-07-06 23:12:49,2022-07
8763,11656,852,1040,5,,2023-03-08 09:49:23,2023-03
8764,11661,1243,852,3,,2023-01-20 05:30:05,2023-01
8765,11662,852,271,5,"5 stars, highly recommend!",2023-06-20 14:08:24,2023-06
8766,11662,271,852,4,"Great driver, very professional!",2023-06-20 14:39:24,2023-06
8767,11663,852,822,2,,2023-09-19 16:12:25,2023-09
8768,11665,852,1775,4,,2022-08-11 07:32:34,2022-08
8769,11666,1108,852,3,"Great driver, very professional!",2022-08-28 11:28:19,2022-08
8770,11667,852,117,4,Super friendly and helpful.,2022-01-14 05:55:00,2022-01
8771,11668,852,207,5,"Perfect trip, no issues.",2022-07-13 05:00:37,2022-07
8772,11669,852,1293,4,,2022-04-11 15:21:17,2022-04
8773,11669,1293,852,4,,2022-04-11 16:54:17,2022-04
8774,11673,36,866,4,,2023-08-03 04:14:32,2023-08
8775,11674,36,1775,3,Acceptable ride.,2022-09-13 19:58:55,2022-09
8776,11674,1775,36,2,Very clean car.,2022-09-13 21:00:55,2022-09
8777,11675,36,327,4,,2022-05-03 19:07:55,2022-05
8778,11676,36,1739,3,"OK trip, nothing special.",2023-11-12 22:58:12,2023-11
8779,11676,1739,36,4,,2023-11-12 22:42:12,2023-11
8780,11677,36,439,3,Nothing to complain about.,2023-07-21 07:18:26,2023-07
8781,11679,36,1141,5,Very comfortable ride.,2024-01-20 00:31:26,2024-01
8782,11682,934,1727,3,Nothing to complain about.,2022-06-05 12:01:28,2022-06
8783,11682,1727,934,2,Super friendly and helpful.,2022-06-05 12:43:28,2022-06
8784,11685,934,919,5,Super friendly and helpful.,2022-05-10 15:19:15,2022-05
8785,11687,934,1356,5,"Great driver, very professional!",2022-03-04 18:18:05,2022-03
8786,11687,1356,934,4,"Excellent service, will ride again.",2022-03-04 16:56:05,2022-03
8787,11688,934,1371,4,"Great driver, very professional!",2023-11-13 19:54:50,2023-11
8788,11688,1371,934,3,Very clean car.,2023-11-13 19:55:50,2023-11
8789,11689,934,1993,3,,2023-03-05 19:25:41,2023-03
8790,11692,934,1937,4,,2023-05-08 01:13:06,2023-05
8791,11694,934,97,3,Average experience.,2022-03-31 02:56:32,2022-03
8792,11697,934,608,5,"Easy pickup, no problems.",2024-06-18 14:56:02,2024-06
8793,11698,192,934,5,"Excellent service, will ride again.",2022-07-20 21:57:17,2022-07
8794,11701,934,1999,5,,2022-10-03 22:35:46,2022-10
8795,11702,401,1030,5,,2024-04-21 21:58:32,2024-04
8796,11702,1030,401,3,,2024-04-21 22:30:32,2024-04
8797,11703,894,818,3,"OK trip, nothing special.",2023-01-15 18:31:25,2023-01
8798,11704,894,665,3,,2022-12-04 03:43:09,2022-12
8799,11705,894,1183,5,Loved the music selection!,2023-02-27 01:56:15,2023-02
8800,11705,1183,894,3,"Smooth ride, on time.",2023-02-27 03:28:15,2023-02
8801,11707,894,1286,5,Very courteous driver.,2023-08-17 07:46:01,2023-08
8802,11709,485,1864,3,,2022-07-16 10:28:28,2022-07
8803,11710,1894,1864,4,Super friendly and helpful.,2024-06-23 19:12:55,2024-06
8804,11713,1864,643,3,,2022-11-06 09:43:51,2022-11
8805,11713,643,1864,3,,2022-11-06 09:07:51,2022-11
8806,11714,1864,1139,3,Trip was okay.,2024-01-02 16:08:24,2024-01
8807,11715,1864,176,3,,2023-09-24 16:55:57,2023-09
8808,11717,1864,199,5,,2022-09-09 17:21:24,2022-09
8809,11717,199,1864,4,"Great driver, very professional!",2022-09-09 18:14:24,2022-09
8810,11718,1864,1001,4,,2024-06-18 16:32:49,2024-06
8811,11719,1864,328,3,Got there safely.,2023-05-16 19:25:00,2023-05
8812,11719,328,1864,3,"Smooth ride, on time.",2023-05-16 20:52:00,2023-05
8813,11720,1864,351,5,,2023-01-30 15:23:21,2023-01
8814,11720,351,1864,3,"Great driver, very professional!",2023-01-30 15:18:21,2023-01
8815,11721,1864,1206,4,,2023-09-23 09:02:07,2023-09
8816,11725,1864,1139,3,,2022-12-21 01:07:57,2022-12
8817,11727,564,1864,2,,2024-04-13 07:14:11,2024-04
8818,11728,1864,1035,5,,2023-12-02 16:06:29,2023-12
8819,11730,1864,1035,4,"Easy pickup, no problems.",2022-08-11 06:21:48,2022-08
8820,11730,1035,1864,4,,2022-08-11 05:52:48,2022-08
8821,11731,1864,1117,5,"Quick and efficient, thanks!",2022-05-17 10:41:24,2022-05
8822,11731,1117,1864,4,"Smooth ride, on time.",2022-05-17 12:15:24,2022-05
8823,11732,1864,1869,5,Car was spotless.,2022-04-03 17:00:39,2022-04
8824,11733,1864,1651,4,,2022-03-31 23:09:37,2022-03
8825,11735,1864,1181,4,"Great rider, very polite.",2023-12-26 00:57:00,2023-12
8826,11735,1181,1864,3,,2023-12-26 01:27:00,2023-12
8827,11736,1864,947,3,,2022-01-21 02:09:28,2022-01
8828,11737,1864,1087,2,Had trouble finding the pickup spot.,2022-10-10 07:32:39,2022-10
8829,11738,1864,1221,3,,2024-04-18 06:20:50,2024-04
8830,11738,1221,1864,3,"Great driver, very professional!",2024-04-18 05:05:50,2024-04
8831,11740,1864,1739,3,Decent experience.,2023-03-20 23:01:19,2023-03
8832,11742,1864,394,4,Car was spotless.,2024-05-31 03:57:21,2024-05
8833,11743,1864,1087,3,,2022-03-19 02:24:33,2022-03
8834,11743,1087,1864,3,,2022-03-19 02:05:33,2022-03
8835,11744,434,1864,4,Very clean car.,2022-08-13 19:35:41,2022-08
8836,11745,1864,1532,4,Fast and safe driver.,2023-05-07 14:29:20,2023-05
8837,11747,1864,125,5,,2022-02-28 02:53:27,2022-02
8838,11748,1864,1653,3,,2024-04-20 02:44:55,2024-04
8839,11749,1864,24,4,Super friendly and helpful.,2022-06-13 03:30:23,2022-06
8840,11753,1864,995,2,Car smelled bad.,2024-03-16 21:33:05,2024-03
8841,11753,995,1864,4,"Great driver, very professional!",2024-03-16 21:21:05,2024-03
8842,11754,1864,1975,5,Very comfortable ride.,2022-02-17 00:25:57,2022-02
8843,11755,1864,1105,5,,2024-04-09 20:55:35,2024-04
8844,11757,1913,1040,5,Very comfortable ride.,2024-02-12 21:55:16,2024-02
8845,11760,1722,1828,4,Very clean car.,2024-04-03 19:11:04,2024-04
8846,11760,1828,1722,3,"Excellent service, will ride again.",2024-04-03 18:49:04,2024-04
8847,11761,1722,318,4,"Smooth ride, on time.",2023-06-14 07:49:58,2023-06
8848,11762,1722,1741,4,,2022-07-28 12:01:30,2022-07
8849,11763,1722,932,5,"Great driver, very professional!",2022-09-23 00:06:13,2022-09
8850,11763,932,1722,3,"Excellent service, will ride again.",2022-09-23 01:06:13,2022-09
8851,11768,979,1700,4,Super friendly and helpful.,2024-04-10 20:12:39,2024-04
8852,11769,428,759,3,Average experience.,2024-01-01 05:23:52,2024-01
8853,11770,428,201,4,,2024-01-30 00:48:30,2024-01
8854,11771,1188,24,4,"Smooth ride, on time.",2023-04-18 21:51:37,2023-04
8855,11771,24,1188,1,Super friendly and helpful.,2023-04-18 23:10:37,2023-04
8856,11772,1188,338,2,,2023-06-23 12:22:26,2023-06
8857,11774,1188,40,2,Took a longer route.,2023-06-19 09:29:18,2023-06
8858,11775,1044,1188,4,,2024-04-08 01:23:27,2024-04
8859,11776,1188,1497,3,,2024-04-12 18:14:09,2024-04
8860,11779,1188,327,5,,2022-06-11 18:34:08,2022-06
8861,11780,1188,1889,4,,2023-07-31 00:20:38,2023-07
8862,11780,1889,1188,4,"Smooth ride, on time.",2023-07-31 01:22:38,2023-07
8863,11781,1188,1331,4,,2023-08-06 16:54:53,2023-08
8864,11785,1394,1188,2,Super friendly and helpful.,2023-12-02 04:40:25,2023-12
8865,11788,1030,1188,2,Super friendly and helpful.,2022-03-29 15:22:50,2022-03
8866,11789,1188,818,2,Took too long.,2023-01-11 03:31:50,2023-01
8867,11790,1188,286,4,Fast and safe driver.,2022-08-27 09:09:05,2022-08
8868,11791,866,1188,4,"Great driver, very professional!",2023-09-18 15:28:06,2023-09
8869,11793,1188,1286,3,Acceptable ride.,2024-02-28 20:47:25,2024-02
8870,11794,1091,1188,3,"Smooth ride, on time.",2024-05-18 21:01:35,2024-05
8871,11796,1188,1350,3,Average experience.,2024-03-11 18:00:31,2024-03
8872,11797,1188,1839,4,,2023-12-13 21:02:24,2023-12
8873,11804,1188,1243,5,"Smooth ride, on time.",2022-12-31 17:21:41,2022-12
8874,11804,1243,1188,3,Very clean car.,2022-12-31 16:56:41,2022-12
8875,11808,643,1188,3,Very clean car.,2023-11-26 20:09:21,2023-11
8876,11809,1188,986,3,,2022-05-02 23:27:38,2022-05
8877,11809,986,1188,2,Super friendly and helpful.,2022-05-02 23:52:38,2022-05
8878,11810,748,1188,4,"Great driver, very professional!",2022-07-05 18:22:48,2022-07
8879,11811,1188,24,4,"Great driver, very professional!",2023-02-17 15:39:26,2023-02
8880,11812,1188,394,4,"Great rider, very polite.",2023-05-15 05:20:31,2023-05
8881,11814,1188,293,5,Very comfortable ride.,2024-02-21 16:16:06,2024-02
8882,11816,1188,1965,4,"Easy pickup, no problems.",2024-04-14 11:32:15,2024-04
8883,11818,1188,1781,4,Super friendly and helpful.,2023-10-24 12:37:46,2023-10
8884,11822,1188,1999,3,Nothing to complain about.,2022-06-04 03:39:55,2022-06
8885,11823,1853,1188,3,Super friendly and helpful.,2022-09-22 20:16:32,2022-09
8886,11828,762,969,3,,2022-11-23 15:43:33,2022-11
8887,11829,762,477,3,,2022-01-06 14:35:25,2022-01
8888,11829,477,762,4,Super friendly and helpful.,2022-01-06 12:45:25,2022-01
8889,11830,690,762,3,Very clean car.,2023-05-01 02:47:05,2023-05
8890,11831,762,15,4,Car was spotless.,2023-06-24 06:37:40,2023-06
8891,11832,762,1700,4,,2023-05-14 22:32:52,2023-05
8892,11835,762,1162,4,,2023-02-21 15:50:41,2023-02
8893,11837,762,1111,4,Fast and safe driver.,2022-11-20 05:51:26,2022-11
8894,11839,762,1088,3,,2023-12-11 19:24:27,2023-12
8895,11840,762,866,3,Got there safely.,2023-08-18 21:52:04,2023-08
8896,11841,762,1084,3,Average experience.,2023-12-25 00:08:57,2023-12
8897,11841,1084,762,3,Super friendly and helpful.,2023-12-24 23:34:57,2023-12
8898,11842,762,1812,3,Fine driver.,2024-05-22 13:10:03,2024-05
8899,11843,762,1947,5,Loved the music selection!,2023-11-29 23:03:06,2023-11
8900,11843,1947,762,4,,2023-11-29 22:22:06,2023-11
8901,11846,762,1561,5,,2022-09-08 20:51:21,2022-09
8902,11847,762,825,3,Trip was okay.,2023-06-28 01:51:57,2023-06
8903,11848,762,339,3,Acceptable ride.,2023-03-29 17:47:39,2023-03
8904,11850,762,1170,4,,2023-04-21 11:29:41,2023-04
8905,11850,1170,762,3,"Smooth ride, on time.",2023-04-21 12:08:41,2023-04
8906,11852,762,1310,5,Very courteous driver.,2024-02-24 05:36:46,2024-02
8907,11854,762,1482,3,"OK trip, nothing special.",2023-04-24 07:58:38,2023-04
8908,11857,1640,762,3,"Great driver, very professional!",2022-03-17 03:33:33,2022-03
8909,11858,762,1237,4,,2023-09-03 10:10:07,2023-09
8910,11858,1237,762,2,,2023-09-03 10:12:07,2023-09
8911,11859,762,1111,4,"Quick and efficient, thanks!",2024-01-18 10:45:44,2024-01
8912,11860,762,271,4,,2022-08-22 04:22:58,2022-08
8913,11862,762,162,4,Loved the music selection!,2024-04-09 20:42:33,2024-04
8914,11863,762,1741,4,Fast and safe driver.,2022-01-13 15:51:07,2022-01
8915,11863,1741,762,3,"Great driver, very professional!",2022-01-13 15:04:07,2022-01
8916,11864,762,867,4,,2023-09-09 11:43:50,2023-09
8917,11864,867,762,3,,2023-09-09 12:18:50,2023-09
8918,11865,762,323,4,,2023-04-28 04:43:00,2023-04
8919,11865,323,762,4,"Great driver, very professional!",2023-04-28 06:22:00,2023-04
8920,11868,1299,1187,3,Got there safely.,2023-04-23 17:21:20,2023-04
8921,11869,1299,271,5,Very clean car.,2023-02-12 15:19:19,2023-02
8922,11872,931,765,3,,2023-10-30 21:22:02,2023-10
8923,11872,765,931,5,"Great driver, very professional!",2023-10-30 22:18:02,2023-10
8924,11873,1100,931,4,,2023-02-16 13:36:56,2023-02
8925,11874,931,1350,5,,2023-10-06 12:40:09,2023-10
8926,11875,931,1410,5,Very courteous driver.,2022-11-06 21:08:38,2022-11
8927,11876,1265,494,5,,2023-04-08 01:48:13,2023-04
8928,11876,494,1265,3,Very clean car.,2023-04-08 01:04:13,2023-04
8929,11878,1265,1281,4,,2024-06-26 09:08:11,2024-06
8930,11878,1281,1265,4,"Excellent service, will ride again.",2024-06-26 09:01:11,2024-06
8931,11879,225,1265,4,"Smooth ride, on time.",2023-10-26 01:16:57,2023-10
8932,11880,1265,1472,5,,2024-06-25 16:35:24,2024-06
8933,11882,270,542,4,Super friendly and helpful.,2024-06-01 17:58:56,2024-06
8934,11882,542,270,3,"Smooth ride, on time.",2024-06-01 20:31:56,2024-06
8935,11884,270,5,3,,2022-08-05 10:54:16,2022-08
8936,11884,5,270,4,Super friendly and helpful.,2022-08-05 11:30:16,2022-08
8937,11887,213,1995,4,"Excellent service, will ride again.",2023-11-20 15:16:21,2023-11
8938,11888,1667,1196,3,Nothing to complain about.,2023-07-24 03:18:22,2023-07
8939,11888,1196,1667,2,Super friendly and helpful.,2023-07-24 04:24:22,2023-07
8940,11890,1667,1356,5,"Excellent service, will ride again.",2022-10-30 06:51:03,2022-10
8941,11891,476,1741,4,,2023-07-22 13:26:06,2023-07
8942,11892,476,52,5,"Quick and efficient, thanks!",2023-03-13 23:05:03,2023-03
8943,11893,99,14,3,Trip was okay.,2024-05-04 11:18:13,2024-05
8944,11894,99,1497,4,Very clean car.,2022-01-17 05:28:27,2022-01
8945,11895,99,1684,2,,2022-04-02 22:58:58,2022-04
8946,11896,99,1494,4,"5 stars, highly recommend!",2023-12-20 04:47:20,2023-12
8947,11897,99,1331,4,Car was spotless.,2022-03-08 04:18:35,2022-03
8948,11899,459,1956,4,,2022-01-16 07:41:18,2022-01
8949,11900,459,393,4,"Easy pickup, no problems.",2022-05-20 05:09:08,2022-05
8950,11901,459,1841,4,,2023-09-25 15:01:29,2023-09
8951,11902,459,1755,3,Acceptable ride.,2023-05-31 10:20:26,2023-05
8952,11905,459,1561,5,,2022-03-04 10:37:53,2022-03
8953,11907,459,469,3,Average experience.,2023-07-13 21:03:23,2023-07
8954,11909,1778,664,5,"5 stars, highly recommend!",2024-03-02 22:03:35,2024-03
8955,11909,664,1778,4,"Excellent service, will ride again.",2024-03-02 22:56:35,2024-03
8956,11910,1778,1561,4,"Easy pickup, no problems.",2023-05-20 12:14:49,2023-05
8957,11911,1778,1099,4,Fast and safe driver.,2023-08-28 23:16:47,2023-08
8958,11911,1099,1778,4,Very clean car.,2023-08-28 23:28:47,2023-08
8959,11912,1778,293,4,"Great driver, very professional!",2024-05-20 06:02:10,2024-05
8960,11913,1961,132,5,,2023-09-29 16:36:14,2023-09
8961,11915,1961,539,3,,2023-12-05 13:14:28,2023-12
8962,11915,539,1961,3,"Smooth ride, on time.",2023-12-05 13:29:28,2023-12
8963,11917,1961,1841,3,Trip was okay.,2022-12-28 05:53:04,2022-12
8964,11920,1961,741,3,Fine driver.,2024-04-08 20:52:54,2024-04
8965,11921,1961,446,2,,2022-03-12 00:15:33,2022-03
8966,11922,1961,1937,4,Super friendly and helpful.,2023-02-05 13:11:00,2023-02
8967,11923,1961,1775,5,,2022-05-30 08:32:57,2022-05
8968,11923,1775,1961,2,Very clean car.,2022-05-30 09:15:57,2022-05
8969,11927,1961,564,5,"Great rider, very polite.",2024-02-22 16:01:29,2024-02
8970,11928,1961,224,3,Got there safely.,2022-11-30 13:58:15,2022-11
8971,11928,224,1961,3,"Smooth ride, on time.",2022-11-30 15:26:15,2022-11
8972,11930,176,1961,3,"Great driver, very professional!",2024-06-23 12:18:41,2024-06
8973,11931,1961,44,4,"Smooth ride, on time.",2023-02-26 02:46:22,2023-02
8974,11931,44,1961,2,,2023-02-26 02:52:22,2023-02
8975,11932,1961,502,5,"Great rider, very polite.",2023-06-11 08:35:00,2023-06
8976,11933,1301,1961,3,"Great driver, very professional!",2024-03-09 09:48:50,2024-03
8977,11934,1206,587,4,"Excellent service, will ride again.",2022-01-07 12:32:00,2022-01
8978,11936,1254,1853,5,"Perfect trip, no issues.",2023-08-12 17:18:16,2023-08
8979,11936,1853,1254,3,Super friendly and helpful.,2023-08-12 17:21:16,2023-08
8980,11937,1254,121,4,"Smooth ride, on time.",2022-05-13 20:09:11,2022-05
8981,11938,1254,439,4,Car was spotless.,2023-01-18 16:57:27,2023-01
8982,11941,1254,1981,5,,2022-06-19 23:32:52,2022-06
8983,11941,1981,1254,2,"Great driver, very professional!",2022-06-19 23:23:52,2022-06
8984,11942,518,585,5,"5 stars, highly recommend!",2023-11-26 16:14:29,2023-11
8985,11944,518,199,3,Nothing to complain about.,2022-09-09 18:54:41,2022-09
8986,11946,518,1727,5,,2022-10-21 14:59:12,2022-10
8987,11946,1727,518,4,Super friendly and helpful.,2022-10-21 15:56:12,2022-10
8988,11947,518,1776,3,,2024-01-17 07:10:00,2024-01
8989,11947,1776,518,4,"Excellent service, will ride again.",2024-01-17 05:42:00,2024-01
8990,11948,518,293,4,"Perfect trip, no issues.",2024-01-02 07:15:23,2024-01
8991,11948,293,518,3,Super friendly and helpful.,2024-01-02 07:50:23,2024-01
8992,11950,518,957,3,,2022-07-30 08:10:35,2022-07
8993,11950,957,518,4,Super friendly and helpful.,2022-07-30 07:38:35,2022-07
8994,11952,518,1965,4,,2022-10-27 15:33:32,2022-10
8995,11952,1965,518,2,Very clean car.,2022-10-27 14:56:32,2022-10
8996,11953,518,1526,2,Driver was rude.,2022-06-07 04:08:52,2022-06
8997,11954,518,1030,5,Fast and safe driver.,2023-03-31 06:53:50,2023-03
8998,11955,518,1087,4,,2023-02-26 10:50:56,2023-02
8999,11955,1087,518,4,"Great driver, very professional!",2023-02-26 11:27:56,2023-02
9000,11956,64,318,4,,2024-01-02 01:07:17,2024-01
9001,11957,64,132,3,Trip was okay.,2022-08-27 16:17:14,2022-08
9002,11957,132,64,3,Super friendly and helpful.,2022-08-27 15:15:14,2022-08
9003,11961,1632,408,3,Average experience.,2023-02-02 18:53:15,2023-02
9004,11963,1632,1331,5,,2024-04-28 21:01:55,2024-04
9005,11963,1331,1632,2,Very clean car.,2024-04-28 21:49:55,2024-04
9006,11964,1632,1544,4,"Great rider, very polite.",2023-01-12 06:50:57,2023-01
9007,11964,1544,1632,3,Very clean car.,2023-01-12 07:45:57,2023-01
9008,11966,1632,1088,3,Got there safely.,2023-11-29 19:44:27,2023-11
9009,11967,1632,601,3,Fine driver.,2023-11-03 06:20:09,2023-11
9010,11967,601,1632,3,Super friendly and helpful.,2023-11-03 07:33:09,2023-11
9011,11970,1350,1632,2,,2022-11-15 07:43:30,2022-11
9012,11971,1632,1941,2,Had trouble finding the pickup spot.,2022-10-21 02:13:17,2022-10
9013,11972,860,1632,4,"Smooth ride, on time.",2022-07-21 16:18:06,2022-07
9014,11974,1632,898,4,"Smooth ride, on time.",2024-02-16 17:27:20,2024-02
9015,11975,1632,940,4,,2023-03-17 04:02:01,2023-03
9016,11976,1632,1765,3,,2023-06-06 06:27:20,2023-06
9017,11977,581,1794,3,,2022-05-15 12:37:05,2022-05
9018,11977,1794,581,4,"Great driver, very professional!",2022-05-15 11:49:05,2022-05
9019,11978,581,1658,4,"5 stars, highly recommend!",2022-11-10 08:22:24,2022-11
9020,11978,1658,581,3,"Smooth ride, on time.",2022-11-10 08:43:24,2022-11
9021,11979,581,1651,5,,2022-09-20 16:19:51,2022-09
9022,11980,581,1955,4,,2022-10-02 04:23:26,2022-10
9023,11982,581,120,3,Nothing to complain about.,2023-03-09 02:47:34,2023-03
9024,11983,581,44,4,"Great rider, very polite.",2022-01-18 12:54:36,2022-01
9025,11983,44,581,5,"Excellent service, will ride again.",2022-01-18 14:52:36,2022-01
9026,11986,581,104,4,,2022-11-23 11:06:03,2022-11
9027,11988,581,818,3,,2022-06-26 02:59:51,2022-06
9028,11989,199,581,5,"Smooth ride, on time.",2023-08-02 17:39:58,2023-08
9029,11990,581,1030,3,Nothing to complain about.,2024-03-11 18:19:55,2024-03
9030,11990,1030,581,4,Very clean car.,2024-03-11 16:30:55,2024-03
9031,11991,581,1301,5,"Perfect trip, no issues.",2023-07-22 06:27:55,2023-07
9032,11993,1286,581,3,"Excellent service, will ride again.",2024-01-11 06:04:13,2024-01
9033,11994,581,1139,4,"Quick and efficient, thanks!",2023-07-18 00:37:29,2023-07
9034,11994,1139,581,4,,2023-07-18 01:37:29,2023-07
9035,11997,581,131,3,,2023-08-01 02:16:46,2023-08
9036,11997,131,581,2,"Great driver, very professional!",2023-08-01 02:36:46,2023-08
9037,11999,1042,1653,4,"Smooth ride, on time.",2023-07-21 00:00:00,2023-07
9038,11999,1653,1042,3,"Excellent service, will ride again.",2023-07-21 00:25:00,2023-07
9039,12000,1042,1684,4,Very courteous driver.,2022-10-01 14:34:34,2022-10
9040,12001,1042,782,3,,2022-07-03 06:42:52,2022-07
9041,12001,782,1042,3,"Excellent service, will ride again.",2022-07-03 06:00:52,2022-07
9042,12004,583,1654,5,,2024-04-20 09:04:13,2024-04
9043,12005,583,230,3,Got there safely.,2023-08-03 11:02:17,2023-08
9044,12006,583,494,3,Decent experience.,2023-03-06 06:52:10,2023-03
9045,12007,1999,583,4,"Smooth ride, on time.",2023-05-26 14:07:53,2023-05
9046,12009,583,1472,5,"Smooth ride, on time.",2024-05-10 05:26:21,2024-05
9047,12010,583,1562,5,"Excellent service, will ride again.",2023-11-10 08:27:00,2023-11
9048,12010,1562,583,4,"Smooth ride, on time.",2023-11-10 10:31:00,2023-11
9049,12012,583,1380,4,Loved the music selection!,2022-11-25 07:54:16,2022-11
9050,12013,286,583,3,Super friendly and helpful.,2023-11-05 05:49:46,2023-11
9051,12014,583,1087,3,Acceptable ride.,2022-04-15 14:39:18,2022-04
9052,12015,583,898,5,Loved the music selection!,2024-05-17 16:28:20,2024-05
9053,12017,142,583,4,"Great driver, very professional!",2022-04-02 08:39:50,2022-04
9054,12018,583,1104,3,Trip was okay.,2023-02-26 01:37:46,2023-02
9055,12018,1104,583,4,"Smooth ride, on time.",2023-02-26 03:26:46,2023-02
9056,12022,69,1713,4,"Quick and efficient, thanks!",2022-05-27 10:31:44,2022-05
9057,12024,429,1310,3,,2023-04-05 01:37:22,2023-04
9058,12025,429,1995,4,,2022-06-01 14:56:23,2022-06
9059,12026,429,448,5,Super friendly and helpful.,2024-02-03 05:34:42,2024-02
9060,12026,448,429,3,,2024-02-03 07:41:42,2024-02
9061,12028,429,630,3,,2022-07-18 23:08:34,2022-07
9062,12029,429,201,4,,2022-10-02 16:34:27,2022-10
9063,12032,429,1248,4,,2024-06-06 04:21:34,2024-06
9064,12032,1248,429,3,Super friendly and helpful.,2024-06-06 05:34:34,2024-06
9065,12034,66,429,2,Super friendly and helpful.,2023-08-09 11:02:48,2023-08
9066,12035,429,977,3,,2023-01-27 11:01:28,2023-01
9067,12037,429,131,4,,2023-01-17 21:08:04,2023-01
9068,12040,429,1948,4,"5 stars, highly recommend!",2022-08-03 23:06:32,2022-08
9069,12040,1948,429,4,Super friendly and helpful.,2022-08-03 23:36:32,2022-08
9070,12042,429,570,3,,2022-10-30 16:42:45,2022-10
9071,12044,429,1410,4,,2023-09-23 20:07:03,2023-09
9072,12044,1410,429,4,Super friendly and helpful.,2023-09-23 18:43:03,2023-09
9073,12045,429,506,4,,2022-08-09 03:15:30,2022-08
9074,12046,564,429,4,"Great driver, very professional!",2023-08-27 20:28:07,2023-08
9075,12048,425,207,4,,2024-06-26 09:27:39,2024-06
9076,12049,425,1286,5,,2022-11-22 22:16:13,2022-11
9077,12050,60,1584,3,,2024-03-03 16:12:49,2024-03
9078,12051,698,929,5,"Quick and efficient, thanks!",2023-05-05 09:52:52,2023-05
9079,12054,698,1526,4,,2023-08-03 10:23:07,2023-08
9080,12055,698,1781,4,Fast and safe driver.,2024-05-17 17:26:47,2024-05
9081,12056,698,898,4,"Excellent service, will ride again.",2023-12-01 21:47:11,2023-12
9082,12057,698,44,5,,2022-06-25 03:35:31,2022-06
9083,12058,698,1955,4,Very clean car.,2023-07-18 14:12:41,2023-07
9084,12059,698,1243,5,"Perfect trip, no issues.",2022-08-14 02:36:57,2022-08
9085,12060,698,1547,4,,2022-05-02 21:42:26,2022-05
9086,12061,698,288,2,,2022-01-12 17:05:49,2022-01
9087,12061,288,698,3,Very clean car.,2022-01-12 17:32:49,2022-01
9088,12062,698,147,2,,2022-04-04 10:42:28,2022-04
9089,12062,147,698,3,"Smooth ride, on time.",2022-04-04 10:19:28,2022-04
9090,12063,698,146,3,Acceptable ride.,2022-10-13 20:04:03,2022-10
9091,12064,698,494,4,"Perfect trip, no issues.",2022-04-03 13:17:35,2022-04
9092,12065,1350,698,5,"Excellent service, will ride again.",2023-03-19 05:13:03,2023-03
9093,12067,698,97,3,Fine driver.,2022-02-11 07:03:19,2022-02
9094,12067,97,698,3,"Smooth ride, on time.",2022-02-11 09:23:19,2022-02
9095,12068,698,1853,4,Super friendly and helpful.,2024-05-04 13:01:38,2024-05
9096,12070,698,1135,4,,2024-01-22 15:26:32,2024-01
9097,12072,698,1894,3,,2023-11-10 03:39:41,2023-11
9098,12076,698,1509,5,,2023-07-21 16:47:10,2023-07
9099,12077,698,393,3,,2022-10-19 09:10:03,2022-10
9100,12079,698,920,3,"OK trip, nothing special.",2022-02-10 23:53:48,2022-02
9101,12080,698,1544,5,,2024-03-21 23:37:55,2024-03
9102,12081,698,742,5,,2023-04-15 04:50:36,2023-04
9103,12081,742,698,3,Super friendly and helpful.,2023-04-15 04:03:36,2023-04
9104,12083,698,1479,4,,2023-10-28 07:44:17,2023-10
9105,12084,698,115,3,Average experience.,2023-03-13 00:15:50,2023-03
9106,12086,698,822,3,,2022-06-19 21:31:22,2022-06
9107,12088,698,996,4,,2024-06-29 15:24:39,2024-06
9108,12089,698,1477,4,Loved the music selection!,2023-03-29 13:17:56,2023-03
9109,12090,698,331,5,,2023-05-24 13:34:26,2023-05
9110,12090,331,698,4,"Smooth ride, on time.",2023-05-24 15:31:26,2023-05
9111,12091,1210,698,4,Super friendly and helpful.,2022-03-18 13:48:55,2022-03
9112,12095,698,1865,5,,2022-09-20 18:30:59,2022-09
9113,12095,1865,698,3,"Smooth ride, on time.",2022-09-20 19:29:59,2022-09
9114,12096,698,705,3,,2024-05-27 07:34:30,2024-05
9115,12096,705,698,3,"Excellent service, will ride again.",2024-05-27 09:04:30,2024-05
9116,12097,698,919,4,Fast and safe driver.,2022-07-04 21:25:49,2022-07
9117,12100,698,1894,3,Trip was okay.,2024-01-02 02:30:40,2024-01
9118,12100,1894,698,3,Super friendly and helpful.,2024-01-02 02:02:40,2024-01
9119,12103,1479,698,3,"Excellent service, will ride again.",2023-04-05 23:32:19,2023-04
9120,12104,698,461,4,Very clean car.,2023-03-17 12:39:26,2023-03
9121,12105,698,488,2,Had trouble finding the pickup spot.,2023-08-31 23:00:37,2023-08
9122,12106,698,248,5,,2024-04-24 04:00:08,2024-04
9123,12107,698,1841,3,,2022-10-05 03:03:16,2022-10
9124,12108,698,1131,5,,2022-09-08 02:24:21,2022-09
9125,12109,698,271,5,,2023-12-01 08:49:08,2023-12
9126,12112,698,448,4,,2022-04-14 21:02:29,2022-04
9127,12112,448,698,3,"Excellent service, will ride again.",2022-04-14 20:51:29,2022-04
9128,12113,698,1352,3,,2022-07-30 05:25:59,2022-07
9129,12113,1352,698,4,"Excellent service, will ride again.",2022-07-30 05:01:59,2022-07
9130,12116,698,1999,4,,2024-02-24 21:29:04,2024-02
9131,12117,698,324,4,"Easy pickup, no problems.",2023-01-31 08:26:52,2023-01
9132,12118,698,1311,4,,2023-04-09 18:45:52,2023-04
9133,12118,1311,698,4,,2023-04-09 20:44:52,2023-04
9134,12119,1492,698,3,,2023-06-29 09:39:38,2023-06
9135,12120,698,324,4,,2022-06-06 01:15:15,2022-06
9136,12123,698,867,4,"Smooth ride, on time.",2022-12-30 22:13:22,2022-12
9137,12123,867,698,4,,2022-12-30 23:27:22,2022-12
9138,12125,698,1853,3,Trip was okay.,2024-04-29 00:45:55,2024-04
9139,12126,698,341,4,,2023-02-12 12:37:58,2023-02
9140,12126,341,698,2,Super friendly and helpful.,2023-02-12 13:01:58,2023-02
9141,12127,698,448,3,Got there safely.,2024-04-28 17:25:14,2024-04
9142,12129,698,393,4,"Quick and efficient, thanks!",2023-07-10 09:16:04,2023-07
9143,12130,1328,698,3,"Great driver, very professional!",2023-12-27 14:45:55,2023-12
9144,12131,698,1403,4,Loved the music selection!,2024-03-08 03:28:16,2024-03
9145,12132,698,1956,5,,2023-01-31 12:23:23,2023-01
9146,12134,698,1869,5,,2024-02-21 03:43:25,2024-02
9147,12135,698,1853,4,"Excellent service, will ride again.",2022-02-24 23:21:40,2022-02
9148,12136,698,389,4,,2024-03-25 12:51:51,2024-03
9149,12137,698,210,3,,2023-05-31 06:33:59,2023-05
9150,12138,506,698,3,Very clean car.,2022-08-08 22:50:00,2022-08
9151,12139,1838,52,4,"Great rider, very polite.",2024-05-14 21:05:44,2024-05
9152,12139,52,1838,4,Very clean car.,2024-05-14 22:15:44,2024-05
9153,12140,1619,446,4,,2022-02-26 20:04:29,2022-02
9154,12142,1763,1619,3,Very clean car.,2023-10-01 05:14:54,2023-10
9155,12144,1236,97,4,,2022-01-08 14:28:34,2022-01
9156,12144,97,1236,2,"Great driver, very professional!",2022-01-08 16:39:34,2022-01
9157,12146,1236,351,4,,2022-03-22 13:20:57,2022-03
9158,12147,1236,1649,3,Nothing to complain about.,2023-04-16 16:01:36,2023-04
9159,12147,1649,1236,2,,2023-04-16 15:43:36,2023-04
9160,12150,386,1776,4,Very comfortable ride.,2023-12-28 00:36:49,2023-12
9161,12151,1945,1477,4,"Excellent service, will ride again.",2022-04-09 04:22:30,2022-04
9162,12152,1342,612,3,Fine driver.,2022-01-19 07:09:32,2022-01
9163,12152,612,1342,2,"Smooth ride, on time.",2022-01-19 06:24:32,2022-01
9164,12153,1342,608,5,,2023-10-26 23:01:59,2023-10
9165,12158,1160,1991,4,"Quick and efficient, thanks!",2022-07-05 10:58:22,2022-07
9166,12159,1160,1243,5,"Great driver, very professional!",2022-07-08 00:45:18,2022-07
9167,12161,1578,1099,4,Very courteous driver.,2024-06-17 05:56:27,2024-06
9168,12162,1468,40,3,,2022-10-17 00:35:52,2022-10
9169,12162,40,1468,2,"Excellent service, will ride again.",2022-10-17 00:37:52,2022-10
9170,12163,1468,1955,4,,2022-09-11 11:00:19,2022-09
9171,12165,1468,1035,4,Very comfortable ride.,2022-04-16 10:20:22,2022-04
9172,12166,1468,286,4,,2023-02-02 21:46:45,2023-02
9173,12166,286,1468,4,"Excellent service, will ride again.",2023-02-02 23:15:45,2023-02
9174,12167,501,1237,4,Very clean car.,2023-02-19 21:11:59,2023-02
9175,12167,1237,501,3,"Great driver, very professional!",2023-02-19 21:12:59,2023-02
9176,12169,298,224,4,"5 stars, highly recommend!",2022-09-16 06:48:25,2022-09
9177,12169,224,298,4,Very clean car.,2022-09-16 07:38:25,2022-09
9178,12170,298,1437,3,,2024-03-17 19:30:08,2024-03
9179,12170,1437,298,3,"Great driver, very professional!",2024-03-17 20:08:08,2024-03
9180,12174,298,1221,3,Got there safely.,2024-06-01 23:28:45,2024-06
9181,12175,1825,298,2,Super friendly and helpful.,2022-07-13 17:47:26,2022-07
9182,12178,298,544,4,,2023-12-31 21:20:39,2023-12
9183,12178,544,298,3,,2023-12-31 22:21:39,2023-12
9184,12180,298,1590,3,,2023-08-08 12:56:39,2023-08
9185,12183,298,1544,5,,2022-10-14 09:34:12,2022-10
9186,12183,1544,298,4,"Excellent service, will ride again.",2022-10-14 09:44:12,2022-10
9187,12186,298,44,3,,2022-11-13 08:50:57,2022-11
9188,12187,298,1781,5,"Great rider, very polite.",2022-05-11 01:48:04,2022-05
9189,12187,1781,298,5,Very clean car.,2022-05-11 01:25:04,2022-05
9190,12188,298,1286,4,"5 stars, highly recommend!",2023-03-17 20:32:45,2023-03
9191,12191,298,1099,5,Fast and safe driver.,2024-06-19 01:51:13,2024-06
9192,12193,298,164,3,Acceptable ride.,2023-12-12 19:28:30,2023-12
9193,12194,298,31,4,Fast and safe driver.,2022-01-29 10:37:40,2022-01
9194,12196,1413,298,3,Very clean car.,2023-05-26 05:54:52,2023-05
9195,12199,14,298,2,"Great driver, very professional!",2023-10-24 14:57:06,2023-10
9196,12200,298,834,4,"Smooth ride, on time.",2022-02-16 19:23:59,2022-02
9197,12200,834,298,4,,2022-02-16 21:43:59,2022-02
9198,12201,298,1099,5,,2024-06-20 22:52:48,2024-06
9199,12202,298,1350,3,,2023-11-26 09:49:55,2023-11
9200,12203,298,612,3,,2022-03-25 00:00:58,2022-03
9201,12203,612,298,3,Very clean car.,2022-03-25 01:55:58,2022-03
9202,12205,485,298,4,Super friendly and helpful.,2024-04-12 04:35:05,2024-04
9203,12207,766,298,3,"Great driver, very professional!",2023-12-20 05:22:56,2023-12
9204,12208,1053,298,3,Very clean car.,2023-04-28 23:00:25,2023-04
9205,12209,298,789,3,Fine driver.,2023-06-28 19:05:37,2023-06
9206,12210,298,1471,4,,2022-03-28 22:29:37,2022-03
9207,12211,298,1724,5,"Excellent service, will ride again.",2022-03-21 11:57:55,2022-03
9208,12212,1162,298,4,Very clean car.,2023-08-18 11:25:29,2023-08
9209,12216,1198,298,4,"Excellent service, will ride again.",2022-10-16 01:49:49,2022-10
9210,12217,1461,298,4,Super friendly and helpful.,2022-04-05 08:23:39,2022-04
9211,12218,298,1853,4,Car was spotless.,2022-03-09 05:08:12,2022-03
9212,12221,298,1699,3,,2022-06-30 21:39:42,2022-06
9213,12222,298,1198,3,,2022-06-11 09:36:10,2022-06
9214,12223,298,665,3,,2022-01-30 09:07:48,2022-01
9215,12224,439,298,4,"Excellent service, will ride again.",2023-09-30 15:30:47,2023-09
9216,12225,298,1087,4,"5 stars, highly recommend!",2024-03-21 06:25:42,2024-03
9217,12226,298,1311,3,,2022-03-27 15:29:00,2022-03
9218,12227,298,705,4,"Great driver, very professional!",2023-01-04 01:58:07,2023-01
9219,12228,298,643,4,"Great rider, very polite.",2023-05-03 05:19:19,2023-05
9220,12232,298,1562,5,,2023-02-24 10:32:17,2023-02
9221,12233,498,298,3,"Great driver, very professional!",2023-10-02 17:35:13,2023-10
9222,12234,298,1724,4,"Easy pickup, no problems.",2024-04-12 19:25:13,2024-04
9223,12235,298,97,3,,2022-04-01 06:52:02,2022-04
9224,12236,298,394,5,Very courteous driver.,2024-04-20 07:57:30,2024-04
9225,12239,1575,298,3,,2023-11-23 12:38:56,2023-11
9226,12240,298,1170,5,"Great rider, very polite.",2024-02-25 20:26:34,2024-02
9227,12241,298,1053,4,,2022-07-27 15:14:09,2022-07
9228,12242,298,1763,3,Fine driver.,2023-04-27 21:31:30,2023-04
9229,12243,298,119,5,,2023-04-13 03:37:25,2023-04
9230,12245,570,411,3,"Great driver, very professional!",2023-03-09 18:25:05,2023-03
9231,12246,411,544,5,,2022-03-07 05:36:19,2022-03
9232,12249,411,1023,3,,2023-03-01 01:04:24,2023-03
9233,12249,1023,411,3,Super friendly and helpful.,2023-03-01 03:19:24,2023-03
9234,12250,553,411,4,"Great driver, very professional!",2024-01-02 13:19:41,2024-01
9235,12251,411,225,3,,2024-04-08 11:52:42,2024-04
9236,12252,411,131,4,"Perfect trip, no issues.",2023-07-20 18:43:03,2023-07
9237,12255,411,1373,4,,2023-05-15 16:09:18,2023-05
9238,12257,55,411,2,,2023-06-29 11:51:38,2023-06
9239,12258,1196,411,3,"Great driver, very professional!",2022-02-17 22:58:21,2022-02
9240,12260,237,1965,4,,2024-05-15 19:19:27,2024-05
9241,12260,1965,237,5,"Great driver, very professional!",2024-05-15 19:04:27,2024-05
9242,12264,395,1309,4,,2022-10-05 14:36:26,2022-10
9243,12265,395,1141,4,Very clean car.,2022-08-23 11:15:13,2022-08
9244,12266,395,1608,5,"Excellent service, will ride again.",2022-04-27 21:19:27,2022-04
9245,12266,1608,395,3,"Great driver, very professional!",2022-04-27 21:20:27,2022-04
9246,12267,395,1181,4,,2023-02-11 21:55:33,2023-02
9247,12269,395,24,5,,2024-01-13 17:29:10,2024-01
9248,12269,24,395,4,,2024-01-13 15:41:10,2024-01
9249,12270,1248,395,3,Super friendly and helpful.,2022-12-16 00:10:01,2022-12
9250,12271,395,467,3,,2024-06-11 21:39:47,2024-06
9251,12273,395,293,4,Loved the music selection!,2024-02-07 06:57:27,2024-02
9252,12273,293,395,4,,2024-02-07 07:08:27,2024-02
9253,12274,395,1999,4,,2022-07-09 12:10:45,2022-07
9254,12275,1162,395,3,"Smooth ride, on time.",2022-09-09 11:12:27,2022-09
9255,12276,395,1380,5,,2023-04-13 07:09:42,2023-04
9256,12276,1380,395,5,"Smooth ride, on time.",2023-04-13 08:09:42,2023-04
9257,12279,395,1035,5,,2022-12-22 19:32:53,2022-12
9258,12279,1035,395,4,"Excellent service, will ride again.",2022-12-22 19:41:53,2022-12
9259,12280,395,328,4,,2023-01-29 11:54:16,2023-01
9260,12283,542,395,3,Super friendly and helpful.,2024-05-18 21:32:04,2024-05
9261,12287,395,1492,5,"Perfect trip, no issues.",2022-02-03 17:04:49,2022-02
9262,12287,1492,395,2,"Excellent service, will ride again.",2022-02-03 18:31:49,2022-02
9263,12288,395,1526,4,"Easy pickup, no problems.",2022-03-18 12:11:32,2022-03
9264,12288,1526,395,5,Very clean car.,2022-03-18 12:34:32,2022-03
9265,12289,1981,395,4,Very clean car.,2023-05-31 07:20:34,2023-05
9266,12290,395,179,5,Super friendly and helpful.,2022-04-02 10:09:45,2022-04
9267,12291,395,1830,3,,2023-11-13 07:58:33,2023-11
9268,12292,395,1814,4,,2024-06-26 06:55:46,2024-06
9269,12294,1658,395,3,"Great driver, very professional!",2022-01-29 19:18:44,2022-01
9270,12296,1479,395,3,"Great driver, very professional!",2022-09-28 12:18:50,2022-09
9271,12298,706,932,5,Very comfortable ride.,2022-08-30 10:06:28,2022-08
9272,12299,818,706,3,Super friendly and helpful.,2022-04-06 13:14:32,2022-04
9273,12300,706,55,5,"Excellent service, will ride again.",2023-10-20 21:49:57,2023-10
9274,12300,55,706,3,Super friendly and helpful.,2023-10-20 22:50:57,2023-10
9275,12301,706,1955,4,,2024-04-28 06:50:53,2024-04
9276,12303,706,570,4,,2023-11-01 23:50:36,2023-11
9277,12304,706,488,3,Average experience.,2022-02-19 16:15:29,2022-02
9278,12305,706,452,5,,2023-12-16 12:56:03,2023-12
9279,12306,1087,706,4,Very clean car.,2023-08-27 01:49:11,2023-08
9280,12309,706,1030,4,,2022-01-12 04:31:16,2022-01
9281,12310,1356,706,4,Super friendly and helpful.,2023-05-01 16:47:10,2023-05
9282,12311,706,1105,4,,2022-07-17 02:56:56,2022-07
9283,12311,1105,706,2,,2022-07-17 03:59:56,2022-07
9284,12314,706,1494,4,,2023-05-29 21:58:19,2023-05
9285,12314,1494,706,4,,2023-05-29 23:32:19,2023-05
9286,12315,549,706,3,Very clean car.,2023-01-08 23:06:42,2023-01
9287,12319,706,1752,3,,2023-04-03 05:44:01,2023-04
9288,12320,706,508,4,,2024-05-25 14:11:11,2024-05
9289,12321,706,1956,4,"Easy pickup, no problems.",2022-05-17 06:40:33,2022-05
9290,12323,257,1170,4,Loved the music selection!,2024-02-15 20:47:07,2024-02
9291,12326,1790,257,4,"Smooth ride, on time.",2022-06-29 17:35:25,2022-06
9292,12330,699,542,5,Car was spotless.,2024-06-17 14:41:24,2024-06
9293,12333,699,1243,4,"Smooth ride, on time.",2024-06-11 11:22:40,2024-06
9294,12333,1243,699,3,Very clean car.,2024-06-11 09:56:40,2024-06
9295,12334,699,553,3,Trip was okay.,2022-06-30 21:43:09,2022-06
9296,12335,699,1267,3,Decent experience.,2022-09-02 12:34:09,2022-09
9297,12336,1189,293,5,"5 stars, highly recommend!",2024-04-03 06:05:05,2024-04
9298,12336,293,1189,3,Very clean car.,2024-04-03 05:54:05,2024-04
9299,12337,387,162,3,Got there safely.,2022-05-29 08:01:01,2022-05
9300,12337,162,387,4,Very clean car.,2022-05-29 09:30:01,2022-05
9301,12339,1142,1684,3,,2023-11-01 00:54:55,2023-11
9302,12339,1684,1142,4,Very clean car.,2023-11-01 01:04:55,2023-11
9303,12340,1142,1684,3,,2022-02-04 22:28:36,2022-02
9304,12340,1684,1142,3,"Smooth ride, on time.",2022-02-04 21:55:36,2022-02
9305,12344,1142,549,5,,2022-05-09 23:14:27,2022-05
9306,12345,1142,1001,4,Very comfortable ride.,2023-06-10 21:29:34,2023-06
9307,12345,1001,1142,2,"Excellent service, will ride again.",2023-06-10 20:01:34,2023-06
9308,12346,1142,389,3,,2024-06-26 00:44:59,2024-06
9309,12349,190,1142,3,"Excellent service, will ride again.",2023-09-11 16:48:15,2023-09
9310,12352,1142,1479,5,"Perfect trip, no issues.",2023-04-09 22:52:34,2023-04
9311,12353,593,1142,4,"Smooth ride, on time.",2023-01-31 21:46:58,2023-01
9312,12354,1142,1709,4,,2022-02-03 04:00:47,2022-02
9313,12357,408,1142,4,,2022-03-07 14:16:37,2022-03
9314,12358,1142,1606,4,Very comfortable ride.,2022-05-15 17:09:33,2022-05
9315,12358,1606,1142,2,Super friendly and helpful.,2022-05-15 16:48:33,2022-05
9316,12359,1142,947,4,,2024-01-07 19:46:20,2024-01
9317,12359,947,1142,4,,2024-01-07 19:58:20,2024-01
9318,12360,1142,207,3,,2023-06-10 04:17:29,2023-06
9319,12361,1142,1494,4,,2024-04-12 19:49:15,2024-04
9320,12363,1142,570,4,Very courteous driver.,2024-01-07 00:08:04,2024-01
9321,12364,1142,1111,3,,2023-07-03 00:59:37,2023-07
9322,12364,1111,1142,4,"Smooth ride, on time.",2023-07-03 01:12:37,2023-07
9323,12365,1142,1117,4,,2022-10-06 06:14:49,2022-10
9324,12366,1142,977,4,"Easy pickup, no problems.",2022-03-11 20:04:51,2022-03
9325,12367,1142,1894,3,"OK trip, nothing special.",2024-01-02 07:50:36,2024-01
9326,12368,1142,1574,3,Acceptable ride.,2023-07-20 18:34:48,2023-07
9327,12369,1142,995,4,,2022-09-24 19:12:37,2022-09
9328,12369,995,1142,2,Super friendly and helpful.,2022-09-24 18:34:37,2022-09
9329,12375,1142,860,4,"Easy pickup, no problems.",2023-03-06 20:01:15,2023-03
9330,12377,1142,647,5,,2022-03-28 15:51:55,2022-03
9331,12378,1142,120,3,,2024-01-20 10:26:11,2024-01
9332,12379,494,1142,4,Very clean car.,2024-01-21 03:33:23,2024-01
9333,12381,728,1142,4,,2022-05-27 16:45:44,2022-05
9334,12383,608,1142,4,"Excellent service, will ride again.",2023-06-18 11:46:09,2023-06
9335,12385,1142,434,4,,2022-06-28 08:41:22,2022-06
9336,12388,1142,1081,5,,2023-06-07 23:14:43,2023-06
9337,12391,1142,1288,3,,2022-01-02 17:53:56,2022-01
9338,12391,1288,1142,2,"Great driver, very professional!",2022-01-02 20:13:56,2022-01
9339,12392,1142,929,3,,2022-07-13 05:52:18,2022-07
9340,12394,1142,741,3,,2024-01-31 22:04:54,2024-01
9341,12395,1142,834,4,Loved the music selection!,2024-06-13 16:52:48,2024-06
9342,12397,1142,1030,4,,2022-05-07 20:06:28,2022-05
9343,12398,515,1142,3,"Great driver, very professional!",2023-07-17 07:13:58,2023-07
9344,12399,1011,1142,4,"Excellent service, will ride again.",2023-05-21 14:10:10,2023-05
9345,12402,1142,319,5,,2022-04-29 08:46:46,2022-04
9346,12407,1142,1371,5,,2024-04-21 22:56:53,2024-04
9347,12409,974,1142,5,,2024-06-22 17:55:12,2024-06
9348,12411,1142,1526,4,,2023-10-11 10:40:02,2023-10
9349,12413,1142,1328,3,,2022-02-07 01:48:57,2022-02
9350,12413,1328,1142,3,,2022-02-07 02:40:57,2022-02
9351,12414,1410,1142,4,"Great driver, very professional!",2024-06-27 03:28:19,2024-06
9352,12415,1142,1790,4,"Quick and efficient, thanks!",2022-07-10 19:24:37,2022-07
9353,12415,1790,1142,4,"Great driver, very professional!",2022-07-10 18:42:37,2022-07
9354,12417,1142,286,5,,2023-01-29 05:09:23,2023-01
9355,12418,1651,1142,3,,2022-05-17 12:39:14,2022-05
9356,12419,1142,1371,5,"Smooth ride, on time.",2024-02-20 04:18:55,2024-02
9357,12419,1371,1142,5,,2024-02-20 03:39:55,2024-02
9358,12420,1142,1828,4,Car was spotless.,2024-01-22 02:02:30,2024-01
9359,12422,1142,1104,3,,2022-09-16 02:56:36,2022-09
9360,12424,1142,647,5,Fast and safe driver.,2024-02-18 22:44:19,2024-02
9361,12427,1142,44,4,"Great driver, very professional!",2024-01-20 11:04:29,2024-01
9362,12427,44,1142,4,Very clean car.,2024-01-20 10:23:29,2024-01
9363,12430,1430,329,5,"Smooth ride, on time.",2023-12-04 17:56:44,2023-12
9364,12431,593,1501,3,Super friendly and helpful.,2022-07-01 23:02:06,2022-07
9365,12432,1501,825,3,,2022-02-01 03:13:30,2022-02
9366,12433,1501,40,2,,2023-09-03 06:01:08,2023-09
9367,12433,40,1501,4,Super friendly and helpful.,2023-09-03 08:13:08,2023-09
9368,12435,1501,1111,5,"Great rider, very polite.",2023-01-05 14:54:30,2023-01
9369,12436,1501,1853,3,"OK trip, nothing special.",2022-09-18 10:24:00,2022-09
9370,12437,553,1501,4,"Smooth ride, on time.",2022-02-14 19:33:42,2022-02
9371,12442,1206,1750,3,Very clean car.,2022-06-15 13:35:42,2022-06
9372,12443,1750,1128,3,,2022-06-06 02:55:15,2022-06
9373,12444,1750,1555,4,Car was spotless.,2022-10-12 05:17:47,2022-10
9374,12444,1555,1750,3,Super friendly and helpful.,2022-10-12 05:07:47,2022-10
9375,12447,1557,742,3,Fine driver.,2023-05-18 20:22:28,2023-05
9376,12448,255,194,3,,2022-01-15 00:36:12,2022-01
9377,12449,586,146,3,Decent experience.,2023-11-26 22:29:44,2023-11
9378,12449,146,586,3,,2023-11-26 21:48:44,2023-11
9379,12450,705,586,4,Super friendly and helpful.,2022-08-14 18:55:43,2022-08
9380,12452,586,842,3,,2022-08-21 19:23:57,2022-08
9381,12452,842,586,4,"Great driver, very professional!",2022-08-21 18:23:57,2022-08
9382,12453,586,868,4,,2023-01-11 07:12:46,2023-01
9383,12454,1497,586,3,"Excellent service, will ride again.",2024-01-23 08:54:21,2024-01
9384,12455,586,833,4,Super friendly and helpful.,2024-01-22 04:55:31,2024-01
9385,12455,833,586,3,"Smooth ride, on time.",2024-01-22 05:59:31,2024-01
9386,12457,586,2,4,,2022-05-06 21:51:50,2022-05
9387,12457,2,586,3,Very clean car.,2022-05-06 21:30:50,2022-05
9388,12460,602,586,3,"Great driver, very professional!",2022-10-17 16:56:02,2022-10
9389,12462,393,586,3,"Smooth ride, on time.",2023-11-05 04:44:30,2023-11
9390,12468,563,868,3,,2023-06-16 18:55:20,2023-06
9391,12469,1422,974,4,"Quick and efficient, thanks!",2024-04-02 02:55:04,2024-04
9392,12470,49,1170,3,Acceptable ride.,2023-06-25 12:22:58,2023-06
9393,12471,1117,49,4,,2022-03-04 23:22:46,2022-03
9394,12472,49,1100,4,"Quick and efficient, thanks!",2023-11-05 12:02:33,2023-11
9395,12472,1100,49,2,,2023-11-05 12:11:33,2023-11
9396,12473,49,664,4,"Great rider, very polite.",2022-11-26 02:32:38,2022-11
9397,12473,664,49,3,"Smooth ride, on time.",2022-11-26 04:00:38,2022-11
9398,12474,1605,49,4,Super friendly and helpful.,2022-10-12 15:41:30,2022-10
9399,12475,49,1839,4,,2022-07-24 16:04:12,2022-07
9400,12477,49,1555,4,,2023-02-27 17:15:22,2023-02
9401,12478,49,1606,5,"5 stars, highly recommend!",2022-08-02 04:01:36,2022-08
9402,12478,1606,49,3,Super friendly and helpful.,2022-08-02 04:54:36,2022-08
9403,12480,1802,1651,4,,2022-05-07 17:54:00,2022-05
9404,12481,1802,1128,2,,2023-04-29 02:04:50,2023-04
9405,12482,1802,97,4,"Quick and efficient, thanks!",2022-08-30 09:28:28,2022-08
9406,12485,777,703,4,"Great driver, very professional!",2022-05-17 22:08:05,2022-05
9407,12488,703,959,4,"Excellent service, will ride again.",2023-01-29 06:41:43,2023-01
9408,12489,1552,1477,4,Very comfortable ride.,2022-06-30 04:54:17,2022-06
9409,12490,1552,1495,4,"Excellent service, will ride again.",2022-07-10 08:08:14,2022-07
9410,12490,1495,1552,4,Super friendly and helpful.,2022-07-10 06:33:14,2022-07
9411,12492,1098,1197,3,Nothing to complain about.,2022-03-26 10:56:06,2022-03
9412,12493,1098,199,4,,2024-05-06 06:54:12,2024-05
9413,12495,531,66,3,,2024-02-23 03:24:38,2024-02
9414,12495,66,531,4,"Great driver, very professional!",2024-02-23 04:44:38,2024-02
9415,12497,230,531,4,,2023-12-27 15:33:56,2023-12
9416,12498,1669,1206,5,,2023-02-18 03:07:44,2023-02
9417,12500,1669,736,2,,2023-06-03 00:45:39,2023-06
9418,12503,1035,1669,3,"Excellent service, will ride again.",2024-06-05 14:42:52,2024-06
9419,12504,564,1669,3,"Smooth ride, on time.",2023-04-10 16:20:37,2023-04
9420,12506,1669,335,3,,2023-04-08 19:46:38,2023-04
9421,12508,1669,1983,4,"Easy pickup, no problems.",2022-10-02 11:21:32,2022-10
9422,12508,1983,1669,3,Super friendly and helpful.,2022-10-02 12:38:32,2022-10
9423,12509,1669,327,4,,2022-04-06 20:37:06,2022-04
9424,12511,1669,24,4,,2022-05-07 08:56:36,2022-05
9425,12514,1669,1651,4,"Great driver, very professional!",2023-08-26 03:52:08,2023-08
9426,12514,1651,1669,3,Super friendly and helpful.,2023-08-26 04:37:08,2023-08
9427,12516,1669,1104,4,,2023-12-12 01:30:57,2023-12
9428,12517,1669,235,4,,2024-02-17 07:34:20,2024-02
9429,12517,235,1669,3,,2024-02-17 07:57:20,2024-02
9430,12518,1669,1937,4,,2022-03-02 00:55:00,2022-03
9431,12519,1669,338,5,Very comfortable ride.,2023-02-24 20:59:16,2023-02
9432,12519,338,1669,5,"Great driver, very professional!",2023-02-24 23:15:16,2023-02
9433,12520,1669,351,4,,2024-06-13 14:42:36,2024-06
9434,12521,986,1669,1,"Great driver, very professional!",2022-03-11 04:35:22,2022-03
9435,12523,818,1964,3,,2022-12-19 19:07:34,2022-12
9436,12524,1964,1044,5,"Excellent service, will ride again.",2023-11-27 23:28:59,2023-11
9437,12525,1964,121,3,Acceptable ride.,2022-09-04 17:24:01,2022-09
9438,12526,1964,1286,4,"Great rider, very polite.",2022-08-22 16:34:30,2022-08
9439,12528,1964,959,4,Very comfortable ride.,2022-07-30 21:15:14,2022-07
9440,12528,959,1964,4,,2022-07-30 22:32:14,2022-07
9441,12531,1964,1352,5,,2022-01-26 13:57:36,2022-01
9442,12532,1964,867,5,,2022-01-27 17:13:50,2022-01
9443,12533,1964,1526,4,,2022-10-14 03:44:06,2022-10
9444,12535,1964,908,3,,2022-01-15 08:25:33,2022-01
9445,12535,908,1964,3,"Smooth ride, on time.",2022-01-15 08:30:33,2022-01
9446,12537,1964,1100,4,,2022-04-11 07:54:55,2022-04
9447,12537,1100,1964,3,"Excellent service, will ride again.",2022-04-11 08:20:55,2022-04
9448,12538,1964,741,3,Got there safely.,2023-11-24 03:25:44,2023-11
9449,12541,1964,1311,4,Car was spotless.,2024-06-23 06:52:58,2024-06
9450,12542,1964,1438,3,"OK trip, nothing special.",2024-02-17 22:20:25,2024-02
9451,12542,1438,1964,4,,2024-02-17 21:48:25,2024-02
9452,12544,1964,1983,3,,2022-02-24 11:46:52,2022-02
9453,12544,1983,1964,4,Super friendly and helpful.,2022-02-24 12:16:52,2022-02
9454,12545,1964,996,3,,2024-01-08 22:27:45,2024-01
9455,12545,996,1964,3,"Excellent service, will ride again.",2024-01-08 23:07:45,2024-01
9456,12546,1386,1964,2,Super friendly and helpful.,2023-02-14 07:08:48,2023-02
9457,12547,1964,1221,4,,2022-12-26 06:40:27,2022-12
9458,12548,1964,121,4,Fast and safe driver.,2023-09-14 03:40:17,2023-09
9459,12550,1964,1937,5,,2024-06-29 22:34:08,2024-06
9460,12550,1937,1964,3,"Excellent service, will ride again.",2024-06-30 00:43:08,2024-06
9461,12552,1964,1941,3,Got there safely.,2023-10-16 06:57:30,2023-10
9462,12556,1964,779,3,,2022-01-20 06:33:10,2022-01
9463,12556,779,1964,3,Very clean car.,2022-01-20 07:25:10,2022-01
9464,12557,1964,1053,3,Nothing to complain about.,2024-03-21 00:30:29,2024-03
9465,12557,1053,1964,3,Super friendly and helpful.,2024-03-21 03:09:29,2024-03
9466,12558,1964,15,4,,2022-03-24 12:17:35,2022-03
9467,12558,15,1964,2,Very clean car.,2022-03-24 11:06:35,2022-03
9468,12561,1964,248,3,Fine driver.,2022-04-25 05:57:48,2022-04
9469,12561,248,1964,3,"Great driver, very professional!",2022-04-25 06:30:48,2022-04
9470,12564,1964,1739,5,,2023-03-02 10:20:38,2023-03
9471,12565,1964,986,3,,2022-04-29 11:29:27,2022-04
9472,12566,1964,508,4,,2022-04-06 05:21:48,2022-04
9473,12566,508,1964,3,"Great driver, very professional!",2022-04-06 06:05:48,2022-04
9474,12567,1964,1343,4,Car was spotless.,2023-01-05 16:40:44,2023-01
9475,12568,1964,1288,3,Nothing to complain about.,2024-01-03 21:39:49,2024-01
9476,12569,1964,1041,4,"Perfect trip, no issues.",2023-05-31 21:29:22,2023-05
9477,12570,1964,412,5,,2023-06-20 10:27:56,2023-06
9478,12572,1964,1286,4,,2023-09-19 18:03:39,2023-09
9479,12574,1964,5,3,Decent experience.,2024-03-07 08:37:09,2024-03
9480,12575,1964,1763,3,Trip was okay.,2023-12-30 11:26:22,2023-12
9481,12576,136,1964,4,Very clean car.,2022-09-30 00:15:01,2022-09
9482,12577,860,1964,3,,2024-05-01 11:21:03,2024-05
9483,12578,1964,1170,3,,2022-08-03 11:39:51,2022-08
9484,12581,1964,693,2,,2023-03-21 00:59:30,2023-03
9485,12582,941,1703,4,,2023-10-12 22:37:52,2023-10
9486,12584,1703,1590,2,Had trouble finding the pickup spot.,2024-01-21 22:19:42,2024-01
9487,12588,430,1703,4,"Great driver, very professional!",2022-08-27 16:45:43,2022-08
9488,12589,1703,132,4,,2022-08-25 22:48:49,2022-08
9489,12589,132,1703,3,"Excellent service, will ride again.",2022-08-25 22:54:49,2022-08
9490,12590,1703,248,4,"Great rider, very polite.",2022-11-29 15:23:22,2022-11
9491,12593,125,1703,3,,2023-03-12 20:16:57,2023-03
9492,12595,1703,202,4,,2023-04-15 18:07:22,2023-04
9493,12596,645,203,2,Very clean car.,2022-12-15 02:47:00,2022-12
9494,12598,203,118,4,"5 stars, highly recommend!",2023-11-22 13:36:18,2023-11
9495,12598,118,203,5,"Great driver, very professional!",2023-11-22 13:42:18,2023-11
9496,12599,203,1497,5,"Excellent service, will ride again.",2023-11-03 18:41:04,2023-11
9497,12601,203,974,5,"Quick and efficient, thanks!",2023-06-21 17:47:48,2023-06
9498,12603,203,1371,4,,2022-05-12 10:59:45,2022-05
9499,12603,1371,203,1,Very clean car.,2022-05-12 13:16:45,2022-05
9500,12605,203,1397,3,Nothing to complain about.,2023-08-12 21:24:17,2023-08
9501,12605,1397,203,4,Very clean car.,2023-08-12 22:14:17,2023-08
9502,12606,203,15,3,,2022-01-28 08:58:30,2022-01
9503,12608,203,1311,4,"Smooth ride, on time.",2023-11-18 14:03:01,2023-11
9504,12609,203,1206,5,,2023-11-21 14:44:50,2023-11
9505,12611,203,293,5,,2023-01-29 05:11:20,2023-01
9506,12612,203,452,4,Car was spotless.,2022-09-27 04:12:23,2022-09
9507,12612,452,203,3,"Excellent service, will ride again.",2022-09-27 04:05:23,2022-09
9508,12613,203,776,2,Took a longer route.,2022-02-05 08:13:47,2022-02
9509,12616,1395,1205,3,,2022-05-24 06:57:16,2022-05
9510,12616,1205,1395,3,Super friendly and helpful.,2022-05-24 09:05:16,2022-05
9511,12617,1395,766,2,Driver was late.,2024-06-13 16:58:27,2024-06
9512,12618,1395,789,4,Very comfortable ride.,2023-09-25 04:50:08,2023-09
9513,12619,1395,1355,4,"Quick and efficient, thanks!",2024-01-13 08:31:25,2024-01
9514,12624,1395,1373,4,"Perfect trip, no issues.",2022-09-18 12:56:34,2022-09
9515,12624,1373,1395,4,Very clean car.,2022-09-18 12:25:34,2022-09
9516,12625,1395,1128,4,,2022-09-22 08:48:12,2022-09
9517,12626,1395,1084,3,,2022-07-08 18:26:34,2022-07
9518,12627,1395,1965,3,Average experience.,2022-02-03 14:35:31,2022-02
9519,12629,1395,866,3,"OK trip, nothing special.",2022-11-09 20:45:06,2022-11
9520,12630,1623,1395,4,"Smooth ride, on time.",2022-06-07 14:14:03,2022-06
9521,12632,1395,1948,4,,2022-11-03 13:54:36,2022-11
9522,12634,1395,1649,3,Average experience.,2023-04-27 18:43:52,2023-04
9523,12634,1649,1395,3,Very clean car.,2023-04-27 18:45:52,2023-04
9524,12635,1574,1395,3,"Great driver, very professional!",2023-05-03 17:29:37,2023-05
9525,12636,1395,293,3,,2023-09-03 17:11:39,2023-09
9526,12638,1395,1684,3,,2023-02-06 03:21:14,2023-02
9527,12638,1684,1395,4,,2023-02-06 03:06:14,2023-02
9528,12641,1395,408,4,,2023-07-05 17:58:51,2023-07
9529,12643,1395,690,4,,2024-02-28 18:23:18,2024-02
9530,12643,690,1395,4,Super friendly and helpful.,2024-02-28 20:41:18,2024-02
9531,12645,1395,176,3,Fine driver.,2023-12-30 01:01:06,2023-12
9532,12647,1395,1975,5,,2023-12-03 09:23:12,2023-12
9533,12647,1975,1395,4,,2023-12-03 08:15:12,2023-12
9534,12648,1395,498,4,Very comfortable ride.,2022-02-04 00:24:25,2022-02
9535,12650,1395,571,4,,2022-01-05 12:17:17,2022-01
9536,12650,571,1395,3,Very clean car.,2022-01-05 13:46:17,2022-01
9537,12651,1395,1812,2,Rough driving.,2024-01-26 14:28:54,2024-01
9538,12651,1812,1395,4,"Smooth ride, on time.",2024-01-26 14:06:54,2024-01
9539,12652,452,1395,5,"Great driver, very professional!",2024-03-24 12:33:17,2024-03
9540,12655,1395,1288,3,Nothing to complain about.,2023-09-18 23:01:01,2023-09
9541,12658,1395,612,3,,2024-03-26 16:02:15,2024-03
9542,12658,612,1395,4,"Great driver, very professional!",2024-03-26 17:28:15,2024-03
9543,12659,1395,891,5,,2022-09-18 09:59:46,2022-09
9544,12661,1395,1781,3,Fine driver.,2022-11-05 06:12:31,2022-11
9545,12664,1395,1293,5,,2023-12-13 18:42:52,2023-12
9546,12665,1395,1881,3,,2023-06-15 08:05:31,2023-06
9547,12666,1395,833,4,"Great driver, very professional!",2024-03-07 10:38:58,2024-03
9548,12666,833,1395,4,"Great driver, very professional!",2024-03-07 12:09:58,2024-03
9549,12668,1395,1975,4,"Perfect trip, no issues.",2023-01-19 11:47:40,2023-01
9550,12668,1975,1395,3,"Great driver, very professional!",2023-01-19 11:02:40,2023-01
9551,12669,1395,323,3,,2022-06-06 06:48:14,2022-06
9552,12670,1395,1207,5,Very courteous driver.,2022-12-15 04:18:39,2022-12
9553,12671,1395,728,4,"Excellent service, will ride again.",2023-03-12 17:35:53,2023-03
9554,12671,728,1395,3,,2023-03-12 18:21:53,2023-03
9555,12672,1395,1044,4,,2022-08-01 16:32:08,2022-08
9556,12672,1044,1395,3,,2022-08-01 18:18:08,2022-08
9557,12673,1395,1623,3,,2022-10-28 11:36:47,2022-10
9558,12674,1395,549,5,Fast and safe driver.,2024-01-31 06:34:52,2024-01
9559,12675,932,1395,3,Super friendly and helpful.,2022-11-01 12:26:06,2022-11
9560,12676,1497,1395,5,Very clean car.,2024-03-04 13:55:23,2024-03
9561,12677,1395,1343,4,"Smooth ride, on time.",2024-02-28 19:27:06,2024-02
9562,12678,1955,1395,4,"Excellent service, will ride again.",2024-04-02 04:25:44,2024-04
9563,12679,1395,229,4,Very clean car.,2024-04-02 22:57:27,2024-04
9564,12680,1395,131,4,,2024-06-28 03:32:57,2024-06
9565,12681,1395,2,4,,2023-12-18 12:16:11,2023-12
9566,12682,1395,224,4,,2022-02-17 16:22:48,2022-02
9567,12682,224,1395,4,"Smooth ride, on time.",2022-02-17 17:28:48,2022-02
9568,12683,1395,235,4,"Excellent service, will ride again.",2023-02-09 23:22:35,2023-02
9569,12683,235,1395,3,"Great driver, very professional!",2023-02-09 23:28:35,2023-02
9570,12684,1395,1091,4,Very clean car.,2023-10-27 05:07:17,2023-10
9571,12685,1395,155,5,Car was spotless.,2024-03-30 19:28:29,2024-03
9572,12686,1395,728,3,Average experience.,2022-04-17 01:15:00,2022-04
9573,12686,728,1395,3,Very clean car.,2022-04-17 00:23:00,2022-04
9574,12688,602,1533,3,"Smooth ride, on time.",2023-04-11 05:07:16,2023-04
9575,12689,1533,1461,3,Fine driver.,2022-04-08 12:32:51,2022-04
9576,12691,1533,693,3,,2022-10-17 09:36:12,2022-10
9577,12692,1533,31,5,Loved the music selection!,2023-10-30 11:06:00,2023-10
9578,12693,1967,338,4,,2024-02-18 12:06:22,2024-02
9579,12694,1967,458,3,,2022-04-09 21:04:09,2022-04
9580,12695,1967,1955,4,,2023-04-30 11:35:59,2023-04
9581,12696,1350,1967,4,"Great driver, very professional!",2023-04-08 07:38:46,2023-04
9582,12697,957,1967,3,Very clean car.,2024-01-03 17:21:55,2024-01
9583,12698,1967,1394,4,,2024-01-06 16:48:43,2024-01
9584,12699,1967,1995,4,Very comfortable ride.,2022-07-24 16:28:07,2022-07
9585,12699,1995,1967,5,Very clean car.,2022-07-24 17:57:07,2022-07
9586,12700,1967,1828,4,,2024-04-29 20:04:04,2024-04
9587,12700,1828,1967,3,"Smooth ride, on time.",2024-04-29 20:19:04,2024-04
9588,12701,1967,1713,3,,2023-11-06 21:26:04,2023-11
9589,12701,1713,1967,2,"Great driver, very professional!",2023-11-06 22:19:04,2023-11
9590,12702,1967,1776,5,,2022-02-19 02:31:57,2022-02
9591,12704,1967,1841,2,,2023-09-27 10:01:30,2023-09
9592,12705,1830,1967,5,Super friendly and helpful.,2022-05-15 07:34:29,2022-05
9593,12709,1967,1606,4,,2024-03-20 07:01:40,2024-03
9594,12710,1967,210,5,Super friendly and helpful.,2023-05-30 00:02:51,2023-05
9595,12712,1967,229,4,,2023-06-23 20:07:13,2023-06
9596,12713,1967,1386,4,,2023-02-06 19:06:13,2023-02
9597,12713,1386,1967,3,"Excellent service, will ride again.",2023-02-06 18:28:13,2023-02
9598,12715,1967,97,3,,2022-08-22 03:25:40,2022-08
9599,12716,1967,1532,4,,2022-07-19 02:05:48,2022-07
9600,12717,312,1853,3,,2022-01-13 04:07:01,2022-01
9601,12717,1853,312,3,"Smooth ride, on time.",2022-01-13 04:47:01,2022-01
9602,12719,312,1197,3,,2022-07-10 01:37:01,2022-07
9603,12721,1293,1051,3,"Smooth ride, on time.",2023-11-23 16:42:41,2023-11
9604,12724,293,1051,3,Super friendly and helpful.,2023-12-06 10:20:08,2023-12
9605,12725,1258,1108,4,,2023-03-26 03:20:38,2023-03
9606,12728,1258,121,3,Fine driver.,2023-12-31 07:11:20,2023-12
9607,12729,976,1461,5,,2023-03-25 23:46:17,2023-03
9608,12730,1693,976,3,Very clean car.,2022-02-23 17:21:31,2022-02
9609,12731,1370,1170,5,,2022-05-25 23:31:30,2022-05
9610,12731,1170,1370,5,"Great driver, very professional!",2022-05-26 00:24:30,2022-05
9611,12732,1370,461,3,,2023-06-17 22:41:49,2023-06
9612,12733,1370,147,4,Very clean car.,2023-06-06 02:20:48,2023-06
9613,12735,1370,811,4,,2022-01-18 05:02:17,2022-01
9614,12736,1370,1775,3,Got there safely.,2022-04-03 15:13:41,2022-04
9615,12739,1370,433,3,Got there safely.,2022-03-22 20:15:40,2022-03
9616,12739,433,1370,4,"Smooth ride, on time.",2022-03-22 21:23:40,2022-03
9617,12740,1370,1373,4,,2022-08-05 12:21:57,2022-08
9618,12740,1373,1370,4,,2022-08-05 12:35:57,2022-08
9619,12741,1370,14,5,,2023-10-31 08:27:05,2023-10
9620,12744,1370,446,5,,2024-03-03 07:02:34,2024-03
9621,12745,1370,472,4,Super friendly and helpful.,2022-02-14 21:07:51,2022-02
9622,12746,1370,1343,4,Fast and safe driver.,2023-03-11 09:35:54,2023-03
9623,12746,1343,1370,5,"Excellent service, will ride again.",2023-03-11 10:43:54,2023-03
9624,12748,1370,1482,2,,2022-10-29 02:39:24,2022-10
9625,12749,1370,132,4,,2022-01-09 00:47:50,2022-01
9626,12749,132,1370,4,,2022-01-09 01:48:50,2022-01
9627,12752,1370,1828,4,,2022-11-13 04:41:07,2022-11
9628,12753,1370,389,4,Very courteous driver.,2023-01-03 13:58:19,2023-01
9629,12755,1044,1370,3,"Excellent service, will ride again.",2022-10-26 13:52:25,2022-10
9630,12756,1162,1370,2,"Excellent service, will ride again.",2023-12-24 17:32:51,2023-12
9631,12759,337,1030,5,,2023-12-12 15:02:09,2023-12
9632,12760,337,1100,4,,2022-10-17 12:36:09,2022-10
9633,12763,337,1477,4,,2023-12-20 03:00:08,2023-12
9634,12764,337,55,4,"Easy pickup, no problems.",2022-10-23 10:28:02,2022-10
9635,12765,337,1134,3,Average experience.,2022-04-12 11:37:54,2022-04
9636,12767,337,118,5,,2022-01-20 06:47:01,2022-01
9637,12768,337,1558,4,"5 stars, highly recommend!",2023-11-21 09:56:24,2023-11
9638,12770,337,1865,5,,2022-06-07 00:24:50,2022-06
9639,12771,337,324,5,,2023-11-06 07:07:14,2023-11
9640,12771,324,337,4,Very clean car.,2023-11-06 09:25:14,2023-11
9641,12772,575,542,5,,2022-11-24 04:17:12,2022-11
9642,12772,542,575,3,Super friendly and helpful.,2022-11-24 03:00:12,2022-11
9643,12774,777,471,4,Very clean car.,2022-05-04 14:03:18,2022-05
9644,12777,471,1853,3,,2024-06-04 20:51:18,2024-06
9645,12780,471,842,4,"Great driver, very professional!",2023-05-09 11:27:25,2023-05
9646,12782,570,471,4,,2023-02-05 07:40:54,2023-02
9647,12783,471,201,5,,2024-05-09 21:20:49,2024-05
9648,12783,201,471,4,,2024-05-09 22:23:49,2024-05
9649,12784,471,1975,5,Very courteous driver.,2022-03-07 03:42:14,2022-03
9650,12785,471,748,5,,2023-09-19 20:54:54,2023-09
9651,12786,471,1494,5,"Perfect trip, no issues.",2023-01-04 06:12:41,2023-01
9652,12786,1494,471,3,Very clean car.,2023-01-04 05:18:41,2023-01
9653,12788,471,1091,3,,2024-06-04 21:20:56,2024-06
9654,12788,1091,471,4,Very clean car.,2024-06-04 23:20:56,2024-06
9655,12789,1524,341,4,,2024-01-02 17:09:28,2024-01
9656,12790,1889,1524,2,"Great driver, very professional!",2022-04-09 19:22:43,2022-04
9657,12791,1524,789,4,Loved the music selection!,2023-02-24 08:21:26,2023-02
9658,12791,789,1524,1,"Smooth ride, on time.",2023-02-24 08:42:26,2023-02
9659,12792,1524,1575,3,"OK trip, nothing special.",2022-12-09 14:01:01,2022-12
9660,12793,1524,1623,3,,2023-12-21 11:10:05,2023-12
9661,12793,1623,1524,3,Very clean car.,2023-12-21 12:22:05,2023-12
9662,12794,1524,1088,2,,2022-06-15 05:25:24,2022-06
9663,12800,1524,1608,3,Nothing to complain about.,2024-04-25 04:50:40,2024-04
9664,12801,434,1524,2,,2022-10-03 23:06:54,2022-10
9665,12802,1524,647,4,Loved the music selection!,2023-05-10 02:44:31,2023-05
9666,12804,1524,842,4,,2022-07-15 15:44:18,2022-07
9667,12807,1524,1197,4,"Great driver, very professional!",2022-11-15 17:38:44,2022-11
9668,12808,376,1524,4,,2023-02-01 22:04:35,2023-02
9669,12809,1524,1108,4,"Great driver, very professional!",2022-01-18 19:24:22,2022-01
9670,12810,1524,439,3,Got there safely.,2022-06-01 14:44:30,2022-06
9671,12810,439,1524,3,Super friendly and helpful.,2022-06-01 13:22:30,2022-06
9672,12811,1524,323,3,,2022-09-27 14:52:03,2022-09
9673,12814,1524,24,4,"Perfect trip, no issues.",2023-08-26 23:12:30,2023-08
9674,12815,1009,1965,4,Super friendly and helpful.,2023-09-02 08:12:28,2023-09
9675,12815,1965,1009,5,"Great driver, very professional!",2023-09-02 07:17:28,2023-09
9676,12816,1009,1030,5,Fast and safe driver.,2024-04-10 23:50:41,2024-04
9677,12817,1009,162,4,,2022-09-10 02:07:56,2022-09
9678,12817,162,1009,3,,2022-09-10 04:41:56,2022-09
9679,12818,1009,1001,5,,2023-11-28 08:00:00,2023-11
9680,12819,1947,1009,3,Super friendly and helpful.,2022-08-06 01:27:29,2022-08
9681,12820,1009,190,2,Not very clean.,2022-09-30 20:24:50,2022-09
9682,12820,190,1009,3,Super friendly and helpful.,2022-09-30 19:42:50,2022-09
9683,12822,1009,1117,5,,2022-01-07 17:08:19,2022-01
9684,12823,1009,833,4,,2024-02-02 08:22:25,2024-02
9685,12824,1009,1497,4,"Great driver, very professional!",2023-02-09 02:21:52,2023-02
9686,12824,1497,1009,4,"Great driver, very professional!",2023-02-09 03:17:52,2023-02
9687,12825,1009,1606,3,,2024-02-11 03:28:18,2024-02
9688,12829,1009,728,4,Fast and safe driver.,2023-12-19 14:59:33,2023-12
9689,12829,728,1009,4,Super friendly and helpful.,2023-12-19 15:48:33,2023-12
9690,12830,1009,210,1,Took too long.,2023-08-10 02:11:10,2023-08
9691,12831,1009,1040,5,Very clean car.,2023-06-10 10:05:50,2023-06
9692,12831,1040,1009,4,Very clean car.,2023-06-10 11:00:50,2023-06
9693,12833,1707,1987,3,Average experience.,2023-10-17 08:50:24,2023-10
9694,12834,1707,868,3,Average experience.,2023-10-24 01:09:29,2023-10
9695,12836,748,1774,4,Very clean car.,2023-03-30 17:14:17,2023-03
9696,12837,891,1774,3,Very clean car.,2023-06-01 05:55:55,2023-06
9697,12838,1774,1170,3,Decent experience.,2024-03-17 11:56:00,2024-03
9698,12839,1774,477,4,,2022-08-15 15:28:23,2022-08
9699,12839,477,1774,3,Super friendly and helpful.,2022-08-15 17:09:23,2022-08
9700,12841,1774,1709,3,,2024-04-14 23:30:00,2024-04
9701,12842,1774,52,5,"Smooth ride, on time.",2022-09-16 20:36:40,2022-09
9702,12843,1774,1324,4,Very clean car.,2022-10-16 02:10:20,2022-10
9703,12847,1774,327,4,Loved the music selection!,2022-03-10 23:56:12,2022-03
9704,12848,1774,1302,4,,2022-02-05 20:45:31,2022-02
9705,12849,1774,323,3,,2022-03-30 13:43:23,2022-03
9706,12849,323,1774,3,Super friendly and helpful.,2022-03-30 13:55:23,2022-03
9707,12850,1774,1331,5,Car was spotless.,2022-02-09 20:01:56,2022-02
9708,12852,1774,328,3,Trip was okay.,2023-02-04 07:39:38,2023-02
9709,12852,328,1774,3,"Great driver, very professional!",2023-02-04 08:14:38,2023-02
9710,12854,1774,571,5,,2023-11-02 13:08:19,2023-11
9711,12854,571,1774,3,"Smooth ride, on time.",2023-11-02 13:37:19,2023-11
9712,12856,1774,1356,5,,2023-08-13 05:22:33,2023-08
9713,12859,339,384,3,"Excellent service, will ride again.",2024-04-15 12:40:01,2024-04
9714,12860,1143,920,3,Trip was okay.,2023-02-10 16:57:55,2023-02
9715,12861,1143,1605,4,,2023-09-10 12:11:14,2023-09
9716,12863,1143,210,3,Acceptable ride.,2022-12-12 00:40:27,2022-12
9717,12863,210,1143,3,Super friendly and helpful.,2022-12-12 01:50:27,2022-12
9718,12864,1143,430,3,Decent experience.,2022-12-28 16:46:29,2022-12
9719,12864,430,1143,5,"Great driver, very professional!",2022-12-28 17:37:29,2022-12
9720,12868,1143,1267,2,Driver was late.,2023-11-19 07:13:33,2023-11
9721,12869,1143,339,2,Took a longer route.,2022-05-20 05:32:29,2022-05
9722,12869,339,1143,4,Very clean car.,2022-05-20 05:17:29,2022-05
9723,12871,1143,1108,4,Very clean car.,2022-08-05 05:11:04,2022-08
9724,12873,1143,1472,5,,2022-12-15 22:30:31,2022-12
9725,12876,1143,225,3,,2023-12-18 14:49:41,2023-12
9726,12876,225,1143,3,Very clean car.,2023-12-18 15:14:41,2023-12
9727,12877,229,1143,4,Very clean car.,2023-06-22 06:32:14,2023-06
9728,12878,1143,664,5,Loved the music selection!,2023-10-13 21:28:23,2023-10
9729,12881,258,1143,4,Super friendly and helpful.,2022-10-24 20:14:22,2022-10
9730,12882,1143,1839,2,Driver was rude.,2022-02-03 09:48:09,2022-02
9731,12885,1143,434,5,,2022-06-06 12:50:28,2022-06
9732,12885,434,1143,3,,2022-06-06 14:00:28,2022-06
9733,12888,1143,833,3,Nothing to complain about.,2022-10-20 03:11:04,2022-10
9734,12892,1143,1812,3,Trip was okay.,2023-02-06 05:35:19,2023-02
9735,12892,1812,1143,3,"Great driver, very professional!",2023-02-06 04:42:19,2023-02
9736,12895,1143,1139,3,,2022-06-19 22:17:42,2022-06
9737,12895,1139,1143,3,Very clean car.,2022-06-19 22:55:42,2022-06
9738,12898,1143,15,3,Acceptable ride.,2023-01-07 19:44:39,2023-01
9739,12901,1143,1207,3,Fine driver.,2023-05-24 09:12:46,2023-05
9740,12903,1143,571,5,Loved the music selection!,2024-06-13 11:52:05,2024-06
9741,12906,1684,1143,5,"Smooth ride, on time.",2024-02-14 16:17:58,2024-02
9742,12907,1143,1100,5,"5 stars, highly recommend!",2022-11-19 01:00:40,2022-11
9743,12908,1143,125,4,,2022-05-03 05:52:21,2022-05
9744,12909,1143,867,3,,2022-03-11 02:52:09,2022-03
9745,12910,1143,1053,3,,2023-04-08 21:40:31,2023-04
9746,12911,1143,1400,5,"Great driver, very professional!",2024-02-10 18:53:46,2024-02
9747,12911,1400,1143,3,Very clean car.,2024-02-10 17:45:46,2024-02
9748,12912,1143,1207,5,"Easy pickup, no problems.",2022-01-20 04:15:57,2022-01
9749,12914,1143,1995,4,"Smooth ride, on time.",2024-02-21 21:22:21,2024-02
9750,12914,1995,1143,4,Super friendly and helpful.,2024-02-21 21:54:21,2024-02
9751,12915,1143,1781,4,,2022-03-07 23:25:54,2022-03
9752,12916,1143,210,2,,2023-04-09 17:53:48,2023-04
9753,12919,1355,1540,3,,2023-06-12 20:47:06,2023-06
9754,12920,24,1540,3,Very clean car.,2024-04-28 13:31:18,2024-04
9755,12921,898,1540,4,"Excellent service, will ride again.",2024-03-09 17:17:41,2024-03
9756,12922,85,1983,5,Very comfortable ride.,2022-04-03 03:27:06,2022-04
9757,12924,85,1023,3,,2024-04-30 14:29:30,2024-04
9758,12925,85,777,4,,2022-01-09 23:53:08,2022-01
9759,12926,1528,969,4,,2023-04-25 00:21:04,2023-04
9760,12926,969,1528,3,Very clean car.,2023-04-25 01:50:04,2023-04
9761,12927,1309,876,3,,2022-11-16 04:00:31,2022-11
9762,12929,876,1400,5,"Easy pickup, no problems.",2023-07-06 04:08:24,2023-07
9763,12929,1400,876,4,"Smooth ride, on time.",2023-07-06 06:00:24,2023-07
9764,12932,291,1108,4,"Excellent service, will ride again.",2022-10-25 20:58:21,2022-10
9765,12932,1108,291,2,Super friendly and helpful.,2022-10-25 21:38:21,2022-10
9766,12933,291,630,3,,2023-06-25 18:17:10,2023-06
9767,12934,291,1555,3,,2023-12-10 05:29:57,2023-12
9768,12935,542,291,2,"Smooth ride, on time.",2023-11-17 23:55:04,2023-11
9769,12938,291,1479,4,,2022-11-17 04:11:36,2022-11
9770,12939,291,1104,3,Decent experience.,2022-05-25 21:34:40,2022-05
9771,12940,291,1053,5,"Great rider, very polite.",2023-01-01 04:06:56,2023-01
9772,12941,291,450,3,Fine driver.,2023-10-05 07:51:04,2023-10
9773,12941,450,291,4,"Smooth ride, on time.",2023-10-05 07:40:04,2023-10
9774,12944,291,1437,5,,2023-06-20 06:28:34,2023-06
9775,12944,1437,291,3,Very clean car.,2023-06-20 07:57:34,2023-06
9776,12946,291,1507,4,,2022-05-16 23:54:00,2022-05
9777,12946,1507,291,4,"Great driver, very professional!",2022-05-16 23:59:00,2022-05
9778,12949,291,1608,3,,2022-11-24 13:10:45,2022-11
9779,12950,291,1206,4,,2023-09-20 16:06:04,2023-09
9780,12951,291,389,4,,2022-06-23 13:18:56,2022-06
9781,12951,389,291,2,"Great driver, very professional!",2022-06-23 15:26:56,2022-06
9782,12952,291,690,5,,2023-01-29 15:41:12,2023-01
9783,12952,690,291,4,,2023-01-29 15:10:12,2023-01
9784,12953,291,1507,5,,2024-05-01 02:36:46,2024-05
9785,12956,291,811,3,Decent experience.,2023-10-10 22:19:52,2023-10
9786,12956,811,291,4,"Great driver, very professional!",2023-10-10 20:44:52,2023-10
9787,12957,291,1394,2,Rough driving.,2024-06-28 03:47:32,2024-06
9788,12958,291,515,4,,2023-03-02 14:43:34,2023-03
9789,12960,291,1968,4,Very courteous driver.,2023-04-10 15:09:44,2023-04
9790,12961,291,1775,5,Super friendly and helpful.,2024-03-15 22:58:54,2024-03
9791,12962,1623,291,4,Very clean car.,2022-05-04 10:01:14,2022-05
9792,12964,291,1781,4,,2023-04-11 19:06:43,2023-04
9793,12964,1781,291,3,Very clean car.,2023-04-11 19:09:43,2023-04
9794,12965,291,543,4,,2024-04-12 14:30:46,2024-04
9795,12969,291,959,3,Acceptable ride.,2023-05-14 13:21:28,2023-05
9796,12971,291,800,4,"Excellent service, will ride again.",2022-02-03 08:52:32,2022-02
9797,12975,291,1373,4,,2022-12-03 20:49:15,2022-12
9798,12975,1373,291,4,Super friendly and helpful.,2022-12-03 21:36:15,2022-12
9799,12976,947,291,3,"Great driver, very professional!",2023-03-28 04:34:14,2023-03
9800,12977,1727,291,2,Very clean car.,2022-12-17 21:23:56,2022-12
9801,12978,291,446,4,"5 stars, highly recommend!",2023-08-31 02:57:20,2023-08
9802,12978,446,291,3,"Great driver, very professional!",2023-08-31 04:00:20,2023-08
9803,12980,291,155,4,"Easy pickup, no problems.",2022-08-25 00:33:49,2022-08
9804,12980,155,291,3,Super friendly and helpful.,2022-08-25 00:20:49,2022-08
9805,12981,291,1794,4,,2022-09-09 18:41:24,2022-09
9806,12981,1794,291,5,Super friendly and helpful.,2022-09-09 19:17:24,2022-09
9807,12983,1839,291,4,Very clean car.,2022-11-13 08:32:51,2022-11
9808,12984,291,201,4,"5 stars, highly recommend!",2022-12-16 20:22:18,2022-12
9809,12984,201,291,3,Super friendly and helpful.,2022-12-16 20:05:18,2022-12
9810,12986,291,898,5,Very clean car.,2023-07-06 15:33:20,2023-07
9811,12987,291,544,5,,2022-02-23 00:27:50,2022-02
9812,12987,544,291,3,Super friendly and helpful.,2022-02-23 00:49:50,2022-02
9813,12988,291,777,4,Very comfortable ride.,2022-12-18 07:21:01,2022-12
9814,12989,1427,291,4,"Excellent service, will ride again.",2022-03-05 06:09:21,2022-03
9815,12991,291,1839,3,,2024-04-24 09:41:37,2024-04
9816,12992,291,736,3,,2023-05-20 14:00:15,2023-05
9817,12994,291,1947,3,Fine driver.,2023-11-14 06:03:04,2023-11
9818,12996,291,1081,4,,2023-05-03 13:51:15,2023-05
9819,12996,1081,291,3,"Excellent service, will ride again.",2023-05-03 13:23:15,2023-05
9820,12997,291,1030,3,Decent experience.,2023-05-26 21:44:27,2023-05
9821,12997,1030,291,4,,2023-05-27 00:26:27,2023-05
9822,12999,528,1111,2,,2022-10-06 04:09:20,2022-10
9823,13000,1847,1309,2,,2023-09-24 03:01:39,2023-09
9824,13001,1847,477,3,,2022-03-23 10:33:34,2022-03
9825,13001,477,1847,2,,2022-03-23 09:37:34,2022-03
9826,13002,1847,549,5,Fast and safe driver.,2023-02-17 19:03:10,2023-02
9827,13002,549,1847,3,"Great driver, very professional!",2023-02-17 17:27:10,2023-02
9828,13003,1847,115,4,"Easy pickup, no problems.",2023-09-18 04:54:26,2023-09
9829,13007,1847,1181,5,"Perfect trip, no issues.",2023-12-17 18:47:36,2023-12
9830,13008,1847,1088,5,,2024-06-26 06:57:18,2024-06
9831,13008,1088,1847,3,,2024-06-26 07:18:18,2024-06
9832,13009,1847,494,4,Fast and safe driver.,2022-04-13 18:37:38,2022-04
9833,13011,1847,1011,4,"Excellent service, will ride again.",2022-01-12 03:34:13,2022-01
9834,13013,1847,1956,2,,2022-08-10 02:28:19,2022-08
9835,13014,1847,1853,5,"5 stars, highly recommend!",2022-06-17 01:13:44,2022-06
9836,13016,1847,789,3,,2023-06-16 16:06:57,2023-06
9837,13016,789,1847,3,Very clean car.,2023-06-16 16:43:57,2023-06
9838,13017,1739,849,4,Very clean car.,2024-03-07 00:04:25,2024-03
9839,13018,1605,849,3,"Great driver, very professional!",2022-12-02 07:16:40,2022-12
9840,13021,1684,849,4,Very clean car.,2023-10-24 14:51:38,2023-10
9841,13024,849,271,5,"Excellent service, will ride again.",2024-04-06 20:27:12,2024-04
9842,13025,849,834,3,Decent experience.,2022-11-17 13:45:56,2022-11
9843,13025,834,849,3,"Smooth ride, on time.",2022-11-17 14:26:56,2022-11
9844,13027,849,485,4,"Easy pickup, no problems.",2022-02-11 06:32:20,2022-02
9845,13028,452,849,3,"Smooth ride, on time.",2024-03-18 17:26:59,2024-03
9846,13029,849,866,4,,2024-06-08 02:07:01,2024-06
9847,13030,849,1812,5,Car was spotless.,2022-03-13 04:15:27,2022-03
9848,13031,849,957,4,,2022-08-05 22:19:50,2022-08
9849,13034,849,1331,4,,2022-12-16 18:02:28,2022-12
9850,13034,1331,849,4,"Smooth ride, on time.",2022-12-16 16:32:28,2022-12
9851,13035,849,131,5,,2024-05-23 10:22:55,2024-05
9852,13041,989,1555,3,"OK trip, nothing special.",2023-12-30 05:57:05,2023-12
9853,13041,1555,989,3,"Excellent service, will ride again.",2023-12-30 08:13:05,2023-12
9854,13043,989,235,3,,2022-05-19 03:22:20,2022-05
9855,13043,235,989,2,,2022-05-19 03:24:20,2022-05
9856,13044,601,989,3,Super friendly and helpful.,2023-10-08 00:38:16,2023-10
9857,13045,989,434,5,,2024-05-04 10:47:29,2024-05
9858,13045,434,989,3,"Smooth ride, on time.",2024-05-04 13:33:29,2024-05
9859,13047,989,394,4,Car was spotless.,2024-05-21 07:41:21,2024-05
9860,13049,989,1352,5,"Quick and efficient, thanks!",2023-03-15 06:33:53,2023-03
9861,13049,1352,989,3,Very clean car.,2023-03-15 07:48:53,2023-03
9862,13050,989,891,5,,2023-04-22 17:28:36,2023-04
9863,13052,989,430,3,,2024-03-31 14:29:51,2024-03
9864,13053,899,585,4,,2023-10-02 03:38:52,2023-10
9865,13054,399,1336,4,"Easy pickup, no problems.",2023-03-07 02:44:12,2023-03
9866,13055,399,919,4,Fast and safe driver.,2022-12-26 11:02:18,2022-12
9867,13056,919,399,4,,2023-09-22 12:49:59,2023-09
9868,13058,1761,898,4,Very clean car.,2022-08-13 05:26:25,2022-08
9869,13058,898,1761,3,"Smooth ride, on time.",2022-08-13 06:25:25,2022-08
9870,13061,850,811,4,,2023-05-02 21:30:09,2023-05
9871,13063,850,1724,3,Fine driver.,2022-06-16 18:40:18,2022-06
9872,13064,668,207,5,"Perfect trip, no issues.",2022-06-22 20:19:17,2022-06
9873,13066,185,1355,3,,2023-10-31 12:47:41,2023-10
9874,13067,185,834,4,"Great driver, very professional!",2023-06-03 03:53:17,2023-06
9875,13068,1830,185,5,"Excellent service, will ride again.",2022-01-05 18:49:27,2022-01
9876,13069,185,472,3,,2022-06-06 16:32:25,2022-06
9877,13073,1794,185,3,Very clean car.,2022-01-15 10:29:05,2022-01
9878,13074,185,1087,4,"Great rider, very polite.",2022-02-15 19:49:01,2022-02
9879,13075,185,472,4,,2023-06-16 03:56:16,2023-06
9880,13076,185,235,4,,2024-02-18 04:47:34,2024-02
9881,13079,1473,1331,5,"Great rider, very polite.",2023-09-30 10:16:16,2023-09
9882,13080,1473,121,4,"Great rider, very polite.",2023-01-11 13:10:54,2023-01
9883,13082,220,1890,4,Super friendly and helpful.,2023-06-21 20:28:15,2023-06
9884,13085,220,1547,5,,2022-10-15 17:06:46,2022-10
9885,13086,1526,220,4,Super friendly and helpful.,2022-11-24 06:02:38,2022-11
9886,13087,1044,220,4,"Smooth ride, on time.",2024-05-09 07:29:35,2024-05
9887,13088,220,969,3,,2023-04-02 12:45:10,2023-04
9888,13088,969,220,4,"Great driver, very professional!",2023-04-02 14:43:10,2023-04
9889,13092,220,1041,3,,2023-11-12 04:57:39,2023-11
9890,13096,220,1286,4,,2023-01-21 08:32:15,2023-01
9891,13096,1286,220,3,Super friendly and helpful.,2023-01-21 07:02:15,2023-01
9892,13097,220,1653,4,,2022-06-23 19:33:47,2022-06
9893,13098,220,1853,4,,2022-11-30 05:47:12,2022-11
9894,13100,220,1795,4,"Great driver, very professional!",2024-01-22 21:02:50,2024-01
9895,13101,220,1472,4,Loved the music selection!,2023-04-18 03:32:45,2023-04
9896,13101,1472,220,4,Super friendly and helpful.,2023-04-18 05:14:45,2023-04
9897,13103,220,728,5,,2024-02-27 15:37:13,2024-02
9898,13104,220,1965,3,"OK trip, nothing special.",2022-09-23 06:38:56,2022-09
9899,13104,1965,220,3,"Great driver, very professional!",2022-09-23 07:41:56,2022-09
9900,13106,220,932,5,"Quick and efficient, thanks!",2024-03-26 07:16:37,2024-03
9901,13107,220,1937,4,"Perfect trip, no issues.",2023-06-18 05:54:41,2023-06
9902,13108,220,131,4,,2024-02-29 00:55:21,2024-02
9903,13108,131,220,4,"Smooth ride, on time.",2024-02-29 02:49:21,2024-02
9904,13109,220,834,4,,2024-01-25 23:42:21,2024-01
9905,13109,834,220,4,,2024-01-26 00:38:21,2024-01
9906,13110,220,1040,4,,2023-01-19 13:22:04,2023-01
9907,13112,220,929,3,,2023-04-21 21:29:31,2023-04
9908,13113,220,338,4,Car was spotless.,2024-02-15 05:04:14,2024-02
9909,13113,338,220,3,,2024-02-15 04:24:14,2024-02
9910,13114,220,1564,5,,2024-01-06 11:42:41,2024-01
9911,13114,1564,220,3,"Excellent service, will ride again.",2024-01-06 12:13:41,2024-01
9912,13115,220,779,4,,2024-06-11 23:13:26,2024-06
9913,13115,779,220,3,"Excellent service, will ride again.",2024-06-11 23:09:26,2024-06
9914,13118,220,1999,4,,2022-08-12 16:15:12,2022-08
9915,13118,1999,220,4,"Excellent service, will ride again.",2022-08-12 17:14:12,2022-08
9916,13119,412,220,3,"Smooth ride, on time.",2024-05-15 05:59:44,2024-05
9917,13120,220,1709,2,Driver was rude.,2024-05-07 03:16:51,2024-05
9918,13121,220,1355,4,,2022-09-12 03:42:42,2022-09
9919,13121,1355,220,5,Very clean car.,2022-09-12 03:29:42,2022-09
9920,13123,472,220,3,Very clean car.,2023-03-03 23:43:25,2023-03
9921,13124,220,2,5,,2022-08-04 04:27:31,2022-08
9922,13124,2,220,4,"Smooth ride, on time.",2022-08-04 04:30:31,2022-08
9923,13126,220,1267,3,"OK trip, nothing special.",2024-03-15 19:01:23,2024-03
9924,13126,1267,220,2,Super friendly and helpful.,2024-03-15 18:31:23,2024-03
9925,13127,220,510,3,,2024-04-20 14:26:01,2024-04
9926,13129,220,389,4,,2023-12-10 00:57:06,2023-12
9927,13129,389,220,3,Super friendly and helpful.,2023-12-09 23:29:06,2023-12
9928,13130,220,1131,4,Loved the music selection!,2023-10-01 20:07:49,2023-10
9929,13130,1131,220,4,Very clean car.,2023-10-01 20:07:49,2023-10
9930,13131,220,765,3,Decent experience.,2022-09-16 01:06:32,2022-09
9931,13132,220,446,5,Very comfortable ride.,2024-03-18 14:05:02,2024-03
9932,13132,446,220,2,"Smooth ride, on time.",2024-03-18 15:28:02,2024-03
9933,13135,220,1394,3,Average experience.,2024-01-07 13:33:28,2024-01
9934,13135,1394,220,4,"Smooth ride, on time.",2024-01-07 13:37:28,2024-01
9935,13138,229,220,4,,2024-03-26 12:02:35,2024-03
9936,13139,220,458,3,Trip was okay.,2023-08-15 07:54:56,2023-08
9937,13140,220,1693,3,Trip was okay.,2022-04-10 21:39:41,2022-04
9938,13140,1693,220,3,"Great driver, very professional!",2022-04-10 23:54:41,2022-04
9939,13142,220,1781,3,Nothing to complain about.,2024-04-30 02:38:59,2024-04
9940,13143,1461,220,4,"Smooth ride, on time.",2023-06-15 11:47:55,2023-06
9941,13145,220,1795,2,Driver was rude.,2022-10-13 17:29:03,2022-10
9942,13147,220,1507,5,Super friendly and helpful.,2022-04-27 07:49:41,2022-04
9943,13147,1507,220,4,"Smooth ride, on time.",2022-04-27 08:12:41,2022-04
9944,13153,220,1948,5,,2023-01-06 16:49:05,2023-01
9945,13153,1948,220,3,"Excellent service, will ride again.",2023-01-06 16:33:05,2023-01
9946,13156,220,842,3,,2023-03-09 07:59:30,2023-03
9947,13157,947,220,4,"Excellent service, will ride again.",2022-08-06 20:42:31,2022-08
9948,13158,125,220,2,,2022-10-08 03:34:39,2022-10
9949,13160,220,1301,5,Very courteous driver.,2024-05-08 17:44:11,2024-05
9950,13161,220,1237,3,Decent experience.,2023-05-15 22:26:56,2023-05
9951,13163,220,1941,3,,2024-03-17 18:48:12,2024-03
9952,13166,798,940,5,,2023-02-23 07:14:39,2023-02
9953,13167,798,187,5,Fast and safe driver.,2022-12-30 08:58:53,2022-12
9954,13170,1834,1104,4,,2023-05-23 09:47:36,2023-05
9955,13170,1104,1834,3,"Smooth ride, on time.",2023-05-23 11:24:36,2023-05
9956,13171,1834,1494,3,Nothing to complain about.,2023-01-06 07:39:17,2023-01
9957,13171,1494,1834,4,"Excellent service, will ride again.",2023-01-06 09:25:17,2023-01
9958,13172,1834,825,4,,2023-06-14 01:55:52,2023-06
9959,13172,825,1834,4,,2023-06-14 02:20:52,2023-06
9960,13173,1834,1741,4,,2023-11-08 09:29:59,2023-11
9961,13175,1834,1035,5,,2022-10-16 12:01:39,2022-10
9962,13179,1834,1561,5,"Smooth ride, on time.",2023-06-23 05:16:42,2023-06
9963,13180,1834,1881,4,Loved the music selection!,2023-08-22 12:53:57,2023-08
9964,13185,341,1834,4,"Great driver, very professional!",2023-03-30 20:51:38,2023-03
9965,13187,1198,236,3,Super friendly and helpful.,2023-11-28 11:05:36,2023-11
9966,13188,236,1776,3,,2022-11-08 16:55:17,2022-11
9967,13189,236,293,4,"Smooth ride, on time.",2023-06-01 23:05:18,2023-06
9968,13192,1303,1288,4,,2023-03-27 15:15:56,2023-03
9969,13193,1303,1356,5,Very courteous driver.,2023-03-23 19:43:20,2023-03
9970,13195,301,825,5,,2022-04-30 19:35:10,2022-04
9971,13196,301,502,3,,2023-02-22 17:32:16,2023-02
9972,13199,301,5,4,Loved the music selection!,2022-07-13 04:42:35,2022-07
9973,13200,301,1181,3,,2024-03-18 09:22:27,2024-03
9974,13201,301,908,3,Nothing to complain about.,2024-04-14 17:40:59,2024-04
9975,13202,301,1558,2,,2022-06-04 10:54:09,2022-06
9976,13202,1558,301,3,"Great driver, very professional!",2022-06-04 11:34:09,2022-06
9977,13206,224,1666,4,"Excellent service, will ride again.",2023-07-28 03:05:52,2023-07
9978,13207,1666,117,3,,2023-07-29 23:34:07,2023-07
9979,13211,1666,1400,4,Loved the music selection!,2023-12-27 04:45:05,2023-12
9980,13213,1666,1198,4,,2023-05-04 04:18:13,2023-05
9981,13215,1666,324,4,,2022-01-11 16:16:25,2022-01
9982,13216,1666,192,4,Very comfortable ride.,2022-11-18 23:53:34,2022-11
9983,13218,1666,434,5,,2024-06-22 06:26:06,2024-06
9984,13219,1666,1853,4,,2022-09-20 08:45:15,2022-09
9985,13220,779,1666,3,Very clean car.,2023-12-21 10:35:43,2023-12
9986,13221,1666,765,4,,2023-09-12 18:43:13,2023-09
9987,13222,1666,118,4,"5 stars, highly recommend!",2024-04-07 17:36:05,2024-04
9988,13223,1614,1461,4,"Great rider, very polite.",2023-05-07 00:58:57,2023-05
9989,13224,1614,1649,4,Fast and safe driver.,2022-10-26 10:31:25,2022-10
9990,13225,1614,331,4,Very comfortable ride.,2023-05-05 21:35:22,2023-05
9991,13225,331,1614,3,,2023-05-05 22:45:22,2023-05
9992,13227,1623,1614,4,"Excellent service, will ride again.",2023-12-04 00:11:08,2023-12
9993,13228,1614,1814,4,,2023-02-08 22:10:20,2023-02
9994,13228,1814,1614,4,Very clean car.,2023-02-08 23:49:20,2023-02
9995,13229,1614,331,4,Car was spotless.,2022-12-14 00:16:55,2022-12
9996,13231,1614,412,4,,2024-03-10 03:05:59,2024-03
9997,13231,412,1614,4,Very clean car.,2024-03-10 03:10:59,2024-03
9998,13232,666,800,3,,2024-05-01 21:01:04,2024-05
9999,13234,881,179,4,,2022-11-11 15:21:47,2022-11
10000,13235,1052,450,3,Acceptable ride.,2023-03-05 15:48:59,2023-03
10001,13236,1052,1060,3,,2023-10-05 08:27:42,2023-10
10002,13237,147,1052,5,"Smooth ride, on time.",2022-12-01 06:37:06,2022-12
10003,13238,194,1052,4,"Smooth ride, on time.",2023-01-16 11:15:56,2023-01
10004,13239,1301,1052,2,Very clean car.,2022-09-18 00:20:54,2022-09
10005,13241,1052,162,4,"Quick and efficient, thanks!",2023-08-03 07:14:23,2023-08
10006,13241,162,1052,4,"Excellent service, will ride again.",2023-08-03 09:08:23,2023-08
10007,13243,1052,1532,3,,2023-12-05 13:04:20,2023-12
10008,13245,1052,1955,4,,2022-03-16 11:12:48,2022-03
10009,13246,1052,1983,3,,2022-11-18 13:49:51,2022-11
10010,13246,1983,1052,4,Super friendly and helpful.,2022-11-18 13:23:51,2022-11
10011,13248,1052,1651,4,Very courteous driver.,2023-06-16 05:53:33,2023-06
10012,13249,560,1373,5,,2022-02-19 16:37:38,2022-02
10013,13249,1373,560,4,"Excellent service, will ride again.",2022-02-19 18:09:38,2022-02
10014,13251,560,1461,3,Fine driver.,2022-09-08 00:04:16,2022-09
10015,13253,560,1210,4,Super friendly and helpful.,2023-03-05 21:20:46,2023-03
10016,13254,560,866,3,Decent experience.,2024-03-30 08:39:46,2024-03
10017,13256,560,1794,4,,2023-08-15 06:41:52,2023-08
10018,13257,765,560,4,Super friendly and helpful.,2022-02-20 00:56:51,2022-02
10019,13259,560,1035,5,"Great driver, very professional!",2024-04-12 08:14:09,2024-04
10020,13262,544,560,3,"Great driver, very professional!",2023-12-06 07:13:27,2023-12
10021,13264,560,1830,3,Got there safely.,2023-10-18 14:19:06,2023-10
10022,13268,1413,560,5,"Excellent service, will ride again.",2022-11-08 06:16:10,2022-11
10023,13271,560,1853,3,Acceptable ride.,2023-11-09 05:43:41,2023-11
10024,13272,560,693,3,Fine driver.,2023-05-27 13:28:35,2023-05
10025,13273,560,1427,5,,2023-12-08 01:43:18,2023-12
10026,13275,560,553,5,Super friendly and helpful.,2022-12-26 06:13:13,2022-12
10027,13276,560,1162,5,Car was spotless.,2023-10-19 10:29:46,2023-10
10028,13277,1640,560,3,Very clean car.,2023-03-30 19:42:27,2023-03
10029,13279,560,229,4,"Quick and efficient, thanks!",2022-08-13 11:26:44,2022-08
10030,13280,560,1084,4,Loved the music selection!,2022-01-16 21:49:49,2022-01
10031,13282,560,822,4,,2022-11-02 09:39:47,2022-11
10032,13284,560,119,4,"Great rider, very polite.",2023-06-09 07:23:25,2023-06
10033,13284,119,560,2,"Excellent service, will ride again.",2023-06-09 08:54:25,2023-06
10034,13285,560,408,5,,2023-05-13 05:12:10,2023-05
10035,13287,560,1814,3,,2023-03-09 12:27:45,2023-03
10036,13288,560,891,4,Very clean car.,2023-11-23 08:28:19,2023-11
10037,13289,560,643,4,"Great driver, very professional!",2022-05-11 02:23:01,2022-05
10038,13292,630,560,3,Very clean car.,2023-03-15 02:00:12,2023-03
10039,13295,608,560,3,"Smooth ride, on time.",2024-03-09 08:22:21,2024-03
10040,13296,560,940,5,,2023-07-04 10:01:34,2023-07
10041,13296,940,560,3,"Smooth ride, on time.",2023-07-04 11:25:34,2023-07
10042,13301,560,1450,3,Got there safely.,2023-03-16 08:05:35,2023-03
10043,13303,560,1564,3,,2023-05-02 20:27:32,2023-05
10044,13303,1564,560,5,"Smooth ride, on time.",2023-05-02 22:19:32,2023-05
10045,13305,560,1371,4,,2022-03-20 21:54:30,2022-03
10046,13306,560,690,4,Very courteous driver.,2023-09-16 00:39:12,2023-09
10047,13306,690,560,3,,2023-09-16 01:50:12,2023-09
10048,13307,560,1894,3,Got there safely.,2024-03-25 21:14:39,2024-03
10049,13307,1894,560,4,Super friendly and helpful.,2024-03-25 20:01:39,2024-03
10050,13308,560,14,4,Fast and safe driver.,2024-03-13 10:40:47,2024-03
10051,13308,14,560,4,"Great driver, very professional!",2024-03-13 10:17:47,2024-03
10052,13309,560,570,4,"Perfect trip, no issues.",2022-08-16 23:53:56,2022-08
10053,13310,560,1995,4,"5 stars, highly recommend!",2023-04-29 00:18:36,2023-04
10054,13314,560,748,3,,2022-06-15 22:28:21,2022-06
10055,13315,560,1371,4,,2024-02-23 06:59:10,2024-02
10056,13316,560,389,5,Car was spotless.,2022-06-25 07:43:00,2022-06
10057,13316,389,560,2,Super friendly and helpful.,2022-06-25 07:36:00,2022-06
10058,13317,560,132,5,Loved the music selection!,2023-03-02 00:16:05,2023-03
10059,13317,132,560,2,Very clean car.,2023-03-01 23:48:05,2023-03
10060,13318,560,1755,3,,2023-10-31 07:50:39,2023-10
10061,13320,1117,560,2,"Great driver, very professional!",2022-03-08 21:36:00,2022-03
10062,13321,1055,800,4,,2022-02-25 19:03:00,2022-02
10063,13322,7,1055,1,Very clean car.,2023-11-29 21:30:17,2023-11
10064,13323,1055,1955,5,"Great driver, very professional!",2024-05-20 23:14:25,2024-05
10065,13324,1055,1526,4,,2023-06-19 18:40:00,2023-06
10066,13329,753,1187,5,,2023-01-23 19:15:41,2023-01
10067,13329,1187,753,4,Super friendly and helpful.,2023-01-23 18:55:41,2023-01
10068,13330,1309,753,4,"Excellent service, will ride again.",2024-02-12 20:59:27,2024-02
10069,13333,802,1355,4,Loved the music selection!,2022-02-05 13:50:36,2022-02
10070,13333,1355,802,2,Super friendly and helpful.,2022-02-05 14:50:36,2022-02
10071,13334,1284,1336,4,"Excellent service, will ride again.",2023-08-27 04:19:13,2023-08
10072,13335,1284,1380,4,,2023-11-30 23:06:51,2023-11
10073,13337,1284,118,5,"Great rider, very polite.",2023-06-25 08:16:15,2023-06
10074,13337,118,1284,4,"Great driver, very professional!",2023-06-25 08:36:15,2023-06
10075,13338,1588,1105,5,"Excellent service, will ride again.",2022-01-25 17:00:57,2022-01
10076,13339,1588,40,3,,2023-09-30 23:42:55,2023-09
10077,13340,1588,1984,4,,2022-06-23 00:19:53,2022-06
10078,13342,663,1497,2,,2022-03-07 20:53:14,2022-03
10079,13343,663,1812,4,,2022-12-29 05:21:34,2022-12
10080,13345,1238,1544,5,Loved the music selection!,2024-05-13 17:36:11,2024-05
10081,13345,1544,1238,5,,2024-05-13 17:26:11,2024-05
10082,13346,1238,986,4,Fast and safe driver.,2024-04-14 21:26:12,2024-04
10083,13346,986,1238,1,"Excellent service, will ride again.",2024-04-14 21:43:12,2024-04
10084,13348,736,1238,3,Super friendly and helpful.,2023-12-05 03:36:05,2023-12
10085,13352,1489,1248,2,Car smelled bad.,2022-04-13 21:49:05,2022-04
10086,13354,1489,1352,4,,2022-02-18 16:20:35,2022-02
10087,13355,1489,1544,4,Loved the music selection!,2024-03-10 06:24:20,2024-03
10088,13356,1489,1853,3,,2022-08-12 20:01:22,2022-08
10089,13357,1489,919,5,Very clean car.,2023-01-09 20:33:47,2023-01
10090,13358,825,1489,5,Very clean car.,2022-08-14 14:52:57,2022-08
10091,13359,1489,1532,4,,2023-07-24 22:14:44,2023-07
10092,13360,1489,1693,4,Fast and safe driver.,2022-10-31 02:20:55,2022-10
10093,13363,1865,1489,3,,2022-09-09 06:41:11,2022-09
10094,13364,1700,1489,3,"Great driver, very professional!",2023-11-07 11:41:19,2023-11
10095,13365,1489,1794,4,,2022-03-10 12:19:09,2022-03
10096,13365,1794,1489,4,"Great driver, very professional!",2022-03-10 13:43:09,2022-03
10097,13366,805,1739,4,,2022-09-18 15:00:23,2022-09
10098,13367,805,1134,4,,2024-06-22 08:41:31,2024-06
10099,13368,805,433,4,Super friendly and helpful.,2022-03-23 11:31:50,2022-03
10100,13369,1097,1477,4,,2023-02-25 17:02:07,2023-02
10101,13370,394,1097,3,Very clean car.,2023-11-26 21:08:28,2023-11
10102,13373,186,645,3,Average experience.,2022-01-08 13:55:47,2022-01
10103,13375,186,1941,4,,2022-02-04 16:55:43,2022-02
10104,13375,1941,186,3,"Excellent service, will ride again.",2022-02-04 16:06:43,2022-02
10105,13376,186,868,3,,2022-06-09 21:15:08,2022-06
10106,13377,186,1727,5,,2022-09-03 11:01:43,2022-09
10107,13378,186,1221,3,,2022-04-24 00:26:26,2022-04
10108,13378,1221,186,4,"Excellent service, will ride again.",2022-04-24 01:32:26,2022-04
10109,13379,186,1035,5,Very comfortable ride.,2023-04-15 12:38:36,2023-04
10110,13382,186,1084,3,,2023-07-15 07:13:38,2023-07
10111,13383,186,1764,4,Fast and safe driver.,2022-10-15 17:43:49,2022-10
10112,13384,186,1826,3,,2023-03-09 21:19:54,2023-03
10113,13384,1826,186,4,Super friendly and helpful.,2023-03-09 21:54:54,2023-03
10114,13385,1179,1286,3,Nothing to complain about.,2023-01-17 12:38:09,2023-01
10115,13387,1862,1403,4,"Excellent service, will ride again.",2023-09-08 00:44:59,2023-09
10116,13388,1862,66,4,,2022-04-07 07:38:24,2022-04
10117,13388,66,1862,3,"Smooth ride, on time.",2022-04-07 08:48:24,2022-04
10118,13389,1507,1337,5,"Great driver, very professional!",2022-02-19 09:33:14,2022-02
10119,13391,524,1105,5,,2022-02-23 20:37:43,2022-02
10120,13392,1391,1826,4,,2023-03-13 23:57:34,2023-03
10121,13393,1391,800,3,,2024-01-29 21:36:46,2024-01
10122,13393,800,1391,3,"Excellent service, will ride again.",2024-01-29 21:13:46,2024-01
10123,13394,1391,929,3,Fine driver.,2022-06-15 20:37:06,2022-06
10124,13395,1391,1727,5,,2022-02-17 22:41:50,2022-02
10125,13399,1391,155,3,,2023-03-28 12:17:01,2023-03
10126,13401,1391,258,3,,2023-08-16 13:13:44,2023-08
10127,13402,1391,1350,3,,2022-03-27 06:21:48,2022-03
10128,13402,1350,1391,2,"Smooth ride, on time.",2022-03-27 07:03:48,2022-03
10129,13403,1391,1044,4,"Smooth ride, on time.",2023-03-24 16:17:08,2023-03
10130,13404,1391,645,5,"Smooth ride, on time.",2024-05-10 04:06:40,2024-05
10131,13405,1391,120,4,,2022-09-22 06:18:42,2022-09
10132,13406,1391,201,3,Acceptable ride.,2022-03-15 18:29:55,2022-03
10133,13407,1391,1134,5,,2024-01-19 10:46:55,2024-01
10134,13409,1391,1941,3,Got there safely.,2022-03-22 15:12:36,2022-03
10135,13410,1099,1391,3,,2024-02-13 13:37:27,2024-02
10136,13413,1391,690,3,Average experience.,2023-03-27 03:58:49,2023-03
10137,13414,1391,1310,4,,2024-02-25 19:50:42,2024-02
10138,13414,1310,1391,4,Very clean car.,2024-02-25 19:00:42,2024-02
10139,13415,1433,1196,5,"Easy pickup, no problems.",2024-03-27 14:14:50,2024-03
10140,13417,1433,612,2,Took too long.,2024-02-25 06:46:30,2024-02
10141,13418,1433,225,3,,2023-07-20 12:07:17,2023-07
10142,13418,225,1433,4,Super friendly and helpful.,2023-07-20 13:24:17,2023-07
10143,13419,1433,452,4,Loved the music selection!,2022-06-01 21:05:34,2022-06
10144,13419,452,1433,3,"Smooth ride, on time.",2022-06-01 20:06:34,2022-06
10145,13422,1433,1532,2,,2024-06-11 14:53:50,2024-06
10146,13425,1433,1311,4,,2022-06-16 05:03:12,2022-06
10147,13427,1433,920,4,,2022-11-05 15:07:53,2022-11
10148,13428,1433,136,4,Very courteous driver.,2023-03-22 21:57:48,2023-03
10149,13428,136,1433,3,"Excellent service, will ride again.",2023-03-22 22:23:48,2023-03
10150,13429,1433,1492,3,Fine driver.,2022-03-15 15:41:22,2022-03
10151,13431,1433,52,4,,2023-09-30 03:37:40,2023-09
10152,13432,1433,1981,4,,2022-01-21 09:16:07,2022-01
10153,13434,1433,1640,4,,2023-02-08 19:58:22,2023-02
10154,13434,1640,1433,1,"Excellent service, will ride again.",2023-02-08 21:02:22,2023-02
10155,13437,1433,779,3,,2022-12-21 04:34:22,2022-12
10156,13437,779,1433,3,,2022-12-21 04:08:22,2022-12
10157,13438,1433,570,4,,2023-02-11 21:47:43,2023-02
10158,13440,1433,1654,3,,2022-04-14 02:00:53,2022-04
10159,13441,1835,1955,5,,2023-03-10 22:59:50,2023-03
10160,13441,1955,1835,3,,2023-03-11 00:33:50,2023-03
10161,13442,1835,327,4,Loved the music selection!,2024-05-02 18:20:28,2024-05
10162,13442,327,1835,3,Super friendly and helpful.,2024-05-02 19:39:28,2024-05
10163,13443,1835,549,4,,2024-04-10 11:17:58,2024-04
10164,13443,549,1835,4,"Smooth ride, on time.",2024-04-10 11:52:58,2024-04
10165,13446,1835,271,4,,2024-04-12 02:05:18,2024-04
10166,13448,1835,162,4,"Quick and efficient, thanks!",2024-02-17 19:48:58,2024-02
10167,13448,162,1835,4,"Smooth ride, on time.",2024-02-17 19:22:58,2024-02
10168,13449,44,1835,4,,2022-03-26 04:40:18,2022-03
10169,13450,1835,1955,4,,2023-09-18 12:32:57,2023-09
10170,13450,1955,1835,2,Super friendly and helpful.,2023-09-18 14:16:57,2023-09
10171,13451,1835,52,5,,2024-02-17 08:46:38,2024-02
10172,13454,1835,1198,5,,2024-02-23 16:43:21,2024-02
10173,13457,1835,1117,5,Loved the music selection!,2024-05-09 12:58:04,2024-05
10174,13458,1825,1835,3,Very clean car.,2022-10-20 09:33:00,2022-10
10175,13462,1835,1828,5,"Great driver, very professional!",2024-02-08 07:45:56,2024-02
10176,13463,643,594,3,Very clean car.,2023-08-08 06:51:46,2023-08
10177,13467,924,1117,4,,2022-11-21 13:02:32,2022-11
10178,13468,924,494,4,"Great rider, very polite.",2024-03-10 15:54:40,2024-03
10179,13468,494,924,3,"Smooth ride, on time.",2024-03-10 17:13:40,2024-03
10180,13469,924,1206,5,"Great driver, very professional!",2022-04-05 11:54:16,2022-04
10181,13469,1206,924,3,"Excellent service, will ride again.",2022-04-05 14:02:16,2022-04
10182,13471,1301,924,4,Very clean car.,2022-02-10 10:19:40,2022-02
10183,13472,924,1471,3,,2023-06-28 22:06:31,2023-06
10184,13473,924,1547,3,,2023-12-02 21:18:45,2023-12
10185,13474,924,1651,4,"5 stars, highly recommend!",2024-04-19 09:49:38,2024-04
10186,13474,1651,924,3,"Great driver, very professional!",2024-04-19 10:28:38,2024-04
10187,13475,1128,924,4,"Smooth ride, on time.",2022-05-22 17:03:05,2022-05
10188,13478,323,924,5,"Great driver, very professional!",2022-12-23 14:20:49,2022-12
10189,13479,924,1355,5,"Excellent service, will ride again.",2024-05-20 15:58:59,2024-05
10190,13481,924,1197,3,Nothing to complain about.,2024-05-23 16:19:05,2024-05
10191,13481,1197,924,4,,2024-05-23 16:07:05,2024-05
10192,13482,924,1100,4,,2022-01-01 07:24:43,2022-01
10193,13483,924,1181,4,,2023-11-13 12:27:23,2023-11
10194,13484,109,118,4,"Quick and efficient, thanks!",2024-03-10 08:55:06,2024-03
10195,13484,118,109,3,"Excellent service, will ride again.",2024-03-10 10:16:06,2024-03
10196,13485,1026,109,3,Super friendly and helpful.,2024-04-18 06:30:41,2024-04
10197,13486,109,146,2,Took too long.,2023-01-02 09:24:18,2023-01
10198,13488,109,510,2,Car smelled bad.,2023-02-10 22:57:22,2023-02
10199,13488,510,109,3,"Great driver, very professional!",2023-02-10 23:52:22,2023-02
10200,13490,109,1105,4,,2023-02-08 05:34:59,2023-02
10201,13491,109,539,3,,2022-09-16 21:59:51,2022-09
10202,13492,109,1044,4,,2024-06-20 03:00:15,2024-06
10203,13494,109,436,3,,2024-02-16 21:10:17,2024-02
10204,13495,109,1709,2,,2024-05-07 13:02:28,2024-05
10205,13496,109,1984,4,,2023-08-24 06:44:36,2023-08
10206,13496,1984,109,3,Super friendly and helpful.,2023-08-24 08:27:36,2023-08
10207,13497,109,331,3,,2022-07-02 07:58:18,2022-07
10208,13498,109,1331,5,,2023-03-17 04:45:57,2023-03
10209,13499,1001,109,3,Super friendly and helpful.,2023-02-06 09:58:43,2023-02
10210,13500,109,136,3,,2023-03-13 01:20:58,2023-03
10211,13501,109,256,4,,2022-10-06 08:15:27,2022-10
10212,13501,256,109,4,Super friendly and helpful.,2022-10-06 08:01:27,2022-10
10213,13503,109,601,4,"Great rider, very polite.",2024-06-13 03:40:08,2024-06
10214,13504,215,1108,5,"Easy pickup, no problems.",2023-08-22 09:02:44,2023-08
10215,13505,215,210,2,,2022-11-26 03:55:54,2022-11
10216,13506,215,62,3,Got there safely.,2023-03-28 12:46:25,2023-03
10217,13506,62,215,5,"Excellent service, will ride again.",2023-03-28 13:54:25,2023-03
10218,13507,215,256,5,Loved the music selection!,2023-11-09 23:49:30,2023-11
10219,13509,506,215,3,Very clean car.,2024-04-13 09:10:33,2024-04
10220,13510,215,318,5,"5 stars, highly recommend!",2022-04-17 13:05:34,2022-04
10221,13510,318,215,4,Super friendly and helpful.,2022-04-17 12:17:34,2022-04
10222,13511,215,1825,3,,2022-04-10 03:20:15,2022-04
10223,13511,1825,215,3,Super friendly and helpful.,2022-04-10 04:29:15,2022-04
10224,13512,215,1131,4,,2023-11-29 00:37:29,2023-11
10225,13513,1995,215,3,Very clean car.,2022-08-24 07:04:12,2022-08
10226,13514,215,726,3,Nothing to complain about.,2022-03-15 13:23:57,2022-03
10227,13514,726,215,3,,2022-03-15 14:19:57,2022-03
10228,13515,215,458,3,Nothing to complain about.,2022-01-19 10:57:41,2022-01
10229,13516,215,434,5,Loved the music selection!,2022-12-18 09:02:12,2022-12
10230,13516,434,215,4,Super friendly and helpful.,2022-12-18 07:41:12,2022-12
10231,13517,996,215,5,"Great driver, very professional!",2023-05-08 08:27:59,2023-05
10232,13518,1713,215,3,,2024-01-18 11:39:53,2024-01
10233,13520,215,1828,4,,2023-07-22 21:03:33,2023-07
10234,13521,215,488,4,"5 stars, highly recommend!",2022-06-09 14:51:49,2022-06
10235,13521,488,215,5,"Excellent service, will ride again.",2022-06-09 16:39:49,2022-06
10236,13522,215,1286,4,"Excellent service, will ride again.",2023-03-14 23:24:09,2023-03
10237,13523,215,436,4,Very comfortable ride.,2022-03-13 16:41:15,2022-03
10238,13524,215,271,5,Very courteous driver.,2023-05-03 12:04:37,2023-05
10239,13524,271,215,3,"Great driver, very professional!",2023-05-03 13:41:37,2023-05
10240,13525,1815,1781,3,,2022-01-24 12:21:59,2022-01
10241,13526,1815,439,3,,2022-06-13 06:30:37,2022-06
10242,13526,439,1815,4,"Great driver, very professional!",2022-06-13 07:46:37,2022-06
10243,13528,446,1815,4,Very clean car.,2023-07-12 02:04:57,2023-07
10244,13530,486,1606,4,"Smooth ride, on time.",2023-11-26 19:52:48,2023-11
10245,13530,1606,486,3,"Smooth ride, on time.",2023-11-26 20:35:48,2023-11
10246,13531,1606,486,4,,2023-07-24 03:20:53,2023-07
10247,13532,486,741,3,"OK trip, nothing special.",2023-01-19 14:16:48,2023-01
10248,13532,741,486,4,,2023-01-19 14:27:48,2023-01
10249,13535,136,808,2,"Excellent service, will ride again.",2023-04-11 22:31:57,2023-04
10250,13536,1040,808,5,,2022-05-23 03:12:41,2022-05
10251,13539,231,1839,3,Trip was okay.,2022-01-31 11:12:55,2022-01
10252,13540,285,1727,4,,2022-03-27 13:16:11,2022-03
10253,13540,1727,285,5,,2022-03-27 13:08:11,2022-03
10254,13541,1184,1653,4,,2023-08-18 03:21:06,2023-08
10255,13542,1184,146,4,,2023-12-07 17:24:55,2023-12
10256,13545,464,833,4,Very comfortable ride.,2023-12-26 03:05:06,2023-12
10257,13545,833,464,2,Very clean car.,2023-12-26 01:55:06,2023-12
10258,13546,464,553,4,"Great driver, very professional!",2024-04-09 05:23:09,2024-04
10259,13547,464,1427,3,Acceptable ride.,2022-01-04 16:14:55,2022-01
10260,13548,464,908,4,,2022-11-16 21:07:49,2022-11
10261,13548,908,464,2,Super friendly and helpful.,2022-11-16 22:09:49,2022-11
10262,13551,464,139,5,"5 stars, highly recommend!",2022-11-05 06:27:46,2022-11
10263,13553,464,1443,3,Fine driver.,2022-12-31 18:17:31,2022-12
10264,13554,464,1427,4,,2022-05-08 14:01:00,2022-05
10265,13554,1427,464,3,Very clean car.,2022-05-08 15:58:00,2022-05
10266,13555,464,446,4,Loved the music selection!,2023-10-08 18:28:06,2023-10
10267,13556,464,1196,4,Car was spotless.,2023-06-09 08:17:29,2023-06
10268,13557,919,464,4,,2022-03-22 18:02:45,2022-03
10269,13558,341,464,2,Super friendly and helpful.,2022-02-04 22:13:16,2022-02
10270,13559,464,1605,4,,2024-01-18 20:06:33,2024-01
10271,13560,1794,464,3,"Smooth ride, on time.",2023-03-23 12:31:28,2023-03
10272,13563,464,1684,5,Loved the music selection!,2023-01-31 18:14:40,2023-01
10273,13563,1684,464,2,,2023-01-31 20:41:40,2023-01
10274,13565,464,647,3,Got there safely.,2023-03-19 11:11:21,2023-03
10275,13566,464,765,5,,2024-02-13 00:42:34,2024-02
10276,13566,765,464,3,"Great driver, very professional!",2024-02-13 01:40:34,2024-02
10277,13569,464,1776,4,,2022-07-06 06:49:04,2022-07
10278,13570,464,334,3,,2023-05-06 12:35:22,2023-05
10279,13572,996,951,3,"Great driver, very professional!",2023-05-28 08:43:07,2023-05
10280,13573,951,1286,4,,2024-01-27 09:19:56,2024-01
10281,13573,1286,951,3,Very clean car.,2024-01-27 09:55:56,2024-01
10282,13577,439,302,3,"Smooth ride, on time.",2023-09-09 18:28:34,2023-09
10283,13581,1358,1781,3,,2023-06-26 19:59:48,2023-06
10284,13584,339,1358,2,"Smooth ride, on time.",2024-03-12 02:04:58,2024-03
10285,13587,1358,66,4,Very comfortable ride.,2023-03-09 13:06:39,2023-03
10286,13590,1358,571,5,,2022-07-14 00:22:05,2022-07
10287,13591,450,1358,2,,2023-11-15 02:36:37,2023-11
10288,13592,1358,1237,5,,2023-09-29 00:10:04,2023-09
10289,13592,1237,1358,2,"Great driver, very professional!",2023-09-28 23:18:04,2023-09
10290,13596,897,1084,3,"OK trip, nothing special.",2023-01-10 08:58:23,2023-01
10291,13598,1509,897,5,"Great driver, very professional!",2022-04-15 17:52:12,2022-04
10292,13599,897,1128,3,Fine driver.,2022-04-29 14:23:10,2022-04
10293,13600,969,897,5,Very clean car.,2023-03-21 12:18:59,2023-03
10294,13601,157,318,5,"Great driver, very professional!",2022-12-01 01:18:18,2022-12
10295,13603,157,125,2,Took too long.,2022-04-15 14:53:50,2022-04
10296,13603,125,157,4,"Excellent service, will ride again.",2022-04-15 13:25:50,2022-04
10297,13604,157,779,4,"5 stars, highly recommend!",2023-01-04 08:03:55,2023-01
10298,13605,157,1825,3,,2023-11-27 20:31:44,2023-11
10299,13608,157,7,4,Very courteous driver.,2024-03-24 22:35:44,2024-03
10300,13609,157,430,3,,2022-01-21 06:32:51,2022-01
10301,13609,430,157,3,"Smooth ride, on time.",2022-01-21 06:40:51,2022-01
10302,13612,1232,1288,4,,2023-10-20 12:47:16,2023-10
10303,13613,1232,842,3,Acceptable ride.,2023-06-30 11:53:46,2023-06
10304,13614,1232,925,3,,2023-07-04 04:48:47,2023-07
10305,13615,1981,18,2,"Smooth ride, on time.",2023-02-25 17:02:28,2023-02
10306,13617,993,286,5,"Great driver, very professional!",2023-09-01 20:57:53,2023-09
10307,13618,1525,1355,4,,2023-09-01 06:10:26,2023-09
10308,13621,1525,187,4,Loved the music selection!,2023-08-07 08:13:21,2023-08
10309,13624,1525,1301,4,,2023-11-16 22:47:58,2023-11
10310,13624,1301,1525,3,Very clean car.,2023-11-16 23:04:58,2023-11
10311,13626,1525,834,4,,2024-05-26 13:09:53,2024-05
10312,13627,996,1525,2,"Smooth ride, on time.",2022-10-13 00:30:49,2022-10
10313,13630,1525,1293,5,Super friendly and helpful.,2022-06-07 13:16:20,2022-06
10314,13631,1525,1865,5,"Excellent service, will ride again.",2022-08-15 01:35:15,2022-08
10315,13632,1860,741,3,,2022-10-28 14:28:15,2022-10
10316,13633,358,139,5,,2022-07-07 11:23:38,2022-07
10317,13633,139,358,5,Very clean car.,2022-07-07 12:06:38,2022-07
10318,13634,358,477,4,,2024-02-11 03:32:05,2024-02
10319,13635,358,585,5,"Perfect trip, no issues.",2023-03-16 15:37:34,2023-03
10320,13635,585,358,4,,2023-03-16 17:29:34,2023-03
10321,13636,358,1087,3,Got there safely.,2022-12-01 06:50:06,2022-12
10322,13636,1087,358,3,"Excellent service, will ride again.",2022-12-01 07:42:06,2022-12
10323,13638,358,1562,3,Average experience.,2024-06-13 04:58:44,2024-06
10324,13638,1562,358,4,"Smooth ride, on time.",2024-06-13 05:47:44,2024-06
10325,13639,358,1011,3,,2023-10-02 14:27:54,2023-10
10326,13641,358,1477,3,Decent experience.,2024-02-11 23:17:27,2024-02
10327,13642,358,1371,4,"Excellent service, will ride again.",2023-03-09 00:29:49,2023-03
10328,13643,358,868,4,,2022-01-31 21:42:42,2022-01
10329,13645,1463,645,5,,2023-03-30 06:19:51,2023-03
10330,13645,645,1463,5,"Smooth ride, on time.",2023-03-30 06:03:51,2023-03
10331,13646,1463,1413,2,,2023-03-17 11:00:48,2023-03
10332,13648,1463,643,4,,2022-08-29 09:26:02,2022-08
10333,13649,1463,1495,3,Nothing to complain about.,2023-05-01 05:25:40,2023-05
10334,13649,1495,1463,3,"Excellent service, will ride again.",2023-05-01 06:28:40,2023-05
10335,13651,1463,118,4,,2024-01-31 11:47:37,2024-01
10336,13652,1463,1427,5,"Great rider, very polite.",2022-09-18 23:28:57,2022-09
10337,13653,1463,199,4,,2022-12-12 21:04:13,2022-12
10338,13656,1794,1463,4,Very clean car.,2022-05-23 13:27:44,2022-05
10339,13658,1463,327,4,Fast and safe driver.,2023-06-07 02:21:56,2023-06
10340,13658,327,1463,3,Very clean car.,2023-06-07 03:01:56,2023-06
10341,13659,1463,570,5,"Quick and efficient, thanks!",2022-12-07 12:20:03,2022-12
10342,13659,570,1463,3,,2022-12-07 12:32:03,2022-12
10343,13661,1463,199,3,"OK trip, nothing special.",2022-12-03 02:26:51,2022-12
10344,13662,1463,1937,5,"Easy pickup, no problems.",2024-03-23 19:17:07,2024-03
10345,13663,120,1463,3,"Great driver, very professional!",2023-02-27 11:18:29,2023-02
10346,13664,224,1463,3,Super friendly and helpful.,2022-09-09 05:53:33,2022-09
10347,13665,1463,1081,5,,2024-04-09 18:54:04,2024-04
10348,13665,1081,1463,2,"Excellent service, will ride again.",2024-04-09 21:12:04,2024-04
10349,13669,625,997,4,Very courteous driver.,2022-10-24 02:43:21,2022-10
10350,13670,625,612,4,"Great rider, very polite.",2023-01-05 18:17:26,2023-01
10351,13672,625,1933,3,,2022-01-20 19:40:58,2022-01
10352,13673,625,235,4,,2024-05-16 23:17:44,2024-05
10353,13673,235,625,4,Very clean car.,2024-05-17 00:01:44,2024-05
10354,13674,625,1227,5,,2024-01-17 03:17:54,2024-01
10355,13674,1227,625,4,,2024-01-17 04:08:54,2024-01
10356,13676,625,1131,5,"Easy pickup, no problems.",2023-05-27 01:33:37,2023-05
10357,13679,705,625,2,"Smooth ride, on time.",2023-08-13 11:42:47,2023-08
10358,13680,625,7,2,Driver was rude.,2023-10-11 17:17:31,2023-10
10359,13681,1157,833,4,Very clean car.,2023-08-24 18:24:48,2023-08
10360,13682,1157,256,4,,2022-06-26 20:17:02,2022-06
10361,13682,256,1157,5,"Excellent service, will ride again.",2022-06-26 21:08:02,2022-06
10362,13685,1237,1157,4,,2022-12-11 14:37:09,2022-12
10363,13686,1157,1026,3,,2024-01-18 06:02:14,2024-01
10364,13687,1157,1237,5,,2024-01-31 07:03:37,2024-01
10365,13688,1157,1135,3,"OK trip, nothing special.",2024-01-26 18:45:27,2024-01
10366,13691,585,1157,5,"Smooth ride, on time.",2023-02-08 12:51:42,2023-02
10367,13692,1157,1607,4,,2023-06-10 22:09:25,2023-06
10368,13692,1607,1157,2,,2023-06-10 22:57:25,2023-06
10369,13694,1157,199,4,,2023-11-24 00:18:11,2023-11
10370,13696,1157,929,3,Decent experience.,2023-11-05 10:14:18,2023-11
10371,13697,1157,338,3,,2023-09-04 00:30:47,2023-09
10372,13698,1157,1450,3,Acceptable ride.,2022-04-21 18:24:41,2022-04
10373,13700,1157,1288,3,"OK trip, nothing special.",2023-02-28 18:42:43,2023-02
10374,13700,1288,1157,5,Super friendly and helpful.,2023-02-28 20:43:43,2023-02
10375,13701,1157,1763,2,,2023-07-10 19:03:06,2023-07
10376,13701,1763,1157,3,,2023-07-10 20:36:06,2023-07
10377,13702,1157,1658,4,,2022-02-05 19:54:33,2022-02
10378,13705,1816,1693,3,Acceptable ride.,2023-07-06 07:15:11,2023-07
10379,13706,1816,190,3,"OK trip, nothing special.",2022-06-24 22:50:46,2022-06
10380,13708,1816,1752,4,,2022-10-08 12:20:53,2022-10
10381,13710,1816,940,4,"5 stars, highly recommend!",2023-06-02 01:05:54,2023-06
10382,13711,1816,612,3,,2023-06-11 02:17:47,2023-06
10383,13716,1816,508,4,Very clean car.,2024-06-07 06:48:53,2024-06
10384,13718,1131,1816,1,"Excellent service, will ride again.",2022-11-02 13:18:01,2022-11
10385,13719,1816,929,4,,2024-03-16 06:01:58,2024-03
10386,13720,1816,1035,5,Loved the music selection!,2022-05-25 16:37:59,2022-05
10387,13721,1816,630,3,,2024-03-14 19:25:36,2024-03
10388,13722,498,1816,3,Super friendly and helpful.,2022-10-03 15:26:11,2022-10
10389,13724,1816,1309,3,,2023-04-11 01:19:35,2023-04
10390,13724,1309,1816,3,"Smooth ride, on time.",2023-04-11 01:34:35,2023-04
10391,13725,1816,115,3,,2024-05-06 14:43:23,2024-05
10392,13726,416,1727,5,,2024-05-09 23:08:51,2024-05
10393,13729,1937,479,2,Super friendly and helpful.,2024-05-28 01:44:35,2024-05
10394,13730,1698,1183,4,,2023-12-20 23:03:49,2023-12
10395,13731,1790,1740,3,,2022-08-24 07:22:19,2022-08
10396,13732,1740,1350,3,Average experience.,2024-03-12 07:16:31,2024-03
10397,13733,1740,502,4,Loved the music selection!,2023-01-14 13:54:03,2023-01
10398,13734,1740,207,3,,2023-03-06 10:54:46,2023-03
10399,13735,1740,52,4,,2022-01-08 06:15:43,2022-01
10400,13735,52,1740,2,,2022-01-08 06:28:43,2022-01
10401,13738,833,1740,3,"Smooth ride, on time.",2022-11-24 10:25:31,2022-11
10402,13739,779,1740,2,Very clean car.,2023-08-11 23:39:49,2023-08
10403,13741,1740,190,4,Very comfortable ride.,2022-05-31 18:34:22,2022-05
10404,13742,1740,643,5,,2022-06-04 22:48:48,2022-06
10405,13743,1740,1030,5,"5 stars, highly recommend!",2022-05-25 05:23:06,2022-05
10406,13743,1030,1740,3,Very clean car.,2022-05-25 06:32:06,2022-05
10407,13745,1242,230,3,,2022-10-28 21:39:51,2022-10
10408,13747,238,1941,3,,2023-11-22 13:19:52,2023-11
10409,13747,1941,238,3,"Smooth ride, on time.",2023-11-22 12:50:52,2023-11
10410,13748,238,1869,4,"Perfect trip, no issues.",2024-01-22 14:35:33,2024-01
10411,13748,1869,238,3,,2024-01-22 15:12:33,2024-01
10412,13749,89,156,2,"Excellent service, will ride again.",2023-01-19 19:38:13,2023-01
10413,13750,925,16,4,"Great driver, very professional!",2024-05-31 03:24:11,2024-05
10414,13752,16,1606,4,,2022-05-15 14:02:00,2022-05
10415,13753,176,719,3,"Great driver, very professional!",2024-03-04 21:32:33,2024-03
10416,13755,1170,719,3,Very clean car.,2022-09-30 10:58:29,2022-09
10417,13756,778,719,4,Very clean car.,2023-10-24 04:26:58,2023-10
10418,13758,726,719,4,,2022-03-03 23:42:45,2022-03
10419,13759,719,1853,4,,2024-03-22 15:43:10,2024-03
10420,13759,1853,719,4,Super friendly and helpful.,2024-03-22 17:52:10,2024-03
10421,13760,719,1394,3,Average experience.,2023-06-14 02:11:46,2023-06
10422,13761,1281,719,3,"Great driver, very professional!",2022-10-27 08:49:00,2022-10
10423,13762,840,155,4,,2022-02-25 23:02:44,2022-02
10424,13763,840,1649,3,,2022-09-06 06:30:13,2022-09
10425,13765,430,1442,3,"Smooth ride, on time.",2022-04-29 18:32:24,2022-04
10426,13766,1855,190,4,Car was spotless.,2022-08-16 20:28:09,2022-08
10427,13767,1569,1855,2,"Excellent service, will ride again.",2023-11-13 03:34:46,2023-11
10428,13771,463,376,4,,2023-10-30 15:00:19,2023-10
10429,13772,1201,601,4,Very courteous driver.,2022-01-20 17:35:01,2022-01
10430,13774,1201,187,3,,2023-06-23 21:24:14,2023-06
10431,13775,1201,1814,4,"Excellent service, will ride again.",2024-01-21 01:08:14,2024-01
10432,13776,1201,1699,3,,2022-04-03 23:36:34,2022-04
10433,13777,716,1558,4,,2022-11-02 22:08:28,2022-11
10434,13778,716,959,5,"Smooth ride, on time.",2023-08-12 19:56:01,2023-08
10435,13779,357,1100,5,,2023-09-18 13:07:39,2023-09
10436,13779,1100,357,4,"Smooth ride, on time.",2023-09-18 15:17:39,2023-09
10437,13780,357,1162,4,Super friendly and helpful.,2024-05-24 14:17:58,2024-05
10438,13780,1162,357,2,"Smooth ride, on time.",2024-05-24 14:03:58,2024-05
10439,13782,556,544,4,"Great driver, very professional!",2023-04-24 00:41:33,2023-04
10440,13783,1023,556,3,,2022-03-10 10:23:36,2022-03
10441,13784,556,549,5,,2024-02-19 12:31:34,2024-02
10442,13785,556,461,2,,2024-01-25 01:14:29,2024-01
10443,13786,1243,556,4,Very clean car.,2023-07-07 08:08:20,2023-07
10444,13790,445,334,4,"Quick and efficient, thanks!",2022-10-18 00:45:06,2022-10
10445,13791,1543,224,4,"Smooth ride, on time.",2022-03-28 03:33:22,2022-03
10446,13792,140,1590,4,"Excellent service, will ride again.",2022-08-24 07:42:30,2022-08
10447,13793,140,1437,4,,2024-01-16 02:15:07,2024-01
10448,13794,140,1713,2,Took a longer route.,2022-04-07 01:32:01,2022-04
10449,13795,104,140,5,"Great driver, very professional!",2024-02-28 13:46:59,2024-02
10450,13797,709,494,5,Super friendly and helpful.,2022-11-27 09:04:34,2022-11
10451,13797,494,709,3,"Smooth ride, on time.",2022-11-27 08:44:34,2022-11
10452,13798,709,1532,4,,2023-05-30 21:54:18,2023-05
10453,13798,1532,709,2,,2023-05-30 22:59:18,2023-05
10454,13800,709,1555,4,,2022-10-07 22:32:35,2022-10
10455,13801,709,690,4,,2023-04-30 02:26:49,2023-04
10456,13803,709,5,3,,2022-12-14 13:20:39,2022-12
10457,13804,709,14,4,"Easy pickup, no problems.",2023-04-15 06:14:15,2023-04
10458,13804,14,709,4,Super friendly and helpful.,2023-04-15 07:11:15,2023-04
10459,13805,709,498,4,,2023-04-18 17:38:07,2023-04
10460,13807,709,1371,4,,2022-02-11 08:16:04,2022-02
10461,13807,1371,709,4,,2022-02-11 08:48:04,2022-02
10462,13808,709,176,5,Very courteous driver.,2022-11-15 17:57:08,2022-11
10463,13809,709,1547,3,,2024-01-29 04:18:19,2024-01
10464,13813,709,1472,4,,2024-05-16 22:29:50,2024-05
10465,13815,1526,709,3,Very clean car.,2024-01-09 06:16:57,2024-01
10466,13816,709,142,3,,2023-04-01 08:27:01,2023-04
10467,13822,576,1104,5,Car was spotless.,2023-03-14 22:48:23,2023-03
10468,13822,1104,576,3,"Smooth ride, on time.",2023-03-14 23:31:23,2023-03
10469,13823,576,1336,3,Average experience.,2023-11-07 03:31:44,2023-11
10470,13823,1336,576,3,"Great driver, very professional!",2023-11-07 05:47:44,2023-11
10471,13824,576,1131,4,"Great rider, very polite.",2023-04-08 20:09:31,2023-04
10472,13826,1018,324,5,,2023-06-27 00:59:07,2023-06
10473,13826,324,1018,3,Super friendly and helpful.,2023-06-27 00:23:07,2023-06
10474,13832,1696,136,4,Super friendly and helpful.,2024-04-07 19:03:51,2024-04
10475,13833,46,477,4,"Great driver, very professional!",2022-07-23 04:12:29,2022-07
10476,13834,46,898,3,Decent experience.,2023-04-04 10:21:15,2023-04
10477,13835,1765,1,4,"Great driver, very professional!",2023-01-08 03:00:57,2023-01
10478,13836,1,467,4,,2022-03-28 12:37:08,2022-03
10479,13838,1,1790,4,"Smooth ride, on time.",2022-09-22 06:38:48,2022-09
10480,13838,1790,1,3,"Smooth ride, on time.",2022-09-22 07:58:48,2022-09
10481,13839,1,318,4,Very courteous driver.,2022-08-28 16:49:35,2022-08
10482,13841,1,834,5,,2024-04-26 17:14:28,2024-04
10483,13844,1,1041,5,"Excellent service, will ride again.",2023-01-15 22:07:49,2023-01
10484,13844,1041,1,1,Very clean car.,2023-01-15 21:02:49,2023-01
10485,13845,1739,1,4,Super friendly and helpful.,2022-11-27 21:04:01,2022-11
10486,13846,351,1,3,,2024-01-05 23:28:13,2024-01
10487,13848,1,1104,3,,2023-09-01 05:40:20,2023-09
10488,13849,1,1430,4,Car was spotless.,2023-02-24 03:36:22,2023-02
10489,13850,1,1830,3,Acceptable ride.,2023-06-10 13:48:36,2023-06
10490,13851,207,1,4,"Smooth ride, on time.",2023-04-07 16:05:29,2023-04
10491,13852,1,1084,2,,2022-04-24 10:14:08,2022-04
10492,13852,1084,1,3,,2022-04-24 12:24:08,2022-04
10493,13854,1,1081,4,,2022-12-23 04:07:00,2022-12
10494,13856,1,1099,3,Nothing to complain about.,2023-12-10 10:54:04,2023-12
10495,13858,1869,1,5,"Great driver, very professional!",2023-05-22 01:23:14,2023-05
10496,13859,1386,1,4,"Smooth ride, on time.",2022-09-11 04:37:23,2022-09
10497,13860,1,920,2,Had trouble finding the pickup spot.,2023-09-20 04:02:21,2023-09
10498,13861,1,136,4,Very clean car.,2024-02-29 10:10:30,2024-02
10499,13861,136,1,3,"Smooth ride, on time.",2024-02-29 11:50:30,2024-02
10500,13862,1,1477,4,,2023-07-07 17:23:04,2023-07
10501,13863,1,118,5,Super friendly and helpful.,2022-06-27 11:22:30,2022-06
10502,13868,1,564,4,"Perfect trip, no issues.",2022-02-20 17:53:56,2022-02
10503,13868,564,1,3,"Smooth ride, on time.",2022-02-20 17:35:56,2022-02
10504,13869,1,1955,4,Super friendly and helpful.,2023-10-13 21:23:18,2023-10
10505,13869,1955,1,2,Very clean car.,2023-10-13 22:44:18,2023-10
10506,13870,1,14,3,,2023-11-08 23:35:12,2023-11
10507,13870,14,1,4,"Smooth ride, on time.",2023-11-09 01:32:12,2023-11
10508,13871,1,1350,4,,2022-09-15 02:50:12,2022-09
10509,13872,1,1328,3,"OK trip, nothing special.",2024-05-01 16:58:31,2024-05
10510,13875,1,1170,3,Trip was okay.,2024-06-17 11:06:57,2024-06
10511,13875,1170,1,4,"Smooth ride, on time.",2024-06-17 13:09:57,2024-06
10512,13877,1,1410,5,,2022-09-13 16:06:50,2022-09
10513,13879,1,1131,5,,2023-01-02 11:56:48,2023-01
10514,13880,1,570,4,"Great driver, very professional!",2023-08-23 16:58:53,2023-08
10515,13880,570,1,3,"Great driver, very professional!",2023-08-23 15:48:53,2023-08
10516,13881,1,1765,3,Fine driver.,2024-02-29 08:06:19,2024-02
10517,13881,1765,1,4,Super friendly and helpful.,2024-02-29 10:20:19,2024-02
10518,13882,1,1386,5,,2022-09-05 01:42:14,2022-09
10519,13884,1,328,3,,2024-06-12 11:40:10,2024-06
10520,13885,1,293,4,,2022-01-15 01:17:44,2022-01
10521,13886,1,919,5,,2023-03-11 23:01:35,2023-03
10522,13888,1,776,4,"Great driver, very professional!",2024-05-13 22:56:41,2024-05
10523,13892,1,834,4,,2024-05-22 10:01:25,2024-05
10524,13892,834,1,4,Very clean car.,2024-05-22 12:14:25,2024-05
10525,13895,1,1336,3,Average experience.,2022-06-03 13:58:49,2022-06
10526,13896,1207,1,5,"Great driver, very professional!",2023-06-11 08:26:26,2023-06
10527,13898,1,147,3,Decent experience.,2023-08-22 03:02:20,2023-08
10528,13899,1,97,4,,2023-10-11 05:49:13,2023-10
10529,13901,1,14,4,,2022-10-03 19:20:41,2022-10
10530,13903,1,1438,3,Fine driver.,2022-12-15 06:34:17,2022-12
10531,13905,1,1135,3,Trip was okay.,2023-01-06 12:59:39,2023-01
10532,13905,1135,1,3,"Smooth ride, on time.",2023-01-06 13:28:39,2023-01
10533,13906,1,224,3,,2023-12-04 02:59:35,2023-12
10534,13910,1,2,4,"Great rider, very polite.",2024-03-08 06:48:52,2024-03
10535,13911,1,1162,5,,2023-02-18 05:09:08,2023-02
10536,13913,248,1,4,,2023-02-27 20:54:30,2023-02
10537,13916,1268,146,3,,2023-01-28 20:56:07,2023-01
10538,13917,1268,647,4,,2023-04-01 20:03:49,2023-04
10539,13917,647,1268,3,,2023-04-01 19:31:49,2023-04
10540,13919,937,891,4,,2023-08-13 11:32:48,2023-08
10541,13919,891,937,3,"Smooth ride, on time.",2023-08-13 13:05:48,2023-08
10542,13922,1536,1060,3,Average experience.,2023-11-12 02:16:35,2023-11
10543,13922,1060,1536,3,"Excellent service, will ride again.",2023-11-12 02:42:35,2023-11
10544,13923,1536,327,5,Loved the music selection!,2023-07-13 15:32:57,2023-07
10545,13923,327,1536,4,,2023-07-13 14:02:57,2023-07
10546,13926,369,1311,5,,2022-11-21 09:58:32,2022-11
10547,13927,369,647,5,,2022-01-22 08:48:37,2022-01
10548,13930,9,1100,4,,2022-08-05 14:01:23,2022-08
10549,13933,330,1267,3,Decent experience.,2023-05-24 02:38:22,2023-05
10550,13934,330,202,4,,2023-07-24 03:00:28,2023-07
10551,13935,825,330,3,Very clean car.,2023-11-26 02:36:06,2023-11
10552,13936,1302,330,3,"Smooth ride, on time.",2023-05-09 08:47:04,2023-05
10553,13938,330,974,5,Very comfortable ride.,2024-06-26 17:19:52,2024-06
10554,13939,1324,330,3,"Smooth ride, on time.",2022-04-19 17:52:37,2022-04
10555,13941,330,142,5,"Excellent service, will ride again.",2022-07-20 13:56:34,2022-07
10556,13941,142,330,4,"Great driver, very professional!",2022-07-20 15:12:34,2022-07
10557,13943,330,665,3,,2023-01-29 23:21:03,2023-01
10558,13943,665,330,4,"Excellent service, will ride again.",2023-01-29 23:35:03,2023-01
10559,13947,1289,179,4,"Perfect trip, no issues.",2023-04-26 00:06:04,2023-04
10560,13948,1289,1968,5,Super friendly and helpful.,2024-03-31 09:50:01,2024-03
10561,13949,1289,469,3,Fine driver.,2023-01-18 18:30:50,2023-01
10562,13950,508,1289,2,Very clean car.,2024-01-21 21:58:58,2024-01
10563,13952,334,1289,2,,2022-02-08 02:33:33,2022-02
10564,13953,1289,1564,4,,2023-10-25 11:55:20,2023-10
10565,13954,1289,1380,4,,2022-11-11 15:08:12,2022-11
10566,13954,1380,1289,3,"Great driver, very professional!",2022-11-11 16:21:12,2022-11
10567,13957,1289,1088,4,,2022-02-26 11:22:02,2022-02
10568,13957,1088,1289,3,"Great driver, very professional!",2022-02-26 11:56:02,2022-02
10569,13959,1289,1853,4,,2022-10-08 22:42:11,2022-10
10570,13960,1289,433,5,,2022-07-27 16:53:31,2022-07
10571,13963,1113,494,5,"Great rider, very polite.",2024-05-05 23:36:32,2024-05
10572,13964,1113,1394,4,"Perfect trip, no issues.",2023-09-04 20:47:27,2023-09
10573,13966,1113,155,4,"Easy pickup, no problems.",2023-04-24 21:21:27,2023-04
10574,13966,155,1113,3,,2023-04-24 22:03:27,2023-04
10575,13969,1113,207,3,Average experience.,2023-03-20 20:36:21,2023-03
10576,13970,1113,1607,3,"OK trip, nothing special.",2022-07-11 15:35:35,2022-07
10577,13970,1607,1113,4,"Great driver, very professional!",2022-07-11 17:49:35,2022-07
10578,13971,1113,742,2,,2024-06-08 08:22:11,2024-06
10579,13975,1113,612,3,,2022-10-30 01:47:09,2022-10
10580,13976,1113,97,4,"Easy pickup, no problems.",2022-08-27 11:01:07,2022-08
10581,13978,1113,898,5,,2023-04-01 04:53:10,2023-04
10582,13979,1113,779,3,,2022-02-02 21:13:01,2022-02
10583,13979,779,1113,3,"Great driver, very professional!",2022-02-02 22:45:01,2022-02
10584,13980,1113,1776,5,Fast and safe driver.,2022-07-07 23:07:48,2022-07
10585,13984,1113,1724,5,,2023-07-19 04:32:02,2023-07
10586,13985,119,1113,3,Super friendly and helpful.,2022-02-18 11:29:04,2022-02
10587,13986,1113,1134,5,Super friendly and helpful.,2023-12-24 05:33:27,2023-12
10588,13987,1113,1205,3,Fine driver.,2022-12-10 16:08:29,2022-12
10589,13988,1113,485,5,,2024-03-30 06:47:25,2024-03
10590,13988,485,1113,3,,2024-03-30 05:50:25,2024-03
10591,13991,1640,1113,3,"Smooth ride, on time.",2023-06-28 11:30:53,2023-06
10592,13992,1752,1113,2,"Great driver, very professional!",2023-03-26 11:28:44,2023-03
10593,13993,119,1113,2,"Excellent service, will ride again.",2022-06-15 21:31:11,2022-06
10594,13998,1113,199,4,,2022-06-01 04:16:37,2022-06
10595,14001,1113,1128,3,Decent experience.,2022-05-10 10:10:00,2022-05
10596,14001,1128,1113,2,"Excellent service, will ride again.",2022-05-10 10:37:00,2022-05
10597,14003,1113,1221,3,,2023-03-18 09:02:26,2023-03
10598,14004,1113,1100,4,,2024-01-19 22:51:19,2024-01
10599,14004,1100,1113,4,Very clean car.,2024-01-19 23:29:19,2024-01
10600,14005,1113,1397,3,,2024-03-10 06:28:06,2024-03
10601,14005,1397,1113,3,Super friendly and helpful.,2024-03-10 07:32:06,2024-03
10602,14007,1113,759,3,,2022-09-14 05:13:38,2022-09
10603,14007,759,1113,3,Very clean car.,2022-09-14 05:05:38,2022-09
10604,14008,1113,467,3,Got there safely.,2022-06-21 01:27:27,2022-06
10605,14010,1113,941,4,,2022-04-12 10:33:56,2022-04
10606,14010,941,1113,4,Super friendly and helpful.,2022-04-12 12:56:56,2022-04
10607,14011,1113,1736,3,Got there safely.,2023-01-21 10:56:34,2023-01
10608,14013,1081,1113,3,Very clean car.,2024-06-20 17:36:22,2024-06
10609,14014,1113,1430,5,,2022-12-07 02:37:25,2022-12
10610,14016,1113,593,3,,2022-10-25 13:34:32,2022-10
10611,14017,1113,1700,3,,2022-04-11 05:32:16,2022-04
10612,14018,1113,1430,3,Acceptable ride.,2022-05-08 05:44:34,2022-05
10613,14019,1113,867,3,Fine driver.,2022-11-21 14:01:19,2022-11
10614,14019,867,1113,4,,2022-11-21 14:43:19,2022-11
10615,14020,1113,630,4,"Great rider, very polite.",2023-07-04 08:53:45,2023-07
10616,14022,1113,932,4,"Quick and efficient, thanks!",2023-10-03 16:26:44,2023-10
10617,14023,1113,1087,2,Took a longer route.,2022-01-24 11:57:04,2022-01
10618,14024,1113,1894,3,,2023-12-11 20:24:52,2023-12
10619,14025,1113,448,5,,2023-04-05 03:39:26,2023-04
10620,14026,1113,339,3,Trip was okay.,2022-01-24 21:25:49,2022-01
10621,14026,339,1113,3,,2022-01-24 21:17:49,2022-01
10622,14028,1113,1001,3,,2022-08-14 11:41:35,2022-08
10623,14031,1113,1430,5,"Quick and efficient, thanks!",2022-06-22 17:30:51,2022-06
10624,14032,891,1113,3,Very clean car.,2024-01-04 20:22:48,2024-01
10625,14033,1113,201,5,,2023-02-03 18:48:22,2023-02
10626,14033,201,1113,3,,2023-02-03 20:29:22,2023-02
10627,14034,1113,1984,5,,2022-12-26 23:27:28,2022-12
10628,14035,1113,1507,4,Car was spotless.,2023-10-05 15:51:25,2023-10
10629,14036,1113,1410,5,Very clean car.,2023-05-16 11:24:05,2023-05
10630,14038,1113,1355,4,,2022-02-08 03:22:05,2022-02
10631,14039,1113,1764,3,"OK trip, nothing special.",2023-06-15 12:40:26,2023-06
10632,14039,1764,1113,3,Super friendly and helpful.,2023-06-15 13:44:26,2023-06
10633,14041,1113,1700,4,,2023-03-16 01:21:23,2023-03
10634,14042,1113,1548,4,"Smooth ride, on time.",2022-12-14 13:13:08,2022-12
10635,14042,1548,1113,4,"Smooth ride, on time.",2022-12-14 13:37:08,2022-12
10636,14044,1113,697,5,Fast and safe driver.,2023-07-12 03:10:30,2023-07
10637,14048,1113,1495,3,,2022-08-24 18:38:55,2022-08
10638,14049,434,1113,3,"Excellent service, will ride again.",2024-06-18 08:08:10,2024-06
10639,14050,1113,1853,4,"Great rider, very polite.",2022-09-18 21:07:33,2022-09
10640,14050,1853,1113,3,"Great driver, very professional!",2022-09-18 19:39:33,2022-09
10641,14051,1113,585,4,,2023-05-05 10:31:11,2023-05
10642,14051,585,1113,4,"Great driver, very professional!",2023-05-05 10:19:11,2023-05
10643,14056,1113,759,4,"Great driver, very professional!",2022-06-06 10:30:18,2022-06
10644,14058,1113,1975,4,"5 stars, highly recommend!",2023-09-30 17:47:40,2023-09
10645,14059,1113,1781,5,,2024-02-06 07:52:04,2024-02
10646,14060,1113,883,4,"Excellent service, will ride again.",2023-12-15 06:02:13,2023-12
10647,14060,883,1113,3,"Great driver, very professional!",2023-12-15 05:01:13,2023-12
10648,14061,1227,1113,4,"Great driver, very professional!",2024-02-05 10:57:32,2024-02
10649,14063,1373,1113,3,"Smooth ride, on time.",2023-10-19 05:25:33,2023-10
10650,14064,1113,508,4,,2022-03-25 17:13:41,2022-03
10651,14064,508,1113,3,Very clean car.,2022-03-25 17:12:41,2022-03
10652,14065,1113,664,2,,2022-05-31 20:02:44,2022-05
10653,14067,1898,187,4,Fast and safe driver.,2023-10-28 05:19:41,2023-10
10654,14069,1898,1881,4,,2023-04-13 22:30:02,2023-04
10655,14069,1881,1898,3,"Smooth ride, on time.",2023-04-13 22:44:02,2023-04
10656,14070,1898,564,3,"OK trip, nothing special.",2023-12-05 08:27:46,2023-12
10657,14070,564,1898,3,"Great driver, very professional!",2023-12-05 10:23:46,2023-12
10658,14072,1898,293,5,,2022-11-01 15:30:41,2022-11
10659,14074,1898,434,5,,2022-02-11 19:49:19,2022-02
10660,14076,1898,1548,4,Very courteous driver.,2023-02-12 19:00:03,2023-02
10661,14077,1898,62,4,"Excellent service, will ride again.",2024-03-06 03:58:02,2024-03
10662,14078,1898,778,3,"OK trip, nothing special.",2022-06-10 10:59:54,2022-06
10663,14078,778,1898,4,Super friendly and helpful.,2022-06-10 11:41:54,2022-06
10664,14079,164,1898,4,"Great driver, very professional!",2024-05-03 02:54:16,2024-05
10665,14080,1898,601,3,Decent experience.,2022-11-29 13:15:56,2022-11
10666,14081,1898,800,3,Nothing to complain about.,2022-07-14 11:46:13,2022-07
10667,14083,1898,323,4,,2022-09-03 04:17:49,2022-09
10668,14085,1898,115,3,,2023-10-24 06:31:18,2023-10
10669,14086,1898,328,3,Fine driver.,2022-02-20 20:57:31,2022-02
10670,14087,1898,1755,1,,2023-12-06 20:04:34,2023-12
10671,14087,1755,1898,3,,2023-12-06 20:42:34,2023-12
10672,14088,1898,1181,4,Very clean car.,2024-04-24 22:25:32,2024-04
10673,14092,1898,1794,4,,2023-11-17 03:33:55,2023-11
10674,14093,1930,1984,4,Very courteous driver.,2023-01-15 05:03:08,2023-01
10675,14093,1984,1930,3,"Smooth ride, on time.",2023-01-15 05:50:08,2023-01
10676,14096,199,1900,4,,2023-06-23 22:52:31,2023-06
10677,14097,1900,602,3,Nothing to complain about.,2022-06-26 22:02:27,2022-06
10678,14099,1900,1830,3,,2024-02-03 01:08:13,2024-02
10679,14101,1105,1900,2,"Great driver, very professional!",2022-02-15 00:13:35,2022-02
10680,14105,1606,886,4,"Great driver, very professional!",2023-02-15 20:31:03,2023-02
10681,14108,886,1764,4,"5 stars, highly recommend!",2022-09-08 18:04:12,2022-09
10682,14109,1486,146,4,"Perfect trip, no issues.",2022-03-29 16:47:27,2022-03
10683,14110,1486,1001,5,"Great rider, very polite.",2022-12-02 00:37:38,2022-12
10684,14111,1486,779,2,Car smelled bad.,2024-02-24 08:04:05,2024-02
10685,14111,779,1486,1,Very clean car.,2024-02-24 07:23:05,2024-02
10686,14112,276,199,3,Got there safely.,2022-12-10 07:56:03,2022-12
10687,14112,199,276,2,"Great driver, very professional!",2022-12-10 07:56:03,2022-12
10688,14114,1940,1564,4,,2022-12-30 14:03:51,2022-12
10689,14115,1940,393,4,Super friendly and helpful.,2023-07-31 23:56:57,2023-07
10690,14115,393,1940,3,"Great driver, very professional!",2023-08-01 01:15:57,2023-08
10691,14116,1940,1839,3,Decent experience.,2023-10-10 09:14:42,2023-10
10692,14117,1445,1430,3,,2023-04-28 11:32:35,2023-04
10693,14121,1445,1108,4,,2023-02-26 05:50:24,2023-02
10694,14122,450,1445,4,"Smooth ride, on time.",2022-06-10 09:41:39,2022-06
10695,14126,1445,1853,5,,2022-10-30 11:22:58,2022-10
10696,14127,969,1445,4,"Great driver, very professional!",2023-03-29 23:54:02,2023-03
10697,14130,1445,1286,3,,2022-02-07 05:39:42,2022-02
10698,14131,643,1445,4,"Excellent service, will ride again.",2022-02-03 19:15:53,2022-02
10699,14132,1445,593,4,"Great driver, very professional!",2022-02-15 05:41:49,2022-02
10700,14132,593,1445,3,Very clean car.,2022-02-15 06:33:49,2022-02
10701,14133,1445,1302,5,,2023-04-19 03:35:06,2023-04
10702,14135,1445,1853,3,Acceptable ride.,2024-03-21 21:15:35,2024-03
10703,14135,1853,1445,4,Very clean car.,2024-03-21 21:33:35,2024-03
10704,14136,1445,822,3,Acceptable ride.,2022-05-25 13:19:50,2022-05
10705,14136,822,1445,5,Very clean car.,2022-05-25 15:16:50,2022-05
10706,14137,1445,1574,3,,2022-04-14 16:03:45,2022-04
10707,14138,1445,229,4,Loved the music selection!,2022-11-16 03:17:09,2022-11
10708,14139,1445,778,4,,2024-03-26 20:46:27,2024-03
10709,14140,936,1494,4,,2024-03-12 01:05:10,2024-03
10710,14141,936,1795,3,,2023-05-24 14:12:25,2023-05
10711,14143,936,502,3,,2023-02-27 02:20:04,2023-02
10712,14144,936,179,4,Very courteous driver.,2023-02-15 23:43:19,2023-02
10713,14144,179,936,3,"Great driver, very professional!",2023-02-15 23:28:19,2023-02
10714,14146,682,1975,5,,2023-12-19 01:59:15,2023-12
10715,14147,682,593,5,,2023-01-15 13:49:39,2023-01
10716,14148,682,1227,4,"Perfect trip, no issues.",2022-10-26 00:28:12,2022-10
10717,14148,1227,682,4,Super friendly and helpful.,2022-10-26 00:30:12,2022-10
10718,14149,682,1117,3,Average experience.,2023-09-26 04:53:09,2023-09
10719,14152,682,1739,4,,2023-06-23 06:45:27,2023-06
10720,14152,1739,682,3,"Great driver, very professional!",2023-06-23 05:28:27,2023-06
10721,14153,682,1427,3,,2023-11-18 17:06:51,2023-11
10722,14154,461,682,4,"Excellent service, will ride again.",2022-12-30 00:21:19,2022-12
10723,14158,682,1286,5,Fast and safe driver.,2023-06-06 20:31:48,2023-06
10724,14158,1286,682,4,"Smooth ride, on time.",2023-06-06 19:59:48,2023-06
10725,14159,682,947,5,,2023-05-01 13:42:58,2023-05
10726,14160,682,1532,3,,2023-11-03 20:28:23,2023-11
10727,14161,682,1975,4,,2023-05-04 04:11:03,2023-05
10728,14161,1975,682,4,"Great driver, very professional!",2023-05-04 03:23:03,2023-05
10729,14162,682,439,4,,2022-08-30 14:18:28,2022-08
10730,14163,682,1975,5,"5 stars, highly recommend!",2023-10-28 05:29:15,2023-10
10731,14166,682,643,4,Very clean car.,2024-03-27 13:36:25,2024-03
10732,14167,506,682,3,"Smooth ride, on time.",2023-08-13 12:09:10,2023-08
10733,14170,682,389,4,"Quick and efficient, thanks!",2022-08-08 06:12:06,2022-08
10734,14170,389,682,4,Super friendly and helpful.,2022-08-08 05:36:06,2022-08
10735,14171,682,1569,3,,2022-12-06 09:03:20,2022-12
10736,14171,1569,682,3,Very clean car.,2022-12-06 08:10:20,2022-12
10737,14172,682,14,3,,2023-08-19 06:28:12,2023-08
10738,14175,682,898,4,,2024-01-31 05:48:17,2024-01
10739,14177,682,1030,4,,2023-03-02 01:55:53,2023-03
10740,14177,1030,682,5,"Smooth ride, on time.",2023-03-02 04:03:53,2023-03
10741,14178,682,1739,3,,2022-12-20 00:33:32,2022-12
10742,14179,682,155,5,,2024-05-06 08:12:45,2024-05
10743,14179,155,682,4,"Excellent service, will ride again.",2024-05-06 10:05:45,2024-05
10744,14180,1139,682,2,"Smooth ride, on time.",2022-05-01 06:30:02,2022-05
10745,14183,1727,682,3,,2023-02-16 00:19:21,2023-02
10746,14184,682,1380,4,,2023-08-02 02:57:20,2023-08
10747,14187,682,1948,3,Decent experience.,2023-05-13 11:50:30,2023-05
10748,14190,682,1162,5,,2023-10-31 06:03:12,2023-10
10749,14190,1162,682,2,"Great driver, very professional!",2023-10-31 04:56:12,2023-10
10750,14195,1752,1725,3,"Great driver, very professional!",2023-01-12 00:44:49,2023-01
10751,14200,1983,1725,2,"Great driver, very professional!",2022-01-05 08:43:43,2022-01
10752,14206,1725,630,3,Trip was okay.,2023-01-16 15:04:55,2023-01
10753,14206,630,1725,3,"Great driver, very professional!",2023-01-16 15:51:55,2023-01
10754,14208,1725,1105,4,,2023-09-12 17:22:23,2023-09
10755,14210,1725,1040,5,,2022-10-22 07:30:02,2022-10
10756,14212,1725,225,2,Not very clean.,2024-03-06 01:45:06,2024-03
10757,14212,225,1725,3,,2024-03-06 03:18:06,2024-03
10758,14217,1725,485,4,,2024-06-09 20:36:55,2024-06
10759,14219,1456,199,4,Loved the music selection!,2023-04-01 04:24:30,2023-04
10760,14220,1456,1403,3,Acceptable ride.,2022-03-08 19:37:51,2022-03
10761,14221,1456,1839,4,Super friendly and helpful.,2022-01-09 22:41:23,2022-01
10762,14221,1839,1456,3,Very clean car.,2022-01-10 00:22:23,2022-01
10763,14223,1456,1343,4,,2024-03-10 20:32:52,2024-03
10764,14223,1343,1456,3,Super friendly and helpful.,2024-03-10 22:05:52,2024-03
10765,14226,1128,1456,4,"Great driver, very professional!",2022-11-08 02:47:14,2022-11
10766,14227,1456,705,5,,2022-11-07 05:36:06,2022-11
10767,14229,1456,125,4,"Great rider, very polite.",2023-01-28 02:32:20,2023-01
10768,14231,1456,919,3,Trip was okay.,2024-03-30 03:17:42,2024-03
10769,14231,919,1456,4,"Excellent service, will ride again.",2024-03-30 04:10:42,2024-03
10770,14232,1456,1739,4,,2023-09-16 23:30:04,2023-09
10771,14234,1456,1198,4,,2023-10-22 05:22:39,2023-10
10772,14235,1779,1713,3,Fine driver.,2023-01-27 04:38:41,2023-01
10773,14237,1779,1206,5,Super friendly and helpful.,2023-04-27 05:44:47,2023-04
10774,14238,1779,1243,4,"Great rider, very polite.",2022-09-04 20:10:35,2022-09
10775,14239,1779,1060,3,"OK trip, nothing special.",2022-09-03 08:33:02,2022-09
10776,14239,1060,1779,3,"Great driver, very professional!",2022-09-03 07:24:02,2022-09
10777,14240,1779,1397,4,,2023-10-20 17:48:55,2023-10
10778,14240,1397,1779,4,,2023-10-20 17:31:55,2023-10
10779,14242,1779,941,4,,2023-04-09 02:46:14,2023-04
10780,14244,1779,1081,5,"Excellent service, will ride again.",2022-06-12 19:19:49,2022-06
10781,14244,1081,1779,3,Super friendly and helpful.,2022-06-12 19:02:49,2022-06
10782,14246,1779,1955,4,"Excellent service, will ride again.",2024-03-29 19:20:07,2024-03
10783,14246,1955,1779,4,"Great driver, very professional!",2024-03-29 21:16:07,2024-03
10784,14247,1779,485,5,,2023-10-18 23:29:22,2023-10
10785,14247,485,1779,2,Very clean car.,2023-10-19 00:05:22,2023-10
10786,14248,1779,1227,4,,2023-02-13 08:04:00,2023-02
10787,14251,1779,1196,3,,2023-09-11 01:36:07,2023-09
10788,14252,1779,564,5,Very courteous driver.,2022-09-01 09:40:50,2022-09
10789,14255,878,1779,3,Super friendly and helpful.,2023-11-27 05:29:12,2023-11
10790,14256,1779,690,3,Acceptable ride.,2022-07-22 09:55:13,2022-07
10791,14258,1779,1947,4,,2022-04-01 01:55:47,2022-04
10792,14259,1779,1684,2,Took a longer route.,2023-12-06 01:35:07,2023-12
10793,14260,1779,1350,4,,2023-01-11 06:57:43,2023-01
10794,14263,393,1554,3,Super friendly and helpful.,2022-08-05 12:34:25,2022-08
10795,14265,1723,132,4,"Great rider, very polite.",2022-06-18 08:44:36,2022-06
10796,14267,1723,1658,3,Average experience.,2023-07-24 09:00:18,2023-07
10797,14268,1723,1981,5,"Excellent service, will ride again.",2023-05-29 07:20:30,2023-05
10798,14271,686,408,3,Acceptable ride.,2023-10-11 12:11:36,2023-10
10799,14272,1601,1386,5,,2022-12-12 01:03:26,2022-12
10800,14272,1386,1601,4,"Smooth ride, on time.",2022-12-12 03:10:26,2022-12
10801,14273,571,1462,4,"Smooth ride, on time.",2022-11-01 17:01:09,2022-11
10802,14274,1462,187,4,Fast and safe driver.,2022-05-09 11:44:54,2022-05
10803,14275,1462,1702,3,,2022-09-09 00:22:58,2022-09
10804,14277,1462,131,4,Loved the music selection!,2022-07-16 10:07:53,2022-07
10805,14278,1462,334,2,Driver was late.,2022-03-16 15:35:19,2022-03
10806,14280,1462,1993,4,,2023-07-03 08:43:00,2023-07
10807,14280,1993,1462,4,Super friendly and helpful.,2023-07-03 08:50:00,2023-07
10808,14281,1462,664,4,,2022-08-03 01:13:01,2022-08
10809,14281,664,1462,2,Very clean car.,2022-08-03 01:21:01,2022-08
10810,14286,920,1462,4,"Great driver, very professional!",2022-07-20 16:10:54,2022-07
10811,14287,510,1462,5,"Great driver, very professional!",2023-07-22 18:49:57,2023-07
10812,14288,119,1462,3,,2022-07-01 18:06:29,2022-07
10813,14290,1462,1131,5,"Easy pickup, no problems.",2023-12-31 03:13:03,2023-12
10814,14291,1111,1462,3,Super friendly and helpful.,2023-05-07 10:36:28,2023-05
10815,14293,1462,647,4,"Great rider, very polite.",2024-06-07 02:47:18,2024-06
10816,14296,1027,1781,4,,2022-10-28 07:40:58,2022-10
10817,14296,1781,1027,3,"Smooth ride, on time.",2022-10-28 07:18:58,2022-10
10818,14297,1027,1965,3,Fine driver.,2022-02-02 13:03:57,2022-02
10819,14299,1027,1450,2,Driver was rude.,2024-06-20 17:52:23,2024-06
10820,14299,1450,1027,3,"Great driver, very professional!",2024-06-20 19:24:23,2024-06
10821,14300,1027,1181,4,Car was spotless.,2023-11-13 03:18:08,2023-11
10822,14301,1027,450,4,,2022-12-24 16:36:35,2022-12
10823,14302,1027,44,5,,2022-10-22 05:03:38,2022-10
10824,14304,1027,1394,4,,2022-10-16 18:25:14,2022-10
10825,14306,1027,1205,2,,2024-03-08 06:00:26,2024-03
10826,14306,1205,1027,4,"Great driver, very professional!",2024-03-08 06:40:26,2024-03
10827,14309,1027,1794,5,,2022-07-04 09:42:36,2022-07
10828,14310,1183,1027,2,Very clean car.,2023-09-24 18:03:43,2023-09
10829,14312,1027,155,3,Trip was okay.,2023-01-01 08:52:19,2023-01
10830,14312,155,1027,3,"Great driver, very professional!",2023-01-01 11:47:19,2023-01
10831,14315,1027,1210,4,,2022-06-12 12:28:29,2022-06
10832,14316,1027,1889,4,"Great driver, very professional!",2023-04-29 21:02:11,2023-04
10833,14317,1027,1547,5,"Great driver, very professional!",2024-01-07 18:15:10,2024-01
10834,14318,1027,89,2,,2024-06-03 14:17:31,2024-06
10835,14319,1477,1027,4,"Smooth ride, on time.",2023-11-20 18:37:14,2023-11
10836,14320,1027,338,4,"Great driver, very professional!",2023-04-09 15:56:19,2023-04
10837,14321,1027,811,4,"Quick and efficient, thanks!",2023-07-11 19:52:36,2023-07
10838,14322,1027,1532,3,Average experience.,2022-07-14 19:41:50,2022-07
10839,14324,1105,1027,3,Super friendly and helpful.,2022-05-05 22:18:05,2022-05
10840,14326,1027,1839,4,,2023-12-18 06:37:00,2023-12
10841,14327,1027,1564,4,"5 stars, highly recommend!",2022-11-03 04:48:48,2022-11
10842,14327,1564,1027,3,,2022-11-03 05:55:48,2022-11
10843,14330,1027,328,4,,2024-03-24 13:36:55,2024-03
10844,14332,1027,1752,3,,2024-06-22 07:34:24,2024-06
10845,14333,1933,1027,4,"Smooth ride, on time.",2023-04-03 06:20:53,2023-04
10846,14336,1027,1558,3,,2024-01-15 07:04:44,2024-01
10847,14338,1027,1288,4,,2022-06-19 00:49:36,2022-06
10848,14340,1027,187,4,,2023-05-12 03:19:34,2023-05
10849,14343,1027,52,4,,2023-07-12 07:37:45,2023-07
10850,14346,1027,800,3,Fine driver.,2022-05-09 17:36:10,2022-05
10851,14347,1027,995,3,"OK trip, nothing special.",2022-12-18 21:34:40,2022-12
10852,14348,1027,891,4,,2022-03-12 16:47:51,2022-03
10853,14349,1027,194,3,Got there safely.,2024-04-07 10:28:41,2024-04
10854,14350,1027,376,5,"Easy pickup, no problems.",2024-05-27 20:57:09,2024-05
10855,14350,376,1027,5,"Great driver, very professional!",2024-05-27 20:26:09,2024-05
10856,14354,1027,448,4,,2023-01-13 18:44:04,2023-01
10857,14355,1027,271,5,"Excellent service, will ride again.",2022-03-15 05:42:47,2022-03
10858,14355,271,1027,3,,2022-03-15 06:40:47,2022-03
10859,14356,1027,288,4,Fast and safe driver.,2022-05-02 14:09:19,2022-05
10860,14359,1027,748,4,,2024-01-18 11:53:16,2024-01
10861,14361,898,1027,3,,2023-11-25 01:15:56,2023-11
10862,14362,1027,446,4,"5 stars, highly recommend!",2022-05-21 07:12:00,2022-05
10863,14362,446,1027,2,"Excellent service, will ride again.",2022-05-21 06:24:00,2022-05
10864,14363,2,1027,3,Super friendly and helpful.,2024-01-30 00:37:04,2024-01
10865,14365,1027,452,5,,2023-02-01 21:24:47,2023-02
10866,14366,1492,1027,3,,2024-03-10 04:26:10,2024-03
10867,14368,1027,1999,4,Very courteous driver.,2022-11-04 02:37:31,2022-11
10868,14369,1027,1410,5,,2024-05-06 09:37:39,2024-05
10869,14369,1410,1027,3,Super friendly and helpful.,2024-05-06 08:05:39,2024-05
10870,14370,1027,1430,4,,2024-03-09 03:05:48,2024-03
10871,14370,1430,1027,5,,2024-03-09 01:16:48,2024-03
10872,14371,1027,1310,4,,2022-10-15 22:01:19,2022-10
10873,14372,235,1027,4,"Excellent service, will ride again.",2022-10-27 12:09:47,2022-10
10874,14373,1027,1023,3,Acceptable ride.,2022-08-30 22:13:46,2022-08
10875,14374,1027,1243,5,"Great driver, very professional!",2023-02-28 12:23:37,2023-02
10876,14374,1243,1027,3,"Smooth ride, on time.",2023-02-28 12:59:37,2023-02
10877,14375,1027,508,3,,2024-04-02 04:32:16,2024-04
10878,14376,1027,1403,5,,2022-04-07 17:08:55,2022-04
10879,14378,65,1027,3,"Smooth ride, on time.",2024-05-08 06:10:54,2024-05
10880,14381,1027,1081,5,"Perfect trip, no issues.",2024-04-03 03:02:38,2024-04
10881,14384,448,1027,4,"Smooth ride, on time.",2022-10-10 17:15:49,2022-10
10882,14386,1027,1947,3,,2023-03-15 13:37:08,2023-03
10883,14387,1027,741,4,,2023-06-27 00:26:30,2023-06
10884,14387,741,1027,2,"Excellent service, will ride again.",2023-06-27 01:27:30,2023-06
10885,14388,1027,868,4,"Perfect trip, no issues.",2022-11-15 20:36:16,2022-11
10886,14389,1027,818,3,Acceptable ride.,2023-06-21 08:02:24,2023-06
10887,14390,1027,1651,5,,2022-09-11 06:29:51,2022-09
10888,14391,1027,1947,5,"Great driver, very professional!",2023-10-06 19:51:53,2023-10
10889,14393,1596,1794,5,,2023-08-30 14:23:43,2023-08
10890,14394,1596,1352,4,,2023-10-07 14:49:29,2023-10
10891,14395,1596,570,4,"Excellent service, will ride again.",2023-12-15 09:30:39,2023-12
10892,14395,570,1596,4,Very clean car.,2023-12-15 10:22:39,2023-12
10893,14396,1596,1984,3,Got there safely.,2023-02-11 19:50:06,2023-02
10894,14396,1984,1596,4,"Great driver, very professional!",2023-02-11 20:37:06,2023-02
10895,14397,1596,293,4,"Perfect trip, no issues.",2023-07-03 20:54:36,2023-07
10896,14398,1596,959,5,,2023-07-20 04:48:34,2023-07
10897,14398,959,1596,3,Very clean car.,2023-07-20 03:49:34,2023-07
10898,14405,1854,331,4,"5 stars, highly recommend!",2024-04-05 13:57:11,2024-04
10899,14405,331,1854,3,"Smooth ride, on time.",2024-04-05 12:50:11,2024-04
10900,14406,1854,1640,3,Got there safely.,2022-12-02 13:37:50,2022-12
10901,14408,1288,1854,4,"Great driver, very professional!",2022-07-11 07:43:01,2022-07
10902,14410,1854,194,4,"Smooth ride, on time.",2023-10-22 14:52:43,2023-10
10903,14412,1854,1301,4,,2022-12-25 06:55:40,2022-12
10904,14412,1301,1854,3,Super friendly and helpful.,2022-12-25 08:20:40,2022-12
10905,14413,1854,818,3,,2022-04-13 01:18:05,2022-04
10906,14416,1854,334,4,Car was spotless.,2023-03-29 22:36:24,2023-03
10907,14417,1854,40,4,"Smooth ride, on time.",2022-07-20 18:52:01,2022-07
10908,14417,40,1854,3,Super friendly and helpful.,2022-07-20 19:58:01,2022-07
10909,14421,1581,1649,3,Acceptable ride.,2023-09-28 18:14:08,2023-09
10910,14426,1581,248,4,,2024-02-29 03:05:32,2024-02
10911,14427,1581,542,5,,2022-10-17 11:13:49,2022-10
10912,14428,1581,1881,5,,2022-04-07 05:41:58,2022-04
10913,14428,1881,1581,4,Super friendly and helpful.,2022-04-07 05:29:58,2022-04
10914,14431,1581,690,4,"Great driver, very professional!",2022-01-30 21:49:48,2022-01
10915,14432,1581,1221,4,Fast and safe driver.,2024-01-14 11:01:24,2024-01
10916,14436,1581,1141,5,,2022-08-15 22:28:57,2022-08
10917,14437,1581,570,3,,2022-06-26 09:47:52,2022-06
10918,14439,254,225,3,Trip was okay.,2022-03-06 01:30:36,2022-03
10919,14441,1609,883,5,,2023-01-28 03:20:29,2023-01
10920,14441,883,1609,3,"Excellent service, will ride again.",2023-01-28 04:41:29,2023-01
10921,14443,1609,544,4,"Great driver, very professional!",2024-04-10 10:18:36,2024-04
10922,14443,544,1609,4,Super friendly and helpful.,2024-04-10 11:57:36,2024-04
10923,14445,1609,1727,4,,2023-04-01 15:45:32,2023-04
10924,14445,1727,1609,3,Very clean car.,2023-04-01 15:21:32,2023-04
10925,14446,483,436,5,"Great rider, very polite.",2023-06-30 03:32:40,2023-06
10926,14447,983,510,4,,2022-11-27 01:16:57,2022-11
10927,14448,983,1841,4,,2022-01-30 21:41:50,2022-01
10928,14449,898,983,4,"Excellent service, will ride again.",2022-03-31 09:19:11,2022-03
10929,14452,983,1331,3,Average experience.,2022-05-30 05:10:07,2022-05
10930,14453,983,726,3,,2022-05-16 19:00:24,2022-05
10931,14453,726,983,4,Super friendly and helpful.,2022-05-16 20:57:24,2022-05
10932,14454,544,983,4,"Excellent service, will ride again.",2023-07-24 18:11:14,2023-07
10933,14456,983,1869,4,Super friendly and helpful.,2024-06-26 01:42:42,2024-06
10934,14457,983,1651,3,,2023-04-12 21:27:32,2023-04
10935,14458,1350,983,3,Super friendly and helpful.,2022-03-24 19:00:33,2022-03
10936,14460,983,1584,5,,2023-05-07 12:07:25,2023-05
10937,14461,983,1736,4,,2022-01-04 13:33:18,2022-01
10938,14462,983,469,3,,2022-05-21 01:51:59,2022-05
10939,14464,983,97,3,,2022-11-10 18:46:27,2022-11
10940,14464,97,983,3,"Excellent service, will ride again.",2022-11-10 20:45:27,2022-11
10941,14465,983,1111,4,Fast and safe driver.,2022-04-21 18:01:09,2022-04
10942,14468,983,1865,4,Very clean car.,2022-10-16 08:21:49,2022-10
10943,14468,1865,983,4,Very clean car.,2022-10-16 09:10:49,2022-10
10944,14469,983,585,4,Very comfortable ride.,2022-12-26 08:15:43,2022-12
10945,14470,983,1562,4,"Great rider, very polite.",2023-10-13 10:51:38,2023-10
10946,14478,1249,162,4,Very clean car.,2022-12-28 10:09:25,2022-12
10947,14479,430,1249,3,"Excellent service, will ride again.",2022-07-09 20:55:15,2022-07
10948,14482,1249,324,4,Very courteous driver.,2023-10-11 17:57:43,2023-10
10949,14483,1249,920,3,Acceptable ride.,2023-01-26 04:33:00,2023-01
10950,14483,920,1249,4,Super friendly and helpful.,2023-01-26 04:46:00,2023-01
10951,14484,1249,940,3,,2022-08-05 19:56:05,2022-08
10952,14485,1249,1794,4,,2024-04-19 19:00:15,2024-04
10953,14486,1249,1494,4,"Quick and efficient, thanks!",2023-06-09 17:33:08,2023-06
10954,14488,389,1249,5,,2023-08-25 20:04:13,2023-08
10955,14489,1249,1030,4,Very clean car.,2022-06-11 20:30:32,2022-06
10956,14489,1030,1249,3,"Excellent service, will ride again.",2022-06-11 20:08:32,2022-06
10957,14490,1249,1658,4,Very clean car.,2024-05-05 14:00:59,2024-05
10958,14491,1249,1162,4,,2023-11-13 16:21:38,2023-11
10959,14491,1162,1249,4,"Smooth ride, on time.",2023-11-13 16:11:38,2023-11
10960,14493,1249,898,5,,2024-04-23 08:14:58,2024-04
10961,14494,1249,1865,4,,2022-02-20 21:06:58,2022-02
10962,14495,1249,1574,4,Very comfortable ride.,2022-04-07 06:32:48,2022-04
10963,14495,1574,1249,3,,2022-04-07 07:28:48,2022-04
10964,14496,361,1181,4,,2023-07-04 21:28:40,2023-07
10965,14497,361,1881,4,,2022-07-25 19:37:29,2022-07
10966,14497,1881,361,4,,2022-07-25 21:50:29,2022-07
10967,14500,361,741,4,"Great driver, very professional!",2023-03-21 10:27:44,2023-03
10968,14504,747,1394,3,,2022-01-26 14:54:50,2022-01
10969,14504,1394,747,4,Super friendly and helpful.,2022-01-26 14:32:50,2022-01
10970,14505,747,132,5,,2022-06-08 03:34:00,2022-06
10971,14506,1709,1167,2,,2023-10-19 11:26:23,2023-10
10972,14510,1245,1026,3,Acceptable ride.,2023-04-10 06:00:36,2023-04
10973,14510,1026,1245,2,"Great driver, very professional!",2023-04-10 06:56:36,2023-04
10974,14511,1245,608,4,,2022-09-11 07:56:08,2022-09
10975,14513,1245,986,4,,2022-10-15 20:46:16,2022-10
10976,14513,986,1245,3,"Excellent service, will ride again.",2022-10-15 22:04:16,2022-10
10977,14515,1245,1430,4,"Smooth ride, on time.",2023-03-27 00:38:20,2023-03
10978,14516,1245,833,4,"5 stars, highly recommend!",2023-08-11 06:50:37,2023-08
10979,14516,833,1245,3,Super friendly and helpful.,2023-08-11 07:49:37,2023-08
10980,14517,1245,1011,4,"Quick and efficient, thanks!",2022-05-19 16:13:34,2022-05
10981,14518,1245,1605,4,,2023-08-12 03:57:06,2023-08
10982,14521,1245,335,4,,2023-02-28 10:48:58,2023-02
10983,14523,1176,957,4,,2022-02-06 08:31:36,2022-02
10984,14524,1176,1623,5,,2022-10-09 00:35:09,2022-10
10985,14525,1176,1427,4,"Great rider, very polite.",2024-05-11 20:21:06,2024-05
10986,14525,1427,1176,3,,2024-05-11 21:01:06,2024-05
10987,14527,1176,959,4,Fast and safe driver.,2022-01-16 11:54:33,2022-01
10988,14529,1176,132,3,,2022-07-30 17:29:50,2022-07
10989,14532,306,1741,4,"Perfect trip, no issues.",2024-06-04 22:55:37,2024-06
10990,14533,306,1775,4,"Great rider, very polite.",2023-06-02 14:43:46,2023-06
10991,14534,306,1091,3,,2023-12-11 19:43:54,2023-12
10992,14534,1091,306,2,,2023-12-11 19:28:54,2023-12
10993,14535,306,286,4,,2022-08-10 10:54:15,2022-08
10994,14536,306,932,3,"OK trip, nothing special.",2023-04-29 06:14:57,2023-04
10995,14538,306,458,3,"OK trip, nothing special.",2024-03-30 00:57:25,2024-03
10996,14541,806,202,3,Nothing to complain about.,2024-01-09 06:02:04,2024-01
10997,14542,806,146,4,Loved the music selection!,2022-07-30 11:24:18,2022-07
10998,14542,146,806,4,"Smooth ride, on time.",2022-07-30 11:33:18,2022-07
10999,14543,1638,1987,5,Very comfortable ride.,2022-03-21 11:57:06,2022-03
11000,14543,1987,1638,3,Very clean car.,2022-03-21 11:07:06,2022-03
11001,14545,1638,199,5,Very clean car.,2023-01-04 03:45:51,2023-01
11002,14548,765,1638,4,Very clean car.,2024-03-17 03:13:41,2024-03
11003,14549,1638,1794,4,,2022-06-28 14:34:26,2022-06
11004,14550,1638,1187,4,Super friendly and helpful.,2024-03-25 12:50:07,2024-03
11005,14552,1638,1437,4,,2022-04-04 10:10:43,2022-04
11006,14553,1638,1812,3,"OK trip, nothing special.",2022-08-04 07:06:13,2022-08
11007,14554,1638,1653,3,,2024-02-10 05:02:58,2024-02
11008,14554,1653,1638,3,,2024-02-10 05:31:58,2024-02
11009,14558,921,1198,4,,2024-05-04 12:30:25,2024-05
11010,14558,1198,921,2,Very clean car.,2024-05-04 12:37:25,2024-05
11011,14559,1713,921,2,"Smooth ride, on time.",2022-09-30 14:15:14,2022-09
11012,14560,921,1839,4,,2022-02-02 09:28:02,2022-02
11013,14561,921,1795,4,,2022-07-03 14:01:45,2022-07
11014,14562,921,1044,4,,2024-04-30 00:19:10,2024-04
11015,14563,921,1941,3,Trip was okay.,2023-07-16 14:28:34,2023-07
11016,14563,1941,921,3,"Excellent service, will ride again.",2023-07-16 14:46:34,2023-07
11017,14567,921,643,4,,2022-11-14 06:39:04,2022-11
11018,14567,643,921,4,"Excellent service, will ride again.",2022-11-14 04:59:04,2022-11
11019,14568,1100,921,3,"Great driver, very professional!",2022-01-21 12:32:39,2022-01
11020,14569,921,932,5,Very courteous driver.,2024-04-27 15:45:08,2024-04
11021,14569,932,921,3,"Great driver, very professional!",2024-04-27 18:10:08,2024-04
11022,14572,1494,921,3,Super friendly and helpful.,2022-10-09 04:37:19,2022-10
11023,14575,921,1040,4,"Excellent service, will ride again.",2022-01-12 08:06:25,2022-01
11024,14576,1675,1386,5,,2022-10-23 05:25:38,2022-10
11025,14577,1675,230,3,Average experience.,2022-05-25 13:19:27,2022-05
11026,14577,230,1675,1,,2022-05-25 13:56:27,2022-05
11027,14580,1914,1227,5,"Quick and efficient, thanks!",2023-11-29 09:04:44,2023-11
11028,14581,1605,1914,4,Very clean car.,2022-04-20 04:37:24,2022-04
11029,14582,1914,860,3,,2023-10-21 20:54:32,2023-10
11030,14583,1914,947,3,Nothing to complain about.,2022-10-21 11:55:13,2022-10
11031,14584,1914,1828,4,,2022-03-11 19:22:02,2022-03
11032,14584,1828,1914,2,"Excellent service, will ride again.",2022-03-11 20:09:02,2022-03
11033,14585,1914,765,4,"Perfect trip, no issues.",2024-01-21 11:19:29,2024-01
11034,14586,1914,1023,3,Acceptable ride.,2022-08-30 23:17:32,2022-08
11035,14586,1023,1914,2,Very clean car.,2022-08-30 22:57:32,2022-08
11036,14587,446,1914,2,Super friendly and helpful.,2022-09-15 18:23:10,2022-09
11037,14588,1914,467,4,,2023-03-27 10:28:18,2023-03
11038,14588,467,1914,4,"Smooth ride, on time.",2023-03-27 11:34:18,2023-03
11039,14591,1914,469,3,Trip was okay.,2023-08-16 18:20:12,2023-08
11040,14594,1914,446,5,,2022-06-30 17:27:27,2022-06
11041,14594,446,1914,3,"Smooth ride, on time.",2022-06-30 18:26:27,2022-06
11042,14596,364,925,3,,2024-03-22 09:55:23,2024-03
11043,14596,925,364,3,"Great driver, very professional!",2024-03-22 12:00:23,2024-03
11044,14597,364,690,4,"Great driver, very professional!",2024-04-16 07:04:20,2024-04
11045,14599,364,131,4,"Excellent service, will ride again.",2023-11-16 06:54:55,2023-11
11046,14600,364,1336,4,,2023-12-22 18:47:58,2023-12
11047,14602,364,759,4,,2023-10-20 04:03:34,2023-10
11048,14602,759,364,3,Super friendly and helpful.,2023-10-20 05:21:34,2023-10
11049,14604,364,1607,4,"Excellent service, will ride again.",2023-03-19 15:34:29,2023-03
11050,14605,364,929,4,"Excellent service, will ride again.",2022-07-31 01:30:13,2022-07
11051,14607,364,549,4,,2022-12-10 03:06:38,2022-12
11052,14608,364,822,3,Fine driver.,2023-01-24 04:53:48,2023-01
11053,14609,364,132,4,"Great driver, very professional!",2023-11-12 08:53:33,2023-11
11054,14611,364,436,4,,2023-06-23 05:39:38,2023-06
11055,14613,335,1966,5,"Excellent service, will ride again.",2023-10-13 09:57:46,2023-10
11056,14614,1497,1966,3,,2022-02-22 20:57:53,2022-02
11057,14617,448,1459,2,Very clean car.,2022-05-08 22:18:00,2022-05
11058,14618,1459,1461,5,,2022-04-11 13:00:27,2022-04
11059,14618,1461,1459,4,Very clean car.,2022-04-11 13:27:27,2022-04
11060,14619,1459,1205,4,Very comfortable ride.,2023-07-06 06:06:12,2023-07
11061,14620,1459,15,4,Very comfortable ride.,2023-11-25 18:39:48,2023-11
11062,14620,15,1459,3,Super friendly and helpful.,2023-11-25 17:57:48,2023-11
11063,14621,1459,543,3,"OK trip, nothing special.",2023-02-25 17:22:27,2023-02
11064,14622,1459,510,2,,2023-01-02 11:03:20,2023-01
11065,14624,1459,1471,4,,2024-03-01 04:08:38,2024-03
11066,14624,1471,1459,3,"Excellent service, will ride again.",2024-03-01 02:39:38,2024-03
11067,14625,1459,1495,4,,2022-10-23 06:23:56,2022-10
11068,14627,1459,1814,3,,2024-02-06 21:25:13,2024-02
11069,14627,1814,1459,3,,2024-02-06 23:19:13,2024-02
11070,14631,1459,65,4,"Perfect trip, no issues.",2023-11-03 14:10:19,2023-11
11071,14634,1889,1459,5,"Excellent service, will ride again.",2023-11-01 20:22:29,2023-11
11072,14635,1459,1371,5,"Quick and efficient, thanks!",2024-01-24 01:51:36,2024-01
11073,14637,1459,201,4,Super friendly and helpful.,2023-02-09 10:03:35,2023-02
11074,14638,1459,1839,3,,2022-09-29 13:58:53,2022-09
11075,14640,1459,1865,5,Loved the music selection!,2023-04-03 10:35:59,2023-04
11076,14644,17,868,2,Took a longer route.,2022-03-03 00:49:05,2022-03
11077,14645,940,17,4,"Smooth ride, on time.",2023-01-05 16:17:11,2023-01
11078,14646,1416,1507,5,,2023-12-10 03:44:04,2023-12
11079,14646,1507,1416,3,Super friendly and helpful.,2023-12-10 04:46:04,2023-12
11080,14648,211,125,3,,2023-11-28 12:14:49,2023-11
11081,14649,211,439,3,Average experience.,2022-11-03 03:09:13,2022-11
11082,14649,439,211,3,Super friendly and helpful.,2022-11-03 02:45:13,2022-11
11083,14653,211,210,2,,2023-07-24 16:29:06,2023-07
11084,14653,210,211,2,Very clean car.,2023-07-24 18:09:06,2023-07
11085,14654,211,485,3,Trip was okay.,2023-01-07 01:24:03,2023-01
11086,14655,211,1981,3,Fine driver.,2022-09-29 07:45:15,2022-09
11087,14656,211,1497,3,,2024-04-15 06:24:56,2024-04
11088,14656,1497,211,4,"Great driver, very professional!",2024-04-15 08:00:56,2024-04
11089,14657,211,608,5,Very clean car.,2023-11-03 19:10:22,2023-11
11090,14659,211,1281,4,Super friendly and helpful.,2024-03-29 20:19:41,2024-03
11091,14659,1281,211,3,"Excellent service, will ride again.",2024-03-29 21:22:41,2024-03
11092,14661,1243,211,5,"Great driver, very professional!",2023-12-31 23:41:49,2023-12
11093,14662,211,394,5,Fast and safe driver.,2023-04-28 20:27:12,2023-04
11094,14664,211,1956,3,,2022-02-04 15:28:32,2022-02
11095,14664,1956,211,4,"Excellent service, will ride again.",2022-02-04 15:46:32,2022-02
11096,14668,211,1170,4,"Easy pickup, no problems.",2022-10-29 21:27:40,2022-10
11097,14668,1170,211,4,"Great driver, very professional!",2022-10-29 20:16:40,2022-10
11098,14673,211,433,4,,2023-06-17 14:41:59,2023-06
11099,14674,1293,211,4,,2022-10-07 05:36:17,2022-10
11100,14675,211,867,3,"OK trip, nothing special.",2023-07-11 06:30:16,2023-07
11101,14676,211,1700,5,"Great driver, very professional!",2022-04-04 18:54:27,2022-04
11102,14677,211,1243,5,,2023-05-04 11:05:47,2023-05
11103,14679,211,1548,4,,2023-09-24 12:40:16,2023-09
11104,14680,1041,211,4,"Great driver, very professional!",2022-10-28 11:54:09,2022-10
11105,14681,211,693,5,Fast and safe driver.,2022-06-24 11:58:03,2022-06
11106,14682,539,211,3,"Great driver, very professional!",2024-05-06 14:37:08,2024-05
11107,14683,1736,211,4,"Smooth ride, on time.",2023-11-14 12:53:49,2023-11
11108,14686,211,1623,4,Loved the music selection!,2022-12-25 00:06:32,2022-12
11109,14688,211,430,2,Car smelled bad.,2022-02-23 00:37:12,2022-02
11110,14689,211,585,4,"Quick and efficient, thanks!",2023-01-08 16:30:48,2023-01
11111,14690,211,1237,5,,2023-03-07 10:34:10,2023-03
11112,14690,1237,211,3,Super friendly and helpful.,2023-03-07 11:29:10,2023-03
11113,14693,448,211,4,"Great driver, very professional!",2023-10-02 21:04:04,2023-10
11114,14694,1117,211,3,,2022-03-20 21:15:43,2022-03
11115,14696,211,736,4,Very courteous driver.,2022-11-01 09:31:37,2022-11
11116,14697,211,782,3,,2022-05-15 01:09:11,2022-05
11117,14698,211,741,3,,2023-11-28 21:54:29,2023-11
11118,14700,211,1091,3,Average experience.,2022-04-28 21:49:05,2022-04
11119,14703,211,1605,4,"Perfect trip, no issues.",2023-07-22 19:05:56,2023-07
11120,14704,775,1492,4,,2022-04-08 03:09:40,2022-04
11121,14707,775,1183,3,,2022-11-07 10:16:38,2022-11
11122,14709,1570,782,3,Decent experience.,2024-04-17 12:32:59,2024-04
11123,14709,782,1570,4,,2024-04-17 12:10:59,2024-04
11124,14710,1570,461,3,,2024-01-31 04:31:49,2024-01
11125,14711,1570,458,3,"OK trip, nothing special.",2024-05-13 00:27:26,2024-05
11126,14712,1108,1570,4,Very clean car.,2024-06-06 19:30:55,2024-06
11127,14713,339,1570,3,,2022-10-06 01:40:32,2022-10
11128,14714,971,433,5,Very courteous driver.,2023-11-22 19:55:51,2023-11
11129,14715,971,1331,5,,2022-12-30 09:27:48,2022-12
11130,14717,971,777,4,Fast and safe driver.,2023-07-11 21:06:04,2023-07
11131,14717,777,971,3,"Smooth ride, on time.",2023-07-11 21:48:04,2023-07
11132,14718,971,1561,3,"OK trip, nothing special.",2022-03-19 07:58:56,2022-03
11133,14719,971,1993,2,,2023-07-09 04:24:43,2023-07
11134,14721,1207,971,5,"Excellent service, will ride again.",2023-09-15 06:51:58,2023-09
11135,14722,971,602,3,,2022-01-12 13:41:34,2022-01
11136,14723,971,1040,3,Got there safely.,2023-04-03 11:47:43,2023-04
11137,14724,883,971,3,,2023-03-15 10:44:54,2023-03
11138,14725,971,97,3,Decent experience.,2023-06-30 22:51:55,2023-06
11139,14725,97,971,3,Very clean car.,2023-06-30 23:25:55,2023-06
11140,14730,489,115,3,,2023-02-11 18:37:53,2023-02
11141,14731,187,489,4,"Great driver, very professional!",2024-02-22 12:36:58,2024-02
11142,14732,489,324,5,,2023-06-20 23:18:55,2023-06
11143,14732,324,489,3,Super friendly and helpful.,2023-06-20 23:41:55,2023-06
11144,14733,489,14,4,,2022-12-11 18:02:04,2022-12
11145,14734,489,125,4,"Great rider, very polite.",2023-10-21 07:06:38,2023-10
11146,14736,489,1373,5,,2022-03-11 08:33:58,2022-03
11147,14736,1373,489,3,"Excellent service, will ride again.",2022-03-11 07:23:58,2022-03
11148,14737,1394,489,3,"Smooth ride, on time.",2022-08-01 00:26:38,2022-08
11149,14738,932,489,4,"Excellent service, will ride again.",2023-02-02 20:43:19,2023-02
11150,14739,489,1623,4,"Great rider, very polite.",2024-04-15 19:54:31,2024-04
11151,14739,1623,489,3,"Excellent service, will ride again.",2024-04-15 21:34:31,2024-04
11152,14740,489,542,4,"Easy pickup, no problems.",2022-08-31 22:27:33,2022-08
11153,14741,489,1564,3,Acceptable ride.,2022-10-27 06:12:34,2022-10
11154,14743,489,571,5,,2023-05-14 00:57:07,2023-05
11155,14745,1428,235,4,"Great rider, very polite.",2023-04-22 16:31:33,2023-04
11156,14746,1428,553,3,,2023-02-12 16:56:10,2023-02
11157,14749,1428,286,5,"Excellent service, will ride again.",2024-01-03 11:50:42,2024-01
11158,14749,286,1428,3,"Smooth ride, on time.",2024-01-03 12:56:42,2024-01
11159,14750,1428,1141,5,Very courteous driver.,2022-01-25 02:59:55,2022-01
11160,14751,1428,1607,4,"Smooth ride, on time.",2023-06-06 15:55:59,2023-06
11161,14753,1428,1889,3,Average experience.,2022-02-16 05:58:12,2022-02
11162,14754,1794,1428,4,,2022-07-15 20:28:38,2022-07
11163,14755,1428,142,4,,2022-09-10 00:19:18,2022-09
11164,14755,142,1428,3,"Smooth ride, on time.",2022-09-10 01:03:18,2022-09
11165,14756,1428,1965,4,,2022-03-02 10:01:35,2022-03
11166,14757,1428,776,2,,2023-09-19 18:48:14,2023-09
11167,14759,1428,1394,4,Fast and safe driver.,2022-04-25 21:57:26,2022-04
11168,14760,1476,1011,3,,2022-04-14 19:39:21,2022-04
11169,14760,1011,1476,4,,2022-04-14 20:48:21,2022-04
11170,14762,1476,1869,4,,2023-03-15 04:08:59,2023-03
11171,14762,1869,1476,4,Very clean car.,2023-03-15 05:03:59,2023-03
11172,14765,1877,1775,5,Loved the music selection!,2023-01-20 06:35:58,2023-01
11173,14765,1775,1877,4,"Smooth ride, on time.",2023-01-20 07:15:58,2023-01
11174,14766,726,1877,2,"Excellent service, will ride again.",2022-07-23 14:22:57,2022-07
11175,14767,891,1877,5,"Great driver, very professional!",2022-07-29 19:11:02,2022-07
11176,14768,1512,1227,4,,2024-02-14 05:18:09,2024-02
11177,14769,1584,1512,4,"Smooth ride, on time.",2022-09-01 17:15:40,2022-09
11178,14770,1512,351,3,,2022-06-08 17:06:35,2022-06
11179,14770,351,1512,3,"Excellent service, will ride again.",2022-06-08 19:24:35,2022-06
11180,14771,1512,833,5,,2022-02-10 08:04:35,2022-02
11181,14773,1512,1026,4,,2024-04-20 14:48:21,2024-04
11182,14775,914,543,2,,2023-05-29 09:39:34,2023-05
11183,14777,349,318,5,,2022-04-09 00:32:10,2022-04
11184,14778,233,1183,4,,2023-09-16 21:53:11,2023-09
11185,14779,233,612,3,,2022-06-20 04:50:55,2022-06
11186,14780,139,233,4,"Excellent service, will ride again.",2023-05-10 01:40:05,2023-05
11187,14782,57,742,3,,2023-02-06 14:30:47,2023-02
11188,14783,57,1040,5,,2023-01-03 13:12:30,2023-01
11189,14784,57,121,4,Loved the music selection!,2022-06-07 17:13:25,2022-06
11190,14784,121,57,3,"Great driver, very professional!",2022-06-07 17:27:25,2022-06
11191,14785,57,1035,5,Loved the music selection!,2024-05-05 04:33:37,2024-05
11192,14786,57,179,4,Very courteous driver.,2022-02-16 10:11:50,2022-02
11193,14787,57,593,4,,2023-06-06 20:45:12,2023-06
11194,14787,593,57,5,"Excellent service, will ride again.",2023-06-06 21:22:12,2023-06
11195,14789,57,1430,4,"5 stars, highly recommend!",2023-03-05 05:57:38,2023-03
11196,14789,1430,57,3,Very clean car.,2023-03-05 05:11:38,2023-03
11197,14791,332,323,3,Acceptable ride.,2023-12-30 20:42:48,2023-12
11198,14791,323,332,2,,2023-12-30 22:02:48,2023-12
11199,14793,139,332,3,"Great driver, very professional!",2022-07-14 16:59:30,2022-07
11200,14796,332,1794,4,,2022-08-06 08:30:56,2022-08
11201,14797,332,1699,2,,2022-01-18 15:06:39,2022-01
11202,14799,332,585,5,,2023-11-16 16:21:33,2023-11
11203,14800,332,146,4,"Great driver, very professional!",2022-12-02 18:49:07,2022-12
11204,14802,332,494,5,,2024-04-10 16:49:43,2024-04
11205,14803,332,601,4,,2023-06-15 00:14:28,2023-06
11206,14804,332,1983,5,"Great rider, very polite.",2022-05-07 17:18:36,2022-05
11207,14805,332,1380,5,Very courteous driver.,2024-06-14 14:21:19,2024-06
11208,14805,1380,332,4,"Smooth ride, on time.",2024-06-14 15:41:19,2024-06
11209,14807,332,542,4,,2022-05-26 14:01:32,2022-05
11210,14807,542,332,3,Very clean car.,2022-05-26 15:42:32,2022-05
11211,14808,332,1099,4,,2022-04-12 11:16:37,2022-04
11212,14809,332,1352,5,,2022-07-25 20:27:17,2022-07
11213,14811,332,515,3,,2023-01-01 13:09:03,2023-01
11214,14815,89,332,3,,2023-07-20 07:59:04,2023-07
11215,14817,332,1477,5,,2022-03-08 12:02:02,2022-03
11216,14818,332,1764,3,Acceptable ride.,2024-05-20 21:42:28,2024-05
11217,14818,1764,332,3,"Great driver, very professional!",2024-05-20 22:42:28,2024-05
11218,14820,332,1894,3,"OK trip, nothing special.",2022-03-27 18:53:09,2022-03
11219,14820,1894,332,3,"Smooth ride, on time.",2022-03-27 19:39:09,2022-03
11220,14822,332,248,5,"Excellent service, will ride again.",2023-01-21 01:11:18,2023-01
11221,14825,1053,617,3,"Excellent service, will ride again.",2023-01-01 23:46:52,2023-01
11222,14827,617,1955,5,Very courteous driver.,2023-08-01 04:42:08,2023-08
11223,14828,617,89,3,Fine driver.,2024-01-17 08:48:24,2024-01
11224,14834,485,964,4,"Excellent service, will ride again.",2024-05-21 15:58:50,2024-05
11225,14835,1161,1324,3,,2022-11-24 17:22:15,2022-11
11226,14836,1455,201,3,,2023-09-10 08:16:24,2023-09
11227,14837,1455,1187,3,,2022-02-04 12:10:51,2022-02
11228,14837,1187,1455,4,Super friendly and helpful.,2022-02-04 13:16:51,2022-02
11229,14840,602,1455,4,"Smooth ride, on time.",2024-04-27 15:10:17,2024-04
11230,14842,1455,502,5,Car was spotless.,2024-02-18 09:46:02,2024-02
11231,14843,1455,494,5,,2022-08-03 16:11:57,2022-08
11232,14847,206,570,4,,2022-07-29 00:17:08,2022-07
11233,14849,1159,564,4,Super friendly and helpful.,2023-11-14 17:52:11,2023-11
11234,14849,564,1159,4,,2023-11-14 18:28:11,2023-11
11235,14850,1159,1658,4,,2022-08-09 22:22:50,2022-08
11236,14851,1159,1790,3,,2022-09-11 22:23:00,2022-09
11237,14852,1159,748,3,,2023-06-26 07:15:52,2023-06
11238,14854,1159,1141,5,"Perfect trip, no issues.",2022-07-23 09:16:05,2022-07
11239,14858,1159,1933,3,Nothing to complain about.,2024-01-29 17:31:06,2024-01
11240,14861,1984,1159,3,,2023-10-25 22:00:19,2023-10
11241,14862,1159,1658,4,Very comfortable ride.,2023-07-04 00:33:39,2023-07
11242,14865,1159,1987,4,,2022-05-12 17:30:29,2022-05
11243,14866,926,1555,3,"OK trip, nothing special.",2022-03-13 00:20:33,2022-03
11244,14869,1093,119,2,,2024-02-06 10:41:45,2024-02
11245,14870,1577,15,5,,2023-05-05 08:27:59,2023-05
11246,14870,15,1577,3,Very clean car.,2023-05-05 08:35:59,2023-05
11247,14872,1577,1736,4,,2022-03-18 00:23:26,2022-03
11248,14874,1803,192,5,"Quick and efficient, thanks!",2022-02-26 16:09:35,2022-02
11249,14875,1803,1764,3,,2024-02-19 23:30:56,2024-02
11250,14876,1803,508,3,,2022-10-20 08:22:34,2022-10
11251,14878,1803,229,4,"Excellent service, will ride again.",2023-10-07 08:23:31,2023-10
11252,14878,229,1803,3,"Smooth ride, on time.",2023-10-07 09:19:31,2023-10
11253,14881,1803,986,5,Very courteous driver.,2022-11-19 17:08:33,2022-11
11254,14881,986,1803,4,"Great driver, very professional!",2022-11-19 18:30:33,2022-11
11255,14883,1803,1739,4,,2023-04-20 01:49:44,2023-04
11256,14884,1803,506,3,,2023-06-03 19:56:10,2023-06
11257,14885,1803,450,3,Acceptable ride.,2023-01-03 01:16:43,2023-01
11258,14886,202,1803,4,"Smooth ride, on time.",2022-05-29 17:53:03,2022-05
11259,14888,1803,645,4,Car was spotless.,2022-04-09 17:13:57,2022-04
11260,14891,1803,1548,3,Fine driver.,2023-07-28 09:14:20,2023-07
11261,14891,1548,1803,4,"Smooth ride, on time.",2023-07-28 10:54:20,2023-07
11262,14892,469,1803,4,Very clean car.,2022-10-29 14:12:35,2022-10
11263,14893,1803,1400,5,,2024-05-21 17:51:56,2024-05
11264,14893,1400,1803,4,"Excellent service, will ride again.",2024-05-21 18:52:56,2024-05
11265,14895,1830,1803,4,"Great driver, very professional!",2023-09-05 01:23:48,2023-09
11266,14896,766,1803,3,"Excellent service, will ride again.",2023-10-13 11:34:34,2023-10
11267,14897,1803,1023,3,,2022-07-31 14:18:05,2022-07
11268,14900,1927,543,3,,2024-05-24 13:18:53,2024-05
11269,14900,543,1927,4,,2024-05-24 13:38:53,2024-05
11270,14901,1927,1775,5,Very clean car.,2022-11-16 19:01:35,2022-11
11271,14902,647,1927,4,Super friendly and helpful.,2023-10-21 01:42:39,2023-10
11272,14903,1927,1026,5,Very courteous driver.,2022-02-11 10:46:47,2022-02
11273,14904,1724,928,2,"Excellent service, will ride again.",2022-10-29 21:37:51,2022-10
11274,14906,191,647,4,,2024-05-23 17:28:38,2024-05
11275,14907,542,1241,3,Super friendly and helpful.,2022-03-16 09:01:21,2022-03
11276,14908,1241,1397,4,Loved the music selection!,2022-01-18 00:31:51,2022-01
11277,14910,1492,1241,4,,2022-06-15 09:35:21,2022-06
11278,14911,1995,1241,1,Super friendly and helpful.,2023-07-20 11:52:00,2023-07
11279,14913,1241,759,4,"Excellent service, will ride again.",2023-04-17 16:01:59,2023-04
11280,14913,759,1241,3,"Smooth ride, on time.",2023-04-17 18:08:59,2023-04
11281,14914,1241,1984,4,"Great rider, very polite.",2024-06-26 15:32:48,2024-06
11282,14914,1984,1241,3,Very clean car.,2024-06-26 16:33:48,2024-06
11283,14915,1241,570,3,Fine driver.,2024-05-03 06:30:11,2024-05
11284,14916,1241,1790,4,,2022-10-27 00:43:09,2022-10
11285,14918,1241,1981,3,,2023-01-13 14:28:59,2023-01
11286,14921,1241,477,3,Trip was okay.,2022-11-16 21:23:11,2022-11
11287,14921,477,1241,4,Super friendly and helpful.,2022-11-16 21:09:11,2022-11
11288,14922,1241,1243,4,,2024-01-02 07:18:38,2024-01
11289,14924,1241,1826,4,Super friendly and helpful.,2023-11-09 14:41:44,2023-11
11290,14925,1241,15,4,,2023-10-04 02:55:55,2023-10
11291,14925,15,1241,2,Very clean car.,2023-10-04 04:57:55,2023-10
11292,14928,1301,1241,3,Very clean car.,2023-10-23 20:25:22,2023-10
11293,14929,1575,1241,4,"Excellent service, will ride again.",2024-04-12 16:31:21,2024-04
11294,14931,1241,202,4,Loved the music selection!,2022-08-23 16:26:48,2022-08
11295,14931,202,1241,4,"Excellent service, will ride again.",2022-08-23 16:53:48,2022-08
11296,14936,1353,891,4,,2022-09-02 16:43:09,2022-09
11297,14939,1111,1353,3,"Great driver, very professional!",2022-09-30 03:31:14,2022-09
11298,14940,986,1353,5,,2022-08-10 15:39:39,2022-08
11299,14941,1353,1702,3,Trip was okay.,2023-10-27 19:02:40,2023-10
11300,14943,1209,55,4,,2023-12-28 17:41:41,2023-12
11301,14945,307,1041,3,,2022-10-14 04:55:59,2022-10
11302,14945,1041,307,4,"Smooth ride, on time.",2022-10-14 05:31:59,2022-10
11303,14946,307,1507,4,"Perfect trip, no issues.",2023-01-03 02:21:04,2023-01
11304,14949,834,1446,3,Super friendly and helpful.,2024-04-07 07:51:21,2024-04
11305,14950,1446,104,3,"OK trip, nothing special.",2022-01-05 14:00:55,2022-01
11306,14951,1446,477,5,Loved the music selection!,2024-01-24 23:37:50,2024-01
11307,14952,1446,1352,4,,2024-04-14 01:25:57,2024-04
11308,14952,1352,1446,3,Very clean car.,2024-04-14 01:31:57,2024-04
11309,14953,1446,1286,3,,2023-11-11 04:57:00,2023-11
11310,14954,1380,1446,3,"Smooth ride, on time.",2023-05-20 08:41:18,2023-05
11311,14955,1035,1446,4,Super friendly and helpful.,2022-03-04 13:31:50,2022-03
11312,14959,452,1329,2,,2022-09-13 14:02:12,2022-09
11313,14961,1329,842,5,,2024-03-14 23:31:29,2024-03
11314,14963,1329,1099,5,Very comfortable ride.,2023-12-14 19:20:49,2023-12
11315,14964,1248,1329,2,"Excellent service, will ride again.",2022-05-16 01:57:26,2022-05
11316,14965,1555,1329,4,"Excellent service, will ride again.",2022-11-22 00:26:44,2022-11
11317,14968,1329,436,5,,2023-06-17 04:54:09,2023-06
11318,14968,436,1329,2,Very clean car.,2023-06-17 06:32:09,2023-06
11319,14969,1329,977,4,,2024-02-12 21:55:57,2024-02
11320,14971,162,1329,2,Super friendly and helpful.,2024-03-11 21:17:21,2024-03
11321,14972,1329,1477,3,"OK trip, nothing special.",2022-10-15 06:20:47,2022-10
11322,14973,1329,647,3,Acceptable ride.,2024-06-08 22:40:53,2024-06
11323,14973,647,1329,4,"Great driver, very professional!",2024-06-08 23:13:53,2024-06
11324,14974,1329,142,4,"Perfect trip, no issues.",2024-02-16 04:06:59,2024-02
11325,14975,1329,834,4,Car was spotless.,2023-10-11 21:08:10,2023-10
11326,14975,834,1329,4,Super friendly and helpful.,2023-10-11 20:28:10,2023-10
11327,14978,488,1329,3,"Great driver, very professional!",2023-03-21 05:50:56,2023-03
11328,14979,1329,147,3,"OK trip, nothing special.",2022-07-11 23:29:46,2022-07
11329,14979,147,1329,4,Super friendly and helpful.,2022-07-11 22:58:46,2022-07
11330,14980,986,1329,5,"Great driver, very professional!",2022-05-15 00:41:46,2022-05
11331,14983,1329,1993,4,"Perfect trip, no issues.",2022-08-11 06:18:44,2022-08
11332,14985,1329,1105,3,,2023-12-13 00:00:40,2023-12
11333,14986,1329,1608,4,,2022-10-08 02:34:08,2022-10
11334,14989,1329,1839,3,,2024-02-14 19:38:06,2024-02
11335,14989,1839,1329,3,Very clean car.,2024-02-14 18:20:06,2024-02
11336,14991,1329,1752,3,,2022-02-07 23:30:50,2022-02
11337,14991,1752,1329,4,"Great driver, very professional!",2022-02-08 01:16:50,2022-02
11338,14993,1329,1324,2,,2022-08-15 06:36:11,2022-08
11339,14993,1324,1329,2,Very clean car.,2022-08-15 08:20:11,2022-08
11340,14994,1329,1081,4,"Smooth ride, on time.",2022-08-24 06:05:46,2022-08
11341,14994,1081,1329,2,"Excellent service, will ride again.",2022-08-24 06:02:46,2022-08
11342,14997,1329,1356,5,,2024-06-15 19:06:34,2024-06
11343,14998,1329,1248,4,,2022-07-09 07:27:40,2022-07
11344,14998,1248,1329,3,,2022-07-09 08:17:40,2022-07
11345,14999,1329,544,5,,2023-08-07 21:37:33,2023-08
11346,15006,1329,1991,2,,2023-04-13 12:40:11,2023-04
11347,15007,1329,544,4,,2022-06-09 07:10:21,2022-06
11348,15008,1329,1248,4,Fast and safe driver.,2024-05-08 13:12:14,2024-05
11349,15010,1329,1060,3,,2024-03-16 14:38:27,2024-03
11350,15014,1329,430,3,,2024-05-28 02:17:38,2024-05
11351,15016,1420,1413,4,"Great driver, very professional!",2023-05-19 17:48:30,2023-05
11352,15016,1413,1420,3,Super friendly and helpful.,2023-05-19 18:45:30,2023-05
11353,15017,1420,1991,3,Trip was okay.,2023-06-22 20:26:05,2023-06
11354,15019,1425,1141,3,Trip was okay.,2023-12-30 10:53:08,2023-12
11355,15020,1425,1084,3,Got there safely.,2022-08-28 15:06:19,2022-08
11356,15020,1084,1425,3,,2022-08-28 15:58:19,2022-08
11357,15021,97,1425,3,,2023-06-27 20:37:11,2023-06
11358,15025,508,1425,4,"Great driver, very professional!",2023-02-15 07:17:41,2023-02
11359,15026,1425,697,3,Decent experience.,2022-03-22 02:49:41,2022-03
11360,15026,697,1425,4,Super friendly and helpful.,2022-03-22 04:44:41,2022-03
11361,15028,1425,1693,4,"Great driver, very professional!",2024-03-26 08:01:18,2024-03
11362,15029,1425,430,4,,2023-12-19 16:48:35,2023-12
11363,15029,430,1425,3,Super friendly and helpful.,2023-12-19 17:45:35,2023-12
11364,15031,1425,1605,4,,2023-11-08 09:12:40,2023-11
11365,15031,1605,1425,2,"Great driver, very professional!",2023-11-08 09:31:40,2023-11
11366,15033,1425,1492,5,"Easy pickup, no problems.",2024-05-28 07:07:49,2024-05
11367,15036,996,1425,4,Super friendly and helpful.,2023-01-02 10:43:49,2023-01
11368,15037,1713,1425,4,,2023-01-01 05:36:41,2023-01
11369,15039,1425,450,3,,2024-05-05 22:24:45,2024-05
11370,15040,1425,485,2,,2022-03-04 17:58:01,2022-03
11371,15041,1425,891,4,"Quick and efficient, thanks!",2022-07-23 10:26:35,2022-07
11372,15042,1425,608,5,"5 stars, highly recommend!",2024-03-25 14:08:55,2024-03
11373,15044,1425,1040,4,"Easy pickup, no problems.",2022-08-06 21:07:46,2022-08
11374,15046,1425,1131,4,Loved the music selection!,2023-11-14 14:46:54,2023-11
11375,15048,1727,1425,4,"Smooth ride, on time.",2023-10-29 01:31:58,2023-10
11376,15050,1775,1425,3,Very clean car.,2024-03-25 13:18:51,2024-03
11377,15054,1425,1288,3,,2022-09-13 05:56:46,2022-09
11378,15054,1288,1425,4,Very clean car.,2022-09-13 05:59:46,2022-09
11379,15055,335,1425,2,,2023-06-01 07:12:39,2023-06
11380,15058,1425,89,3,,2023-10-31 10:14:51,2023-10
11381,15059,1425,446,5,"Easy pickup, no problems.",2023-06-23 09:05:02,2023-06
11382,15060,1425,1607,3,Nothing to complain about.,2024-02-17 04:42:51,2024-02
11383,15060,1607,1425,4,Super friendly and helpful.,2024-02-17 02:53:51,2024-02
11384,15061,1425,1197,2,Driver was rude.,2023-11-19 06:33:13,2023-11
11385,15062,1425,842,4,,2022-07-10 07:55:23,2022-07
11386,15062,842,1425,4,,2022-07-10 09:34:23,2022-07
11387,15064,1425,777,4,,2022-08-09 04:48:43,2022-08
11388,15066,1425,947,4,Very clean car.,2022-09-05 13:04:10,2022-09
11389,15068,1425,1933,2,Had trouble finding the pickup spot.,2023-11-13 12:17:39,2023-11
11390,15069,1425,1237,5,"Excellent service, will ride again.",2023-11-16 18:31:22,2023-11
11391,15069,1237,1425,4,"Excellent service, will ride again.",2023-11-16 18:13:22,2023-11
11392,15070,1425,324,5,"Perfect trip, no issues.",2022-07-17 00:41:46,2022-07
11393,15070,324,1425,3,,2022-07-17 02:08:46,2022-07
11394,15071,1425,748,5,"Quick and efficient, thanks!",2022-02-28 08:00:38,2022-02
11395,15072,1425,190,2,,2022-08-15 11:05:07,2022-08
11396,15072,190,1425,5,"Great driver, very professional!",2022-08-15 11:44:07,2022-08
11397,15073,1425,776,5,,2024-06-22 09:30:31,2024-06
11398,15075,1425,199,4,,2023-02-02 13:34:14,2023-02
11399,15076,1425,602,4,,2022-11-03 23:13:03,2022-11
11400,15076,602,1425,3,"Smooth ride, on time.",2022-11-03 23:32:03,2022-11
11401,15077,1607,1425,3,"Great driver, very professional!",2023-09-04 18:33:05,2023-09
11402,15078,1425,1011,3,Decent experience.,2024-03-10 20:19:40,2024-03
11403,15078,1011,1425,3,"Smooth ride, on time.",2024-03-10 19:23:40,2024-03
11404,15079,1425,571,4,,2024-03-04 17:50:23,2024-03
11405,15080,1425,139,4,,2022-01-01 18:03:00,2022-01
11406,15085,1425,822,4,,2022-08-23 07:57:13,2022-08
11407,15087,1425,508,5,"Smooth ride, on time.",2024-05-29 08:37:33,2024-05
11408,15087,508,1425,3,"Great driver, very professional!",2024-05-29 08:42:33,2024-05
11409,15090,1425,1575,4,,2023-10-31 00:41:12,2023-10
11410,15090,1575,1425,2,,2023-10-31 00:30:12,2023-10
11411,15092,1425,139,4,,2022-07-20 21:56:03,2022-07
11412,15093,1425,1948,4,"Easy pickup, no problems.",2023-03-21 11:55:25,2023-03
11413,15093,1948,1425,3,Very clean car.,2023-03-21 12:07:25,2023-03
11414,15094,1425,1984,4,"Smooth ride, on time.",2022-11-25 23:50:21,2022-11
11415,15094,1984,1425,4,"Great driver, very professional!",2022-11-26 01:37:21,2022-11
11416,15095,1425,1336,5,,2024-01-19 20:52:25,2024-01
11417,15096,677,1425,5,"Smooth ride, on time.",2023-05-13 19:49:57,2023-05
11418,15097,1425,1865,5,"Perfect trip, no issues.",2023-06-23 05:26:36,2023-06
11419,15098,878,1425,4,"Smooth ride, on time.",2023-09-10 07:15:04,2023-09
11420,15099,1023,1425,3,"Great driver, very professional!",2023-12-24 12:43:29,2023-12
11421,15101,1425,1181,4,,2022-05-24 07:33:23,2022-05
11422,15101,1181,1425,4,Super friendly and helpful.,2022-05-24 07:27:23,2022-05
11423,15102,1425,118,3,Average experience.,2022-03-27 01:41:47,2022-03
11424,15103,1425,571,5,,2024-02-15 20:25:17,2024-02
11425,15103,571,1425,3,"Excellent service, will ride again.",2024-02-15 21:41:17,2024-02
11426,15104,162,1107,4,,2023-10-31 23:21:56,2023-10
11427,15105,1107,199,5,"Quick and efficient, thanks!",2022-10-06 00:18:56,2022-10
11428,15107,1381,1371,4,Very clean car.,2023-09-23 15:08:06,2023-09
11429,15110,1381,1479,5,"Quick and efficient, thanks!",2023-09-28 04:42:04,2023-09
11430,15110,1479,1381,3,"Smooth ride, on time.",2023-09-28 05:42:04,2023-09
11431,15111,611,1752,3,Trip was okay.,2022-12-03 20:05:50,2022-12
11432,15112,611,65,5,"Excellent service, will ride again.",2024-02-18 23:45:04,2024-02
11433,15115,611,940,5,,2024-03-22 03:21:35,2024-03
11434,15115,940,611,3,,2024-03-22 03:12:35,2024-03
11435,15116,611,224,2,,2022-01-28 06:03:12,2022-01
11436,15118,611,115,4,,2024-04-14 04:06:49,2024-04
11437,15119,611,498,4,"Smooth ride, on time.",2022-04-02 10:53:02,2022-04
11438,15119,498,611,3,"Excellent service, will ride again.",2022-04-02 13:04:02,2022-04
11439,15120,611,131,4,,2023-12-06 03:43:32,2023-12
11440,15121,338,611,5,"Great driver, very professional!",2022-06-05 13:23:18,2022-06
11441,15122,433,611,2,Super friendly and helpful.,2022-01-05 02:22:14,2022-01
11442,15123,1030,611,4,,2024-06-26 11:50:00,2024-06
11443,15125,611,1380,4,,2023-04-19 01:15:31,2023-04
11444,15128,1975,611,4,,2023-06-27 02:20:04,2023-06
11445,15131,611,570,4,"5 stars, highly recommend!",2022-10-31 15:24:41,2022-10
11446,15131,570,611,4,"Great driver, very professional!",2022-10-31 15:05:41,2022-10
11447,15133,15,611,5,"Smooth ride, on time.",2024-06-09 14:09:30,2024-06
11448,15135,611,202,4,,2022-01-22 21:01:26,2022-01
11449,15138,611,919,5,,2024-03-29 02:58:16,2024-03
11450,15139,611,1658,5,"Perfect trip, no issues.",2024-04-13 04:06:21,2024-04
11451,15142,611,341,5,"Great driver, very professional!",2023-07-31 05:08:14,2023-07
11452,15142,341,611,3,"Great driver, very professional!",2023-07-31 04:31:14,2023-07
11453,15143,611,201,5,Loved the music selection!,2022-07-04 10:32:47,2022-07
11454,15145,611,1041,3,Acceptable ride.,2023-04-01 17:48:52,2023-04
11455,15148,611,1181,4,Very courteous driver.,2024-01-05 20:44:56,2024-01
11456,15151,611,834,3,Average experience.,2023-01-27 23:52:20,2023-01
11457,15152,611,1183,4,"Easy pickup, no problems.",2022-01-11 03:05:03,2022-01
11458,15154,611,1324,4,,2023-10-29 23:21:24,2023-10
11459,15154,1324,611,3,Very clean car.,2023-10-29 23:31:24,2023-10
11460,15155,611,1526,3,,2023-01-02 03:15:22,2023-01
11461,15156,611,1933,5,,2023-09-10 06:01:39,2023-09
11462,15157,611,288,3,,2022-11-13 19:05:56,2022-11
11463,15157,288,611,5,Super friendly and helpful.,2022-11-13 19:35:56,2022-11
11464,15158,611,1281,3,,2023-01-10 00:05:21,2023-01
11465,15159,611,477,4,,2024-03-09 01:13:06,2024-03
11466,15160,611,334,4,,2024-03-26 18:58:55,2024-03
11467,15160,334,611,4,"Excellent service, will ride again.",2024-03-26 20:09:55,2024-03
11468,15161,611,1574,3,,2022-10-07 04:31:22,2022-10
11469,15163,611,1030,4,"Perfect trip, no issues.",2024-06-08 17:26:39,2024-06
11470,15164,611,1492,4,,2023-05-25 08:39:26,2023-05
11471,15166,611,1206,5,"5 stars, highly recommend!",2022-01-31 04:11:30,2022-01
11472,15169,611,1128,2,,2022-09-15 21:03:27,2022-09
11473,15172,611,1281,4,,2024-03-03 04:45:21,2024-03
11474,15174,611,585,4,Fast and safe driver.,2023-09-22 13:01:23,2023-09
11475,15175,611,1975,4,"Excellent service, will ride again.",2023-09-10 18:35:42,2023-09
11476,15176,611,833,5,,2024-05-14 21:39:19,2024-05
11477,15177,611,1948,4,,2022-12-24 08:14:47,2022-12
11478,15178,611,1413,3,,2023-05-21 20:32:15,2023-05
11479,15179,611,959,4,,2022-11-24 19:46:14,2022-11
11480,15179,959,611,3,,2022-11-24 19:39:14,2022-11
11481,15186,146,611,1,"Smooth ride, on time.",2024-06-12 10:35:27,2024-06
11482,15187,611,502,3,Fine driver.,2022-11-17 11:14:12,2022-11
11483,15189,741,1349,4,"Excellent service, will ride again.",2023-07-05 06:36:05,2023-07
11484,15190,1349,430,3,Got there safely.,2023-12-09 19:25:51,2023-12
11485,15192,1798,201,4,Loved the music selection!,2024-04-24 19:54:11,2024-04
11486,15193,1798,1937,4,Very comfortable ride.,2022-10-24 00:00:13,2022-10
11487,15193,1937,1798,3,,2022-10-24 00:36:13,2022-10
11488,15195,1798,1776,4,"Smooth ride, on time.",2022-10-25 04:07:30,2022-10
11489,15195,1776,1798,5,"Great driver, very professional!",2022-10-25 05:28:30,2022-10
11490,15197,991,1035,5,"Quick and efficient, thanks!",2022-08-02 03:55:34,2022-08
11491,15197,1035,991,3,"Excellent service, will ride again.",2022-08-02 05:06:34,2022-08
11492,15199,991,176,3,Decent experience.,2023-05-26 21:41:51,2023-05
11493,15199,176,991,3,,2023-05-27 00:09:51,2023-05
11494,15200,991,256,4,Loved the music selection!,2023-03-27 15:08:06,2023-03
11495,15200,256,991,4,"Excellent service, will ride again.",2023-03-27 16:35:06,2023-03
11496,15201,991,52,5,,2023-11-04 09:31:59,2023-11
11497,15202,413,1355,3,,2023-01-05 16:09:29,2023-01
11498,15202,1355,413,4,"Smooth ride, on time.",2023-01-05 15:45:29,2023-01
11499,15204,413,389,4,Loved the music selection!,2023-03-07 14:10:22,2023-03
11500,15205,1948,413,3,Very clean car.,2022-12-23 04:40:47,2022-12
11501,15206,413,1227,4,,2023-04-06 02:09:23,2023-04
11502,15207,1033,293,2,Car smelled bad.,2022-01-16 15:01:37,2022-01
11503,15210,1451,494,4,"Great rider, very polite.",2024-01-22 15:40:08,2024-01
11504,15210,494,1451,3,"Excellent service, will ride again.",2024-01-22 17:31:08,2024-01
11505,15211,1281,1451,2,,2023-01-08 02:29:07,2023-01
11506,15213,1451,1205,4,Loved the music selection!,2023-05-23 19:25:28,2023-05
11507,15213,1205,1451,3,Super friendly and helpful.,2023-05-23 18:16:28,2023-05
11508,15214,1451,1302,5,"Excellent service, will ride again.",2022-06-21 16:11:53,2022-06
11509,15215,1451,1183,5,,2023-06-27 13:49:09,2023-06
11510,15216,1451,1702,4,,2024-02-23 19:52:33,2024-02
11511,15219,1451,393,4,,2022-12-04 09:59:36,2022-12
11512,15220,1471,1451,4,Super friendly and helpful.,2023-09-15 09:30:24,2023-09
11513,15221,1451,1035,4,"Great driver, very professional!",2024-06-19 22:46:17,2024-06
11514,15222,1693,1451,3,"Smooth ride, on time.",2022-01-20 17:35:21,2022-01
11515,15224,1451,1547,4,Very clean car.,2024-06-19 14:12:44,2024-06
11516,15225,1713,1451,3,"Excellent service, will ride again.",2024-02-23 00:49:39,2024-02
11517,15228,1451,977,3,Fine driver.,2023-06-19 20:58:45,2023-06
11518,15231,1366,1427,4,,2022-09-05 00:50:28,2022-09
11519,15231,1427,1366,4,"Great driver, very professional!",2022-09-05 01:39:28,2022-09
11520,15232,1084,965,3,,2023-10-10 15:04:52,2023-10
11521,15234,965,1248,3,"OK trip, nothing special.",2023-09-04 07:26:29,2023-09
11522,15234,1248,965,4,"Smooth ride, on time.",2023-09-04 06:39:29,2023-09
11523,15237,368,959,4,,2022-01-12 13:45:22,2022-01
11524,15239,368,570,2,Had trouble finding the pickup spot.,2023-11-16 02:00:59,2023-11
11525,15240,368,1790,4,,2022-04-24 21:52:01,2022-04
11526,15240,1790,368,3,"Smooth ride, on time.",2022-04-24 22:59:01,2022-04
11527,15245,368,1497,4,,2022-10-06 08:59:09,2022-10
11528,15245,1497,368,3,Super friendly and helpful.,2022-10-06 10:29:09,2022-10
11529,15249,368,1724,5,"Easy pickup, no problems.",2023-02-15 21:56:48,2023-02
11530,15250,1865,368,3,Super friendly and helpful.,2024-04-19 10:19:43,2024-04
11531,15251,368,1311,4,,2022-04-21 07:56:41,2022-04
11532,15251,1311,368,4,"Smooth ride, on time.",2022-04-21 09:10:41,2022-04
11533,15252,368,412,4,,2024-01-10 14:09:35,2024-01
11534,15252,412,368,3,"Excellent service, will ride again.",2024-01-10 12:51:35,2024-01
11535,15253,1775,368,4,"Excellent service, will ride again.",2022-10-23 15:47:37,2022-10
11536,15255,368,324,4,,2024-01-06 17:51:12,2024-01
11537,15255,324,368,3,,2024-01-06 18:54:12,2024-01
11538,15257,368,118,5,"Quick and efficient, thanks!",2023-08-07 20:11:59,2023-08
11539,15258,368,434,5,,2022-05-20 17:30:59,2022-05
11540,15259,368,1081,4,Very courteous driver.,2022-05-05 14:28:22,2022-05
11541,15260,920,368,4,"Excellent service, will ride again.",2024-06-01 14:57:55,2024-06
11542,15262,368,833,3,Acceptable ride.,2024-01-04 08:50:10,2024-01
11543,15266,368,210,4,,2023-07-29 21:10:32,2023-07
11544,15266,210,368,2,"Smooth ride, on time.",2023-07-29 21:32:32,2023-07
11545,15267,368,571,4,"Great rider, very polite.",2024-03-28 06:52:11,2024-03
11546,15267,571,368,4,,2024-03-28 07:02:11,2024-03
11547,15268,368,765,4,,2022-10-24 03:08:51,2022-10
11548,15269,458,368,3,,2024-06-23 00:34:46,2024-06
11549,15271,368,477,4,,2024-01-05 09:59:43,2024-01
11550,15272,1309,368,2,Super friendly and helpful.,2023-08-05 19:11:36,2023-08
11551,15274,368,1640,4,,2024-02-06 22:32:19,2024-02
11552,15275,368,1403,5,,2022-05-06 21:05:12,2022-05
11553,15276,368,677,3,,2023-08-30 01:28:25,2023-08
11554,15276,677,368,3,"Great driver, very professional!",2023-08-30 02:35:25,2023-08
11555,15277,368,1386,5,,2022-07-09 12:43:43,2022-07
11556,15278,368,932,5,"Great driver, very professional!",2022-07-31 02:54:56,2022-07
11557,15281,368,508,4,"Easy pickup, no problems.",2024-06-19 04:26:11,2024-06
11558,15281,508,368,3,,2024-06-19 04:49:11,2024-06
11559,15282,194,368,3,Very clean car.,2024-06-07 11:23:36,2024-06
11560,15287,368,1267,4,Super friendly and helpful.,2024-05-14 06:35:16,2024-05
11561,15288,368,1410,5,Very comfortable ride.,2022-09-30 15:20:30,2022-09
11562,15289,368,1965,4,,2022-06-07 23:17:15,2022-06
11563,15290,368,341,4,"Great rider, very polite.",2023-03-10 11:54:06,2023-03
11564,15291,368,1975,4,Super friendly and helpful.,2022-06-08 01:33:10,2022-06
11565,15291,1975,368,3,"Great driver, very professional!",2022-06-08 01:41:10,2022-06
11566,15293,368,1658,5,,2023-05-30 20:20:43,2023-05
11567,15294,368,553,2,,2022-07-21 20:29:29,2022-07
11568,15296,368,601,3,,2024-02-23 01:45:12,2024-02
11569,15296,601,368,4,"Excellent service, will ride again.",2024-02-23 04:24:12,2024-02
11570,15298,368,883,4,Very courteous driver.,2024-02-15 14:18:41,2024-02
11571,15298,883,368,4,"Excellent service, will ride again.",2024-02-15 15:29:41,2024-02
11572,15299,1971,235,3,,2024-05-29 10:53:08,2024-05
11573,15300,1971,1956,4,"Great driver, very professional!",2023-04-08 15:58:38,2023-04
11574,15301,1971,612,2,,2024-05-26 10:05:46,2024-05
11575,15301,612,1971,4,"Great driver, very professional!",2024-05-26 11:46:46,2024-05
11576,15302,1971,472,2,Not very clean.,2022-06-17 06:43:11,2022-06
11577,15303,1971,866,4,,2023-11-24 04:17:53,2023-11
11578,15304,1971,1623,3,,2023-11-05 08:43:38,2023-11
11579,15306,1971,7,2,Had trouble finding the pickup spot.,2022-11-17 05:25:28,2022-11
11580,15307,571,1971,2,"Excellent service, will ride again.",2023-04-14 16:00:11,2023-04
11581,15308,506,1971,3,,2022-08-01 23:43:35,2022-08
11582,15310,1971,1413,3,,2022-02-15 17:53:41,2022-02
11583,15314,1971,1889,4,"Quick and efficient, thanks!",2023-08-31 07:45:37,2023-08
11584,15314,1889,1971,3,Very clean car.,2023-08-31 08:22:37,2023-08
11585,15315,1380,1971,5,"Excellent service, will ride again.",2024-02-24 22:13:49,2024-02
11586,15316,1971,1117,4,Fast and safe driver.,2022-12-29 23:56:44,2022-12
11587,15317,1971,472,3,Acceptable ride.,2022-06-16 12:42:10,2022-06
11588,15319,1971,142,3,,2023-10-06 06:15:18,2023-10
11589,15320,1971,494,5,Fast and safe driver.,2022-10-06 00:21:42,2022-10
11590,15321,1971,202,5,Fast and safe driver.,2023-12-05 18:25:22,2023-12
11591,15323,7,1971,3,"Great driver, very professional!",2023-01-16 00:49:48,2023-01
11592,15324,1196,1971,3,"Smooth ride, on time.",2023-08-13 12:44:49,2023-08
11593,15325,1971,439,3,,2024-01-24 15:42:32,2024-01
11594,15325,439,1971,4,"Great driver, very professional!",2024-01-24 15:50:32,2024-01
11595,15328,1971,125,4,"Great driver, very professional!",2022-04-28 00:24:03,2022-04
11596,15329,539,1971,4,Super friendly and helpful.,2023-11-20 12:19:06,2023-11
11597,15333,1971,665,4,,2023-09-07 23:51:22,2023-09
11598,15334,1971,1812,4,,2023-05-11 21:12:03,2023-05
11599,15335,1971,376,4,,2022-07-16 04:13:56,2022-07
11600,15335,376,1971,3,,2022-07-16 05:13:56,2022-07
11601,15336,1971,1555,4,,2022-06-12 07:40:32,2022-06
11602,15336,1555,1971,3,"Smooth ride, on time.",2022-06-12 08:57:32,2022-06
11603,15337,1971,15,3,,2024-04-28 09:08:56,2024-04
11604,15338,1971,1794,5,Car was spotless.,2024-05-05 17:16:05,2024-05
11605,15339,1971,210,3,,2022-08-01 19:19:52,2022-08
11606,15344,1971,1640,3,,2024-03-18 16:20:22,2024-03
11607,15345,1971,1765,2,Driver was late.,2022-04-25 21:13:38,2022-04
11608,15346,1971,571,5,"Quick and efficient, thanks!",2022-12-21 07:12:08,2022-12
11609,15347,1971,959,5,"5 stars, highly recommend!",2024-04-09 14:30:57,2024-04
11610,15350,1971,162,5,,2023-11-08 20:02:08,2023-11
11611,15350,162,1971,5,"Smooth ride, on time.",2023-11-08 19:57:08,2023-11
11612,15351,1971,1352,4,Very courteous driver.,2022-05-21 08:11:27,2022-05
11613,15351,1352,1971,3,,2022-05-21 09:06:27,2022-05
11614,15353,1971,1869,4,Super friendly and helpful.,2023-11-26 12:59:37,2023-11
11615,15355,1971,1181,4,,2022-04-26 21:16:16,2022-04
11616,15356,1971,1606,3,,2022-06-08 18:49:41,2022-06
11617,15356,1606,1971,5,"Smooth ride, on time.",2022-06-08 17:16:41,2022-06
11618,15358,1971,190,2,,2024-05-14 04:14:37,2024-05
11619,15362,1971,1198,3,Decent experience.,2022-10-28 16:03:31,2022-10
11620,15363,1971,1328,4,Fast and safe driver.,2024-03-05 23:04:02,2024-03
11621,15366,1971,393,4,"Excellent service, will ride again.",2022-02-16 05:04:04,2022-02
11622,15370,1971,187,4,Car was spotless.,2023-11-01 04:09:18,2023-11
11623,15373,1971,1430,4,,2022-08-22 04:08:18,2022-08
11624,15374,1971,741,3,,2024-05-01 21:44:59,2024-05
11625,15376,1971,1812,4,"Easy pickup, no problems.",2023-08-03 11:15:49,2023-08
11626,15378,1971,977,4,,2022-07-24 07:00:31,2022-07
11627,15380,1971,202,5,"Great rider, very polite.",2022-04-25 14:40:34,2022-04
11628,15380,202,1971,2,"Smooth ride, on time.",2022-04-25 14:26:34,2022-04
11629,15381,1971,327,5,"Great driver, very professional!",2023-05-26 19:28:23,2023-05
11630,15381,327,1971,5,"Excellent service, will ride again.",2023-05-26 20:41:23,2023-05
11631,15382,1971,742,3,Decent experience.,2023-01-07 18:34:40,2023-01
11632,15383,31,1971,3,Super friendly and helpful.,2024-06-18 16:56:36,2024-06
11633,15384,1853,1971,4,"Excellent service, will ride again.",2023-11-16 07:37:02,2023-11
11634,15385,1971,1472,3,,2024-06-21 01:17:08,2024-06
11635,15387,1971,1869,3,Acceptable ride.,2022-07-16 07:37:36,2022-07
11636,15388,1971,1869,3,,2022-06-01 09:47:55,2022-06
11637,15389,1971,643,4,,2023-10-02 01:48:25,2023-10
11638,15391,1971,1117,5,Very comfortable ride.,2024-06-06 09:33:12,2024-06
11639,15392,1971,1328,2,,2022-11-29 11:34:37,2022-11
11640,15392,1328,1971,3,Super friendly and helpful.,2022-11-29 14:02:37,2022-11
11641,15393,1971,408,4,,2022-02-08 14:17:27,2022-02
11642,15394,1971,1606,4,Very comfortable ride.,2022-08-13 01:02:07,2022-08
11643,15396,755,1100,4,,2024-06-09 07:25:38,2024-06
11644,15398,755,898,4,,2023-03-17 02:41:38,2023-03
11645,15398,898,755,3,,2023-03-17 02:07:38,2023-03
11646,15400,530,986,4,,2022-12-05 18:17:12,2022-12
11647,15401,530,564,4,"5 stars, highly recommend!",2024-05-09 00:34:50,2024-05
11648,15401,564,530,3,"Smooth ride, on time.",2024-05-09 00:51:50,2024-05
11649,15404,1402,1981,5,,2022-08-10 19:04:24,2022-08
11650,15405,1402,1700,5,,2023-10-18 21:36:19,2023-10
11651,15406,1402,62,4,Very courteous driver.,2023-03-17 09:36:48,2023-03
11652,15409,1402,645,5,Fast and safe driver.,2023-08-23 17:14:07,2023-08
11653,15413,1402,1956,4,,2022-03-30 14:11:45,2022-03
11654,15415,1438,1402,3,Super friendly and helpful.,2022-08-03 02:23:17,2022-08
11655,15417,1402,118,5,"Easy pickup, no problems.",2022-05-05 07:50:19,2022-05
11656,15418,1402,697,4,Car was spotless.,2022-04-01 12:37:31,2022-04
11657,15418,697,1402,3,,2022-04-01 12:23:31,2022-04
11658,15419,1081,1402,1,,2023-03-06 16:45:24,2023-03
11659,15423,1069,1999,4,"Quick and efficient, thanks!",2023-11-23 08:43:09,2023-11
11660,15423,1999,1069,3,,2023-11-23 07:52:09,2023-11
11661,15424,1989,585,4,,2023-02-02 18:38:14,2023-02
11662,15424,585,1989,4,Super friendly and helpful.,2023-02-02 19:29:14,2023-02
11663,15430,1989,1983,3,,2023-03-05 18:32:36,2023-03
11664,15435,1989,1558,4,Fast and safe driver.,2023-01-26 10:03:52,2023-01
11665,15436,1134,1989,4,"Smooth ride, on time.",2022-03-31 10:24:40,2022-03
11666,15437,1526,1989,3,"Smooth ride, on time.",2023-07-02 03:18:36,2023-07
11667,15438,1968,1989,4,,2022-11-17 04:15:46,2022-11
11668,15441,1989,1795,1,,2023-10-19 08:16:04,2023-10
11669,15442,1989,1035,4,,2022-11-22 10:47:47,2022-11
11670,15446,1989,1450,3,,2023-04-17 08:43:19,2023-04
11671,15447,1989,776,3,Nothing to complain about.,2022-06-13 09:36:49,2022-06
11672,15447,776,1989,2,"Excellent service, will ride again.",2022-06-13 09:30:49,2022-06
11673,15448,1989,119,5,"Smooth ride, on time.",2023-09-05 02:04:40,2023-09
11674,15449,1989,187,4,"Easy pickup, no problems.",2023-12-11 09:01:57,2023-12
11675,15451,1989,469,3,"OK trip, nothing special.",2023-10-27 06:58:07,2023-10
11676,15453,1001,1989,3,"Smooth ride, on time.",2022-09-11 13:04:44,2022-09
11677,15455,1989,602,3,Got there safely.,2022-08-16 13:51:29,2022-08
11678,15457,1989,742,3,,2022-05-30 00:32:30,2022-05
11679,15457,742,1989,3,"Excellent service, will ride again.",2022-05-29 23:50:30,2022-05
11680,15459,1989,1651,4,"Great driver, very professional!",2024-06-19 01:16:06,2024-06
11681,15459,1651,1989,3,"Excellent service, will ride again.",2024-06-19 02:29:06,2024-06
11682,15460,66,1989,4,"Great driver, very professional!",2022-01-03 20:28:01,2022-01
11683,15462,1989,408,3,,2022-04-06 17:29:59,2022-04
11684,15466,1989,389,5,Loved the music selection!,2023-08-08 05:37:44,2023-08
11685,15467,1989,439,3,Decent experience.,2023-02-07 22:29:42,2023-02
11686,15468,1989,506,3,Fine driver.,2023-06-23 05:10:10,2023-06
11687,15468,506,1989,3,Very clean car.,2023-06-23 05:06:10,2023-06
11688,15472,1989,1403,5,,2023-07-08 01:57:12,2023-07
11689,15472,1403,1989,3,"Smooth ride, on time.",2023-07-08 02:46:12,2023-07
11690,15473,1989,947,3,Trip was okay.,2024-06-19 11:01:46,2024-06
11691,15479,1814,1989,4,"Smooth ride, on time.",2023-12-28 01:28:24,2023-12
11692,15481,1989,1373,4,,2023-03-25 00:34:17,2023-03
11693,15482,1989,1794,4,"Perfect trip, no issues.",2022-11-02 18:03:37,2022-11
11694,15486,1989,571,5,,2024-01-20 15:36:41,2024-01
11695,15486,571,1989,4,Very clean car.,2024-01-20 16:50:41,2024-01
11696,15490,1989,162,5,Super friendly and helpful.,2022-01-12 00:56:10,2022-01
11697,15493,1989,647,3,,2022-09-11 02:02:31,2022-09
11698,15496,1989,506,4,"Easy pickup, no problems.",2022-03-06 13:01:51,2022-03
11699,15498,1989,515,4,Car was spotless.,2023-12-20 09:55:51,2023-12
11700,15501,1989,705,4,Car was spotless.,2023-10-02 02:11:20,2023-10
11701,15502,1989,1336,3,Nothing to complain about.,2023-12-03 04:13:47,2023-12
11702,15506,969,1989,3,Super friendly and helpful.,2022-07-30 12:34:15,2022-07
11703,15508,1989,1889,4,"Smooth ride, on time.",2023-07-17 02:20:19,2023-07
11704,15508,1889,1989,3,"Smooth ride, on time.",2023-07-17 04:22:19,2023-07
11705,15509,1863,319,4,Very clean car.,2023-05-13 14:51:39,2023-05
11706,15510,1863,5,4,"Excellent service, will ride again.",2024-03-24 21:27:52,2024-03
11707,15513,1863,448,4,,2023-03-31 14:09:54,2023-03
11708,15514,1863,932,4,"Easy pickup, no problems.",2023-10-13 01:54:15,2023-10
11709,15518,142,1932,4,"Smooth ride, on time.",2022-01-18 06:07:11,2022-01
11710,15519,202,1932,4,"Great driver, very professional!",2023-05-30 17:39:14,2023-05
11711,15520,1932,1839,4,,2022-09-10 06:23:28,2022-09
11712,15521,1932,1430,5,,2023-05-12 00:42:28,2023-05
11713,15522,1932,139,4,,2022-08-13 17:30:02,2022-08
11714,15524,1335,125,5,"Excellent service, will ride again.",2023-01-12 08:28:40,2023-01
11715,15525,1335,1781,4,,2022-02-18 05:00:55,2022-02
11716,15526,1335,339,3,,2023-04-10 03:47:58,2023-04
11717,15528,1335,1221,5,Fast and safe driver.,2023-11-25 09:54:49,2023-11
11718,15529,1053,1335,4,"Great driver, very professional!",2023-12-22 12:50:04,2023-12
11719,15530,1335,1131,5,,2023-01-23 16:44:12,2023-01
11720,15530,1131,1335,4,"Great driver, very professional!",2023-01-23 19:14:12,2023-01
11721,15531,1335,412,3,Fine driver.,2023-05-01 11:00:20,2023-05
11722,15534,1335,947,4,Very courteous driver.,2023-11-29 09:59:14,2023-11
11723,15538,1335,66,4,,2022-05-08 12:00:54,2022-05
11724,15539,1335,728,4,Car was spotless.,2023-02-05 12:13:02,2023-02
11725,15539,728,1335,3,,2023-02-05 11:56:02,2023-02
11726,15540,1335,293,5,Very comfortable ride.,2023-02-28 12:58:56,2023-02
11727,15541,1335,271,4,"5 stars, highly recommend!",2023-01-28 02:48:41,2023-01
11728,15542,1335,585,4,"Easy pickup, no problems.",2022-07-02 12:34:47,2022-07
11729,15543,1335,412,3,Average experience.,2023-02-16 23:36:27,2023-02
11730,15544,1870,645,4,,2022-12-10 17:21:10,2022-12
11731,15546,1870,1507,4,,2022-10-12 18:36:29,2022-10
11732,15546,1507,1870,3,Super friendly and helpful.,2022-10-12 18:51:29,2022-10
11733,15547,1870,14,3,Nothing to complain about.,2023-04-17 18:52:09,2023-04
11734,15548,1200,957,4,,2022-08-30 18:51:01,2022-08
11735,15548,957,1200,3,Very clean car.,2022-08-30 20:13:01,2022-08
11736,15550,341,1200,4,"Excellent service, will ride again.",2022-08-06 03:19:33,2022-08
11737,15552,1200,1286,3,,2023-10-26 01:55:56,2023-10
11738,15554,1200,1267,4,"Quick and efficient, thanks!",2024-02-06 08:19:59,2024-02
11739,15555,1200,741,4,"Quick and efficient, thanks!",2022-09-03 19:44:04,2022-09
11740,15556,1200,842,4,"Perfect trip, no issues.",2023-10-06 00:39:25,2023-10
11741,15558,1736,1200,5,"Smooth ride, on time.",2023-04-14 21:47:20,2023-04
11742,15560,1200,690,4,"Easy pickup, no problems.",2022-03-09 09:08:37,2022-03
11743,15561,1597,508,4,,2024-02-29 15:55:49,2024-02
11744,15563,1131,1597,4,Super friendly and helpful.,2023-11-09 18:26:00,2023-11
11745,15566,1350,1515,3,"Excellent service, will ride again.",2022-02-10 10:04:01,2022-02
11746,15567,1139,1515,3,Very clean car.,2022-06-05 01:38:19,2022-06
11747,15569,1017,1356,4,,2024-04-17 17:30:15,2024-04
11748,15570,265,331,4,"Great rider, very polite.",2022-10-08 17:48:35,2022-10
11749,15571,265,920,3,,2022-09-02 04:36:44,2022-09
11750,15574,830,324,5,,2022-11-09 20:39:14,2022-11
11751,15575,830,766,4,Loved the music selection!,2024-01-18 06:14:55,2024-01
11752,15578,830,697,5,,2022-01-26 22:55:55,2022-01
11753,15579,830,1302,4,Very clean car.,2024-05-02 00:41:17,2024-05
11754,15581,830,1991,4,,2024-06-28 09:46:15,2024-06
11755,15581,1991,830,4,"Great driver, very professional!",2024-06-28 11:25:15,2024-06
11756,15584,830,1607,4,,2023-10-25 23:08:46,2023-10
11757,15587,1385,1654,2,,2023-12-01 00:24:28,2023-12
11758,15590,1385,1853,5,,2022-07-27 20:42:32,2022-07
11759,15590,1853,1385,3,"Great driver, very professional!",2022-07-27 21:57:32,2022-07
11760,15591,1776,1385,3,Super friendly and helpful.,2023-03-26 04:22:29,2023-03
11761,15592,1385,1894,3,Average experience.,2023-04-22 08:42:21,2023-04
11762,15592,1894,1385,5,,2023-04-22 09:34:21,2023-04
11763,15593,1385,1084,3,Acceptable ride.,2023-12-04 01:51:50,2023-12
11764,15594,1385,1084,2,,2023-04-24 00:23:18,2023-04
11765,15595,119,1145,3,"Smooth ride, on time.",2024-03-03 20:53:59,2024-03
11766,15596,1091,1145,3,,2022-06-24 10:32:55,2022-06
11767,15597,1145,376,4,"Perfect trip, no issues.",2023-08-05 12:37:46,2023-08
11768,15597,376,1145,3,Super friendly and helpful.,2023-08-05 13:30:46,2023-08
11769,15598,1145,1765,3,,2022-01-24 05:24:15,2022-01
11770,15604,1145,44,3,Nothing to complain about.,2022-07-24 19:29:09,2022-07
11771,15604,44,1145,4,Super friendly and helpful.,2022-07-24 21:03:09,2022-07
11772,15605,1145,1739,4,,2022-01-21 03:47:27,2022-01
11773,15607,1081,1145,4,,2023-09-09 08:52:25,2023-09
11774,15608,1145,1207,5,Car was spotless.,2023-01-15 09:39:43,2023-01
11775,15609,1145,1727,3,Got there safely.,2022-11-26 17:18:46,2022-11
11776,15609,1727,1145,4,"Great driver, very professional!",2022-11-26 18:58:46,2022-11
11777,15612,1145,705,5,"Easy pickup, no problems.",2023-05-13 05:47:12,2023-05
11778,15616,1145,118,4,"Easy pickup, no problems.",2023-01-05 01:27:25,2023-01
11779,15618,1145,1700,5,Loved the music selection!,2024-05-05 05:45:02,2024-05
11780,15621,6,898,4,Very courteous driver.,2023-10-21 19:24:51,2023-10
11781,15621,898,6,3,"Great driver, very professional!",2023-10-21 18:49:51,2023-10
11782,15622,6,199,4,,2023-06-07 05:38:44,2023-06
11783,15626,6,1472,3,"OK trip, nothing special.",2022-08-10 05:12:48,2022-08
11784,15627,6,959,3,Nothing to complain about.,2024-02-14 22:52:39,2024-02
11785,15627,959,6,2,Very clean car.,2024-02-14 23:17:39,2024-02
11786,15629,6,1933,3,Nothing to complain about.,2022-06-10 20:17:13,2022-06
11787,15630,6,1509,4,,2023-03-22 21:35:27,2023-03
11788,15631,1492,6,3,Very clean car.,2023-11-26 22:04:37,2023-11
11789,15635,6,1562,3,Average experience.,2023-01-04 16:28:55,2023-01
11790,15635,1562,6,4,"Excellent service, will ride again.",2023-01-04 17:47:55,2023-01
11791,15636,6,1227,4,Super friendly and helpful.,2024-01-03 16:29:10,2024-01
11792,15637,6,665,3,"OK trip, nothing special.",2024-05-01 20:15:08,2024-05
11793,15638,6,1196,4,Car was spotless.,2023-09-15 11:30:12,2023-09
11794,15639,6,878,5,,2023-03-08 01:35:00,2023-03
11795,15640,6,1869,4,,2023-09-03 03:29:56,2023-09
11796,15641,1509,6,3,,2023-03-31 09:57:22,2023-03
11797,15642,1608,6,3,,2024-06-04 20:37:28,2024-06
11798,15644,6,1111,3,Decent experience.,2022-04-22 02:22:03,2022-04
11799,15646,6,1035,4,,2024-01-18 02:31:52,2024-01
11800,15647,6,1828,4,,2022-08-16 02:33:44,2022-08
11801,15647,1828,6,3,"Great driver, very professional!",2022-08-16 02:48:44,2022-08
11802,15648,6,542,4,,2022-01-29 20:02:02,2022-01
11803,15648,542,6,4,"Smooth ride, on time.",2022-01-29 19:57:02,2022-01
11804,15649,995,6,4,Super friendly and helpful.,2023-04-27 00:17:03,2023-04
11805,15650,677,6,3,"Great driver, very professional!",2024-04-11 11:56:15,2024-04
11806,15651,6,1403,5,,2023-02-22 02:09:05,2023-02
11807,15653,6,974,4,Car was spotless.,2022-06-26 16:00:02,2022-06
11808,15656,6,1267,3,Average experience.,2022-04-03 00:10:38,2022-04
11809,15657,6,7,3,,2023-08-13 16:36:55,2023-08
11810,15659,6,335,1,Driver was late.,2023-11-02 18:51:21,2023-11
11811,15659,335,6,4,"Excellent service, will ride again.",2023-11-02 18:27:21,2023-11
11812,15660,6,1933,3,,2022-01-18 04:25:12,2022-01
11813,15664,6,318,4,,2024-05-02 08:57:04,2024-05
11814,15665,6,929,5,,2024-02-09 01:49:14,2024-02
11815,15666,726,6,3,"Excellent service, will ride again.",2023-05-28 21:09:02,2023-05
11816,15668,6,878,3,Trip was okay.,2023-06-12 13:51:47,2023-06
11817,15668,878,6,2,,2023-06-12 13:05:47,2023-06
11818,15670,6,120,2,Car smelled bad.,2024-02-02 06:18:31,2024-02
11819,15671,6,1975,4,Loved the music selection!,2022-08-30 00:11:51,2022-08
11820,15674,6,1181,4,,2022-09-07 08:31:27,2022-09
11821,15674,1181,6,4,,2022-09-07 10:11:27,2022-09
11822,15677,1830,6,3,Very clean car.,2023-07-17 12:15:33,2023-07
11823,15680,6,271,4,Loved the music selection!,2022-02-08 08:33:16,2022-02
11824,15680,271,6,2,"Great driver, very professional!",2022-02-08 09:37:16,2022-02
11825,15681,6,1281,2,Driver was late.,2024-03-25 22:15:52,2024-03
11826,15681,1281,6,3,Very clean car.,2024-03-26 00:40:52,2024-03
11827,15682,6,1727,4,"Easy pickup, no problems.",2023-02-13 14:48:21,2023-02
11828,15684,6,818,3,,2023-12-01 12:05:40,2023-12
11829,15684,818,6,2,Very clean car.,2023-12-01 11:59:40,2023-12
11830,15685,6,726,3,,2022-12-12 13:43:10,2022-12
11831,15685,726,6,3,"Excellent service, will ride again.",2022-12-12 14:11:10,2022-12
11832,15686,324,6,2,,2024-01-03 18:35:12,2024-01
11833,15687,1699,723,4,Super friendly and helpful.,2023-05-21 09:10:17,2023-05
11834,15688,723,1948,4,,2022-04-11 02:11:39,2022-04
11835,15689,1606,723,4,"Smooth ride, on time.",2024-06-01 05:02:34,2024-06
11836,15691,230,723,2,"Great driver, very professional!",2022-05-16 20:56:42,2022-05
11837,15693,867,723,3,"Great driver, very professional!",2024-03-25 12:22:45,2024-03
11838,15697,723,1865,5,,2024-02-25 20:32:02,2024-02
11839,15702,723,1413,4,"Great rider, very polite.",2023-01-01 09:42:23,2023-01
11840,15708,1999,723,4,,2022-09-16 16:01:35,2022-09
11841,15709,723,1011,4,,2022-01-13 23:07:54,2022-01
11842,15709,1011,723,5,Super friendly and helpful.,2022-01-13 23:16:54,2022-01
11843,15710,723,258,5,,2023-09-17 13:00:04,2023-09
11844,15711,723,825,4,Loved the music selection!,2024-05-23 21:03:10,2024-05
11845,15712,723,286,3,Got there safely.,2023-07-21 18:59:15,2023-07
11846,15712,286,723,4,"Great driver, very professional!",2023-07-21 20:28:15,2023-07
11847,15713,723,202,3,Fine driver.,2022-03-30 08:01:42,2022-03
11848,15713,202,723,4,,2022-03-30 08:45:42,2022-03
11849,15715,723,52,4,Very comfortable ride.,2023-12-20 02:00:28,2023-12
11850,15716,723,224,4,"Excellent service, will ride again.",2023-01-02 14:50:51,2023-01
11851,15716,224,723,3,"Great driver, very professional!",2023-01-02 15:25:51,2023-01
11852,15717,723,690,3,,2023-05-27 08:03:12,2023-05
11853,15718,723,1134,4,"Easy pickup, no problems.",2022-01-08 19:11:27,2022-01
11854,15719,723,1781,3,,2022-03-23 23:01:19,2022-03
11855,15720,723,1984,3,Nothing to complain about.,2022-02-16 01:53:17,2022-02
11856,15722,588,1947,3,Average experience.,2022-08-15 20:00:35,2022-08
11857,15723,588,1532,4,Very comfortable ride.,2023-06-29 10:08:26,2023-06
11858,15724,588,1651,4,"Smooth ride, on time.",2023-04-14 14:33:26,2023-04
11859,15725,588,1091,5,"Quick and efficient, thanks!",2024-06-02 14:41:05,2024-06
11860,15726,1981,588,3,"Excellent service, will ride again.",2024-06-05 09:34:31,2024-06
11861,15727,588,997,4,,2024-01-15 11:36:03,2024-01
11862,15729,588,593,3,,2022-09-28 08:28:09,2022-09
11863,15730,588,434,4,,2023-11-24 21:16:24,2023-11
11864,15730,434,588,2,"Excellent service, will ride again.",2023-11-24 21:23:24,2023-11
11865,15731,588,331,4,Very courteous driver.,2023-10-23 06:31:18,2023-10
11866,15732,588,164,3,Got there safely.,2022-08-08 07:19:54,2022-08
11867,15733,488,588,4,Super friendly and helpful.,2023-01-17 21:54:18,2023-01
11868,15734,588,766,4,"Great driver, very professional!",2023-10-05 00:27:47,2023-10
11869,15735,452,588,3,"Excellent service, will ride again.",2023-12-06 05:07:33,2023-12
11870,15736,588,52,3,"OK trip, nothing special.",2023-02-07 11:39:17,2023-02
11871,15736,52,588,4,Very clean car.,2023-02-07 10:05:17,2023-02
11872,15737,588,1956,5,,2023-03-03 14:42:44,2023-03
11873,15737,1956,588,4,Very clean car.,2023-03-03 14:17:44,2023-03
11874,15738,588,207,3,Acceptable ride.,2022-11-30 20:58:40,2022-11
11875,15738,207,588,3,Very clean car.,2022-11-30 20:43:40,2022-11
11876,15739,588,139,5,"Easy pickup, no problems.",2022-12-29 05:46:53,2022-12
11877,15740,588,1108,4,Loved the music selection!,2024-01-03 02:49:55,2024-01
11878,15740,1108,588,3,"Great driver, very professional!",2024-01-03 03:35:55,2024-01
11879,15741,588,940,4,Fast and safe driver.,2022-04-11 10:12:30,2022-04
11880,15742,588,31,3,Got there safely.,2023-07-26 18:04:04,2023-07
11881,15743,588,2,4,,2023-09-12 17:00:00,2023-09
11882,15743,2,588,3,"Excellent service, will ride again.",2023-09-12 17:57:00,2023-09
11883,15744,588,62,3,,2024-05-07 21:20:40,2024-05
11884,15745,240,1183,5,,2024-03-12 19:52:31,2024-03
11885,15746,240,800,4,,2023-05-30 14:22:16,2023-05
11886,15748,240,867,3,,2023-10-25 13:22:24,2023-10
11887,15748,867,240,3,Super friendly and helpful.,2023-10-25 13:20:24,2023-10
11888,15751,240,1794,3,Trip was okay.,2023-01-01 09:25:39,2023-01
11889,15751,1794,240,3,"Smooth ride, on time.",2023-01-01 11:36:39,2023-01
11890,15752,55,240,3,"Smooth ride, on time.",2022-10-15 09:20:32,2022-10
11891,15754,240,118,4,,2022-11-30 06:39:39,2022-11
11892,15755,240,778,3,,2024-04-02 13:29:50,2024-04
11893,15755,778,240,5,"Excellent service, will ride again.",2024-04-02 14:21:50,2024-04
11894,15757,240,1091,3,Fine driver.,2024-04-16 08:10:18,2024-04
11895,15759,240,1775,4,,2022-05-03 10:06:58,2022-05
11896,15759,1775,240,3,"Excellent service, will ride again.",2022-05-03 10:50:58,2022-05
11897,15760,240,323,3,Nothing to complain about.,2023-03-26 23:51:49,2023-03
11898,15761,240,1100,4,,2024-04-11 05:12:09,2024-04
11899,15761,1100,240,4,Super friendly and helpful.,2024-04-11 05:15:09,2024-04
11900,15762,240,544,4,,2023-10-22 02:30:52,2023-10
11901,15763,240,1100,4,Loved the music selection!,2023-11-19 00:04:24,2023-11
11902,15766,777,232,3,Super friendly and helpful.,2023-10-31 10:43:05,2023-10
11903,15768,868,768,4,"Excellent service, will ride again.",2024-05-15 05:09:47,2024-05
11904,15770,768,1651,4,Very comfortable ride.,2022-02-16 16:27:15,2022-02
11905,15771,949,736,4,,2022-08-25 14:10:11,2022-08
11906,15771,736,949,4,,2022-08-25 15:55:11,2022-08
11907,15772,866,949,4,,2023-09-10 02:25:15,2023-09
11908,15774,949,334,4,"5 stars, highly recommend!",2023-03-18 13:20:46,2023-03
11909,15775,949,1755,3,Fine driver.,2024-03-02 04:12:34,2024-03
11910,15776,949,818,3,Decent experience.,2023-12-06 19:58:54,2023-12
11911,15778,949,891,5,,2022-05-21 18:15:50,2022-05
11912,15779,949,645,5,Car was spotless.,2022-09-13 12:07:41,2022-09
11913,15780,949,187,4,"Great driver, very professional!",2023-10-04 14:58:28,2023-10
11914,15781,949,1608,4,"Smooth ride, on time.",2023-05-25 12:04:20,2023-05
11915,15781,1608,949,4,"Excellent service, will ride again.",2023-05-25 13:35:20,2023-05
11916,15782,949,1371,5,"Great driver, very professional!",2024-04-08 01:30:40,2024-04
11917,15783,949,697,4,,2022-10-21 08:36:36,2022-10
11918,15784,24,949,4,"Smooth ride, on time.",2023-09-23 23:15:35,2023-09
11919,15788,949,485,5,,2022-10-06 03:24:40,2022-10
11920,15790,949,328,4,"Quick and efficient, thanks!",2022-08-29 08:41:14,2022-08
11921,15791,949,256,5,,2024-03-26 18:27:45,2024-03
11922,15791,256,949,3,,2024-03-26 18:55:45,2024-03
11923,15792,1548,949,4,Super friendly and helpful.,2024-02-27 22:31:32,2024-02
11924,15795,1053,1004,3,Very clean car.,2022-11-02 23:19:52,2022-11
11925,15798,448,34,4,Very clean car.,2024-06-27 14:45:22,2024-06
11926,15800,34,1001,5,Loved the music selection!,2022-12-27 20:28:50,2022-12
11927,15800,1001,34,3,"Great driver, very professional!",2022-12-27 22:15:50,2022-12
11928,15801,34,1812,4,"Excellent service, will ride again.",2022-02-27 10:01:46,2022-02
11929,15802,1040,34,4,"Great driver, very professional!",2022-05-26 04:22:32,2022-05
11930,15804,1494,34,3,"Excellent service, will ride again.",2022-09-13 13:57:20,2022-09
11931,15805,34,1207,4,"5 stars, highly recommend!",2023-07-14 17:15:58,2023-07
11932,15807,196,142,4,,2022-10-16 02:09:14,2022-10
11933,15809,692,860,3,,2024-01-24 13:41:03,2024-01
11934,15812,1074,1324,3,,2022-01-28 07:52:42,2022-01
11935,15813,1074,1104,4,,2022-08-18 13:27:04,2022-08
11936,15813,1104,1074,3,,2022-08-18 13:07:04,2022-08
11937,15814,1074,1237,5,"Perfect trip, no issues.",2023-09-26 11:12:15,2023-09
11938,15814,1237,1074,3,"Excellent service, will ride again.",2023-09-26 12:45:15,2023-09
11939,15815,994,1400,5,"Perfect trip, no issues.",2022-06-11 18:24:40,2022-06
11940,15815,1400,994,3,Very clean car.,2022-06-11 18:45:40,2022-06
11941,15816,994,1117,4,Fast and safe driver.,2022-01-28 04:54:45,2022-01
11942,15817,994,544,5,,2024-05-06 19:26:50,2024-05
11943,15818,994,389,4,"Easy pickup, no problems.",2024-02-20 02:17:57,2024-02
11944,15819,994,1755,3,Trip was okay.,2022-04-14 01:59:42,2022-04
11945,15819,1755,994,3,"Great driver, very professional!",2022-04-14 02:12:42,2022-04
11946,15820,1106,741,4,Fast and safe driver.,2024-02-13 12:23:22,2024-02
11947,15820,741,1106,5,"Smooth ride, on time.",2024-02-13 11:52:22,2024-02
11948,15821,1106,1724,5,Loved the music selection!,2022-05-26 05:24:11,2022-05
11949,15822,1995,1106,4,,2023-12-21 21:33:00,2023-12
11950,15823,1106,553,3,,2023-04-29 02:34:24,2023-04
11951,15824,1106,1658,3,,2022-06-23 02:03:17,2022-06
11952,15825,1106,940,4,,2023-04-04 11:50:54,2023-04
11953,15826,1106,1995,4,,2024-03-12 22:25:51,2024-03
11954,15832,1040,1106,4,"Great driver, very professional!",2023-10-09 07:09:28,2023-10
11955,15833,1106,1699,2,,2023-11-01 09:51:25,2023-11
11956,15834,1106,120,2,Driver was rude.,2022-03-17 09:02:11,2022-03
11957,15835,995,1106,2,Very clean car.,2023-03-29 11:22:52,2023-03
11958,15836,1106,324,4,,2022-06-04 00:33:54,2022-06
11959,15836,324,1106,3,,2022-06-04 03:03:54,2022-06
11960,15838,1106,155,3,,2023-10-02 02:22:22,2023-10
11961,15839,1106,485,3,,2023-12-07 22:07:50,2023-12
11962,15839,485,1106,2,"Smooth ride, on time.",2023-12-07 20:44:50,2023-12
11963,15840,1106,779,3,Average experience.,2022-05-18 02:07:49,2022-05
11964,15840,779,1106,3,Super friendly and helpful.,2022-05-18 03:41:49,2022-05
11965,15842,1106,515,3,Fine driver.,2023-05-09 14:56:01,2023-05
11966,15843,1106,1221,3,"OK trip, nothing special.",2022-02-13 12:10:55,2022-02
11967,15844,1106,1117,3,"OK trip, nothing special.",2023-11-26 07:57:52,2023-11
11968,15846,1355,1106,2,"Great driver, very professional!",2023-11-01 10:28:22,2023-11
11969,15847,1106,494,5,"Quick and efficient, thanks!",2023-04-20 21:19:33,2023-04
11970,15849,1106,52,5,"Perfect trip, no issues.",2024-03-11 20:58:56,2024-03
11971,15850,1894,1106,4,"Great driver, very professional!",2023-11-23 23:52:21,2023-11
11972,15851,1106,542,4,,2023-03-30 12:01:13,2023-03
11973,15855,1114,612,2,,2023-11-08 11:10:39,2023-11
11974,15856,1114,494,5,"Great rider, very polite.",2024-04-15 22:49:41,2024-04
11975,15859,116,89,3,,2023-08-22 17:47:27,2023-08
11976,15861,50,506,4,,2023-06-16 10:48:37,2023-06
11977,15861,506,50,2,"Smooth ride, on time.",2023-06-16 10:46:37,2023-06
11978,15863,197,833,4,,2024-02-13 01:15:41,2024-02
11979,15865,197,1111,4,,2023-07-20 11:51:34,2023-07
11980,15865,1111,197,4,"Smooth ride, on time.",2023-07-20 11:38:34,2023-07
11981,15867,197,1183,3,"OK trip, nothing special.",2022-09-09 02:43:53,2022-09
11982,15872,1119,118,5,"Easy pickup, no problems.",2023-09-03 09:19:08,2023-09
11983,15873,1119,1607,3,Nothing to complain about.,2023-08-11 22:19:25,2023-08
11984,15874,1119,1590,4,,2022-09-02 20:40:48,2022-09
11985,15875,1119,66,4,,2022-12-24 12:25:04,2022-12
11986,15875,66,1119,4,Very clean car.,2022-12-24 12:47:04,2022-12
11987,15880,1119,1713,4,,2022-02-23 21:48:41,2022-02
11988,15880,1713,1119,3,Super friendly and helpful.,2022-02-23 22:59:41,2022-02
11989,15882,1119,1763,4,,2023-02-10 20:11:55,2023-02
11990,15883,1081,1119,3,"Smooth ride, on time.",2022-11-30 07:27:51,2022-11
11991,15887,1119,1141,4,,2023-02-19 13:13:04,2023-02
11992,15887,1141,1119,3,,2023-02-19 15:28:04,2023-02
11993,15888,968,351,3,,2023-03-12 19:59:31,2023-03
11994,15889,968,1100,5,Fast and safe driver.,2022-02-10 00:56:16,2022-02
11995,15890,968,1981,5,Car was spotless.,2022-09-26 12:47:40,2022-09
11996,15891,5,968,5,"Great driver, very professional!",2024-01-16 12:46:52,2024-01
11997,15892,968,1765,3,,2023-10-22 14:36:05,2023-10
11998,15893,968,1030,5,"Great rider, very polite.",2023-01-30 06:21:49,2023-01
11999,15893,1030,968,5,,2023-01-30 06:31:49,2023-01
12000,15895,155,968,3,Super friendly and helpful.,2023-02-04 08:36:02,2023-02
12001,15896,1461,968,3,Very clean car.,2024-01-02 13:46:58,2024-01
12002,15897,968,15,4,Loved the music selection!,2022-06-02 12:16:21,2022-06
12003,15898,968,1403,5,"Quick and efficient, thanks!",2024-06-04 14:23:21,2024-06
12004,15899,968,925,2,Car smelled bad.,2023-03-09 08:33:07,2023-03
12005,15900,777,968,3,"Excellent service, will ride again.",2024-01-09 02:33:42,2024-01
12006,15901,968,1699,3,Decent experience.,2023-02-16 20:38:16,2023-02
12007,15902,1091,968,3,Super friendly and helpful.,2022-08-05 08:02:01,2022-08
12008,15903,327,968,4,"Smooth ride, on time.",2022-06-16 19:45:46,2022-06
12009,15905,844,1472,5,,2023-09-21 09:31:15,2023-09
12010,15907,665,1822,5,Very clean car.,2023-03-04 23:15:16,2023-03
12011,15909,1822,1865,3,Average experience.,2022-03-03 18:19:59,2022-03
12012,15911,1693,945,4,Very clean car.,2024-04-29 13:20:31,2024-04
12013,15912,945,1267,3,Fine driver.,2024-02-05 12:28:29,2024-02
12014,15913,945,1991,3,Trip was okay.,2023-11-03 20:57:20,2023-11
12015,15914,288,945,3,Very clean car.,2024-01-21 11:34:33,2024-01
12016,15916,945,1764,3,,2022-02-27 04:09:43,2022-02
12017,15918,945,1373,4,,2024-01-08 10:57:46,2024-01
12018,15919,945,1981,4,,2023-03-08 20:16:25,2023-03
12019,15919,1981,945,4,Very clean car.,2023-03-08 21:05:25,2023-03
12020,15920,945,485,5,"Perfect trip, no issues.",2022-10-10 02:03:07,2022-10
12021,15921,945,248,4,,2022-06-04 03:16:08,2022-06
12022,15922,945,318,5,,2023-03-28 09:10:46,2023-03
12023,15924,945,1724,5,,2022-11-14 12:24:17,2022-11
12024,15926,945,1983,3,,2023-08-19 22:22:08,2023-08
12025,15927,1243,945,4,"Great driver, very professional!",2024-02-15 23:37:09,2024-02
12026,15928,945,995,3,Trip was okay.,2023-02-26 00:37:05,2023-02
12027,15929,945,1983,5,,2022-05-27 15:06:37,2022-05
12028,15930,945,1492,5,"Great rider, very polite.",2024-02-23 06:42:45,2024-02
12029,15931,945,1336,4,"Great driver, very professional!",2024-04-17 21:30:29,2024-04
12030,15933,945,389,4,Very clean car.,2022-09-02 04:45:17,2022-09
12031,15933,389,945,3,Very clean car.,2022-09-02 06:37:17,2022-09
12032,15935,945,766,4,,2023-12-28 12:25:09,2023-12
12033,15936,945,1380,4,"Perfect trip, no issues.",2023-11-19 21:57:23,2023-11
12034,15938,1544,945,3,"Great driver, very professional!",2024-06-29 18:31:41,2024-06
12035,15939,945,867,4,Very comfortable ride.,2024-05-12 07:19:01,2024-05
12036,15939,867,945,3,Very clean car.,2024-05-12 09:51:01,2024-05
12037,15940,945,131,4,Super friendly and helpful.,2022-03-15 01:02:32,2022-03
12038,15941,945,1410,5,Very comfortable ride.,2023-06-15 22:21:33,2023-06
12039,15942,945,324,5,,2023-03-16 14:31:26,2023-03
12040,15945,945,146,4,"Excellent service, will ride again.",2022-12-30 08:54:57,2022-12
12041,15946,945,207,4,,2022-09-23 02:31:09,2022-09
12042,15947,945,508,3,,2023-09-20 22:19:08,2023-09
12043,15948,945,1993,3,Decent experience.,2022-12-03 02:27:32,2022-12
12044,15949,945,891,4,"Excellent service, will ride again.",2023-08-20 09:07:07,2023-08
12045,15950,945,776,3,"OK trip, nothing special.",2022-02-11 17:29:59,2022-02
12046,15951,155,945,3,Super friendly and helpful.,2023-09-03 08:40:16,2023-09
12047,15952,945,1207,5,,2023-04-08 06:31:21,2023-04
12048,15952,1207,945,3,,2023-04-08 08:38:21,2023-04
12049,15953,945,974,5,,2023-12-21 04:15:00,2023-12
12050,15954,1104,945,3,Super friendly and helpful.,2022-01-22 20:37:22,2022-01
12051,15955,945,66,4,"Smooth ride, on time.",2023-12-27 03:41:31,2023-12
12052,15956,945,1293,5,Very comfortable ride.,2022-12-23 20:28:14,2022-12
12053,15956,1293,945,4,Super friendly and helpful.,2022-12-23 21:11:14,2022-12
12054,15959,1826,945,4,Very clean car.,2024-02-07 02:34:37,2024-02
12055,15960,945,351,4,"Perfect trip, no issues.",2022-05-27 05:49:16,2022-05
12056,15960,351,945,4,"Excellent service, will ride again.",2022-05-27 04:44:16,2022-05
12057,15961,945,439,4,,2022-05-18 12:19:01,2022-05
12058,15962,945,782,4,"Great driver, very professional!",2023-08-10 22:44:01,2023-08
12059,15962,782,945,4,"Great driver, very professional!",2023-08-10 23:59:01,2023-08
12060,15963,945,1461,4,,2023-06-29 20:39:39,2023-06
12061,15963,1461,945,3,"Smooth ride, on time.",2023-06-29 20:40:39,2023-06
12062,15968,31,945,3,"Excellent service, will ride again.",2022-05-29 19:33:24,2022-05
12063,15969,945,602,3,,2023-10-04 22:17:44,2023-10
12064,15969,602,945,3,Super friendly and helpful.,2023-10-04 22:11:44,2023-10
12065,15970,945,324,4,"Smooth ride, on time.",2023-06-23 08:27:26,2023-06
12066,15971,945,1373,4,,2022-12-23 06:05:21,2022-12
12067,15972,945,1430,5,,2022-09-02 02:05:47,2022-09
12068,15973,945,645,4,"Great rider, very polite.",2022-01-17 09:09:19,2022-01
12069,15973,645,945,3,"Excellent service, will ride again.",2022-01-17 09:18:19,2022-01
12070,15974,319,945,5,Super friendly and helpful.,2022-02-14 08:33:29,2022-02
12071,15975,945,822,3,Got there safely.,2022-03-20 06:21:46,2022-03
12072,15975,822,945,2,Super friendly and helpful.,2022-03-20 06:32:46,2022-03
12073,15976,1479,945,4,,2023-04-27 06:16:59,2023-04
12074,15979,945,62,3,,2023-09-03 18:06:25,2023-09
12075,15979,62,945,3,"Smooth ride, on time.",2023-09-03 19:01:25,2023-09
12076,15980,119,945,4,,2024-01-20 19:56:51,2024-01
12077,15982,945,765,5,Very courteous driver.,2022-07-11 07:29:54,2022-07
12078,15983,945,690,4,Very courteous driver.,2022-09-09 16:32:22,2022-09
12079,15984,945,1724,4,,2022-01-28 09:42:31,2022-01
12080,15984,1724,945,3,,2022-01-28 09:36:31,2022-01
12081,15986,945,5,4,Very courteous driver.,2022-11-13 15:16:01,2022-11
12082,15988,1117,945,5,"Excellent service, will ride again.",2022-08-17 16:23:52,2022-08
12083,15989,945,1041,5,,2023-02-19 10:32:03,2023-02
12084,15990,945,728,5,Very courteous driver.,2023-02-01 11:10:31,2023-02
12085,15991,945,1606,4,Car was spotless.,2022-12-31 12:52:52,2022-12
12086,15993,1410,945,3,"Excellent service, will ride again.",2024-02-05 02:46:11,2024-02
12087,15995,52,945,3,"Excellent service, will ride again.",2022-10-28 12:36:20,2022-10
12088,15996,945,256,5,,2022-06-03 14:59:19,2022-06
12089,15998,945,866,3,Nothing to complain about.,2022-12-23 08:07:31,2022-12
12090,15999,1040,945,4,,2023-02-12 13:28:49,2023-02
12091,16000,945,1947,5,"Smooth ride, on time.",2023-03-10 16:15:00,2023-03
12092,16001,945,1060,4,,2023-08-17 20:38:39,2023-08
12093,16002,945,55,4,Very courteous driver.,2023-01-29 04:49:02,2023-01
12094,16005,945,155,5,,2022-10-31 15:36:18,2022-10
12095,16006,945,777,5,,2022-05-21 23:05:08,2022-05
12096,16006,777,945,2,"Excellent service, will ride again.",2022-05-21 23:00:08,2022-05
12097,16007,553,945,4,"Smooth ride, on time.",2023-08-19 17:34:54,2023-08
12098,16009,945,318,4,Loved the music selection!,2022-06-18 23:24:21,2022-06
12099,16010,945,256,3,Trip was okay.,2023-11-12 08:37:50,2023-11
12100,16011,1622,201,3,,2024-04-18 23:50:14,2024-04
12101,16012,1622,1713,3,Decent experience.,2023-03-18 21:10:58,2023-03
12102,16014,1622,883,4,"Smooth ride, on time.",2023-12-11 01:31:41,2023-12
12103,16014,883,1622,3,"Excellent service, will ride again.",2023-12-11 01:52:41,2023-12
12104,16015,1622,224,3,,2022-08-30 09:09:29,2022-08
12105,16015,224,1622,3,"Great driver, very professional!",2022-08-30 09:35:29,2022-08
12106,16016,1622,1532,4,Loved the music selection!,2022-08-31 09:46:39,2022-08
12107,16018,1713,1622,5,Super friendly and helpful.,2024-06-22 12:28:32,2024-06
12108,16020,1941,1622,2,"Excellent service, will ride again.",2022-09-12 17:04:06,2022-09
12109,16024,542,1622,3,"Excellent service, will ride again.",2023-09-20 00:30:07,2023-09
12110,16025,1622,765,4,,2023-02-02 03:29:38,2023-02
12111,16027,1622,162,5,"Excellent service, will ride again.",2022-05-26 18:43:40,2022-05
12112,16027,162,1622,2,"Great driver, very professional!",2022-05-26 16:59:40,2022-05
12113,16028,1622,89,2,Had trouble finding the pickup spot.,2023-03-28 03:14:24,2023-03
12114,16031,1622,201,5,Very courteous driver.,2023-08-08 00:58:53,2023-08
12115,16032,1622,235,3,,2022-03-13 18:19:58,2022-03
12116,16033,478,1477,4,"Smooth ride, on time.",2024-04-22 06:26:30,2024-04
12117,16035,478,89,2,,2022-02-27 17:17:34,2022-02
12118,16035,89,478,2,"Smooth ride, on time.",2022-02-27 17:11:34,2022-02
12119,16036,478,1281,4,,2022-08-10 18:39:16,2022-08
12120,16037,478,1427,4,Super friendly and helpful.,2022-08-20 11:33:09,2022-08
12121,16038,478,1564,4,,2022-06-25 13:52:57,2022-06
12122,16040,478,1438,2,Not very clean.,2023-04-06 06:29:06,2023-04
12123,16040,1438,478,4,Very clean car.,2023-04-06 05:44:06,2023-04
12124,16042,478,131,4,"Easy pickup, no problems.",2023-04-07 11:53:52,2023-04
12125,16044,478,564,4,,2023-02-09 05:08:29,2023-02
12126,16046,478,1736,3,"OK trip, nothing special.",2022-12-17 21:16:40,2022-12
12127,16048,478,146,4,"Great rider, very polite.",2023-02-27 21:34:45,2023-02
12128,16048,146,478,3,Super friendly and helpful.,2023-02-27 20:34:45,2023-02
12129,16049,1894,478,4,"Excellent service, will ride again.",2023-04-22 10:06:58,2023-04
12130,16052,1724,478,4,"Great driver, very professional!",2022-08-27 03:58:52,2022-08
12131,16053,478,477,4,,2023-10-24 14:24:15,2023-10
12132,16053,477,478,2,Very clean car.,2023-10-24 16:08:15,2023-10
12133,16056,478,1403,3,Nothing to complain about.,2022-08-05 15:36:01,2022-08
12134,16059,1031,1492,4,,2023-05-23 21:56:28,2023-05
12135,16060,1031,1198,5,,2024-03-21 12:04:37,2024-03
12136,16061,1031,693,3,Average experience.,2022-08-26 06:16:59,2022-08
12137,16062,1031,1091,4,,2023-10-24 22:46:30,2023-10
12138,16062,1091,1031,3,"Great driver, very professional!",2023-10-24 23:35:30,2023-10
12139,16063,1031,1105,4,,2023-04-06 10:03:31,2023-04
12140,16065,1031,800,4,"Smooth ride, on time.",2022-08-26 21:06:41,2022-08
12141,16065,800,1031,2,Very clean car.,2022-08-26 22:08:41,2022-08
12142,16067,1031,1343,5,Car was spotless.,2022-12-25 22:34:24,2022-12
12143,16069,1031,1702,3,,2022-09-02 13:39:17,2022-09
12144,16070,1031,1853,4,Loved the music selection!,2022-02-28 01:26:14,2022-02
12145,16070,1853,1031,4,,2022-02-28 02:39:14,2022-02
12146,16071,1031,1724,4,,2022-08-08 06:17:13,2022-08
12147,16073,1031,472,3,Got there safely.,2022-04-10 23:30:32,2022-04
12148,16074,1168,229,4,,2023-09-30 22:09:42,2023-09
12149,16074,229,1168,3,"Excellent service, will ride again.",2023-09-30 21:52:42,2023-09
12150,16076,1168,1386,5,Very comfortable ride.,2023-05-23 04:22:03,2023-05
12151,16076,1386,1168,4,Very clean car.,2023-05-23 03:26:03,2023-05
12152,16078,258,1168,3,Super friendly and helpful.,2022-05-24 01:37:08,2022-05
12153,16080,1168,1336,4,Very comfortable ride.,2022-10-27 05:19:23,2022-10
12154,16081,1168,1653,5,,2023-04-05 01:18:37,2023-04
12155,16082,1168,571,5,Very comfortable ride.,2024-06-21 03:04:02,2024-06
12156,16082,571,1168,3,Very clean car.,2024-06-21 03:43:02,2024-06
12157,16083,1168,40,2,Not very clean.,2022-01-05 12:03:32,2022-01
12158,16083,40,1168,3,"Smooth ride, on time.",2022-01-05 12:21:32,2022-01
12159,16084,1356,1168,3,"Smooth ride, on time.",2022-09-26 19:30:01,2022-09
12160,16085,1168,1948,3,"OK trip, nothing special.",2022-04-13 16:35:24,2022-04
12161,16085,1948,1168,4,"Great driver, very professional!",2022-04-13 17:32:24,2022-04
12162,16086,1168,488,3,,2023-02-06 10:59:06,2023-02
12163,16087,1168,1991,4,Loved the music selection!,2022-02-20 10:26:09,2022-02
12164,16087,1991,1168,2,"Excellent service, will ride again.",2022-02-20 12:46:09,2022-02
12165,16088,40,1168,4,"Smooth ride, on time.",2024-06-09 06:33:39,2024-06
12166,16089,1168,1948,4,Loved the music selection!,2024-06-18 23:26:57,2024-06
12167,16090,1168,1001,4,"Excellent service, will ride again.",2023-06-07 03:27:13,2023-06
12168,16090,1001,1168,4,"Excellent service, will ride again.",2023-06-07 04:03:13,2023-06
12169,16091,1168,1765,4,"Great rider, very polite.",2023-02-19 07:44:28,2023-02
12170,16093,1168,192,4,"Great driver, very professional!",2023-10-17 09:26:09,2023-10
12171,16093,192,1168,4,"Smooth ride, on time.",2023-10-17 09:06:09,2023-10
12172,16094,1168,1814,5,"Perfect trip, no issues.",2022-02-04 23:06:16,2022-02
12173,16096,1168,1371,4,"Easy pickup, no problems.",2022-02-09 13:18:01,2022-02
12174,16097,1168,1210,4,,2023-02-13 15:23:38,2023-02
12175,16097,1210,1168,3,"Great driver, very professional!",2023-02-13 14:05:38,2023-02
12176,16098,1168,549,4,"Quick and efficient, thanks!",2022-07-13 06:45:26,2022-07
12177,16099,43,1775,4,,2024-06-20 11:33:33,2024-06
12178,16100,43,256,4,,2023-01-31 19:50:22,2023-01
12179,16100,256,43,4,"Smooth ride, on time.",2023-01-31 19:20:22,2023-01
12180,16102,43,1099,3,Acceptable ride.,2022-03-17 19:33:20,2022-03
12181,16102,1099,43,3,"Great driver, very professional!",2022-03-17 21:33:20,2022-03
12182,16104,43,690,3,,2022-03-10 12:56:40,2022-03
12183,16104,690,43,4,,2022-03-10 15:10:40,2022-03
12184,16105,43,338,4,,2022-10-07 01:00:43,2022-10
12185,16106,43,1983,3,"OK trip, nothing special.",2023-09-25 23:32:46,2023-09
12186,16108,43,452,4,"Easy pickup, no problems.",2023-10-12 12:37:34,2023-10
12187,16108,452,43,4,"Excellent service, will ride again.",2023-10-12 11:54:34,2023-10
12188,16112,43,776,3,Trip was okay.,2024-06-24 12:34:29,2024-06
12189,16114,43,1413,4,,2024-04-14 12:35:03,2024-04
12190,16115,43,461,4,"Smooth ride, on time.",2022-03-04 14:55:40,2022-03
12191,16116,43,647,4,,2023-08-27 20:28:04,2023-08
12192,16117,43,1373,5,,2024-02-16 21:56:55,2024-02
12193,16117,1373,43,3,Very clean car.,2024-02-16 23:52:55,2024-02
12194,16118,43,1825,4,,2023-10-05 02:16:49,2023-10
12195,16120,522,842,3,Got there safely.,2024-04-27 04:31:58,2024-04
12196,16120,842,522,4,Very clean car.,2024-04-27 04:02:58,2024-04
12197,16123,11,777,5,,2022-08-13 22:32:54,2022-08
12198,16124,11,1117,5,Super friendly and helpful.,2022-10-28 22:02:32,2022-10
12199,16125,86,974,5,,2023-03-19 18:06:53,2023-03
12200,16126,86,324,5,,2024-02-19 23:03:06,2024-02
12201,16127,86,766,4,,2024-01-26 23:20:38,2024-01
12202,16127,766,86,3,,2024-01-27 01:47:38,2024-01
12203,16128,86,1736,5,Fast and safe driver.,2022-10-23 08:14:40,2022-10
12204,16129,1684,86,4,"Great driver, very professional!",2023-07-28 06:52:38,2023-07
12205,16132,1649,86,3,,2022-02-19 21:26:06,2022-02
12206,16134,86,986,3,,2022-12-30 19:00:38,2022-12
12207,16135,86,40,3,Trip was okay.,2023-04-18 20:03:04,2023-04
12208,16136,86,1040,4,,2022-04-03 13:59:26,2022-04
12209,16139,86,1812,4,"Easy pickup, no problems.",2022-01-30 07:24:37,2022-01
12210,16140,86,1649,3,,2022-01-28 01:13:19,2022-01
12211,16141,86,408,3,,2022-07-03 06:56:43,2022-07
12212,16141,408,86,4,Super friendly and helpful.,2022-07-03 08:43:43,2022-07
12213,16143,86,327,5,,2023-10-18 20:00:53,2023-10
12214,16143,327,86,1,Super friendly and helpful.,2023-10-18 19:43:53,2023-10
12215,16145,690,86,3,Very clean car.,2023-10-19 17:59:18,2023-10
12216,16147,86,693,4,,2022-09-20 16:39:31,2022-09
12217,16148,86,1752,5,,2023-12-07 22:09:05,2023-12
12218,16149,86,1775,5,"Great driver, very professional!",2022-09-30 09:15:30,2022-09
12219,16150,1605,86,4,"Smooth ride, on time.",2023-06-04 22:32:58,2023-06
12220,16152,86,14,5,,2023-06-17 21:42:32,2023-06
12221,16153,1775,86,4,"Excellent service, will ride again.",2024-06-06 20:07:32,2024-06
12222,16155,1091,259,3,"Excellent service, will ride again.",2022-01-31 14:56:00,2022-01
12223,16156,259,1828,4,,2023-05-22 10:39:25,2023-05
12224,16157,259,1293,4,"Quick and efficient, thanks!",2024-05-30 08:27:07,2024-05
12225,16157,1293,259,2,"Excellent service, will ride again.",2024-05-30 10:08:07,2024-05
12226,16158,259,825,4,"Excellent service, will ride again.",2024-05-29 07:22:55,2024-05
12227,16162,1985,1162,5,,2023-03-12 11:51:56,2023-03
12228,16165,1043,1087,4,"Great driver, very professional!",2022-06-28 21:35:36,2022-06
12229,16166,795,1790,5,"Perfect trip, no issues.",2023-04-20 06:26:11,2023-04
12230,16169,1844,868,2,Car smelled bad.,2024-06-26 16:26:25,2024-06
12231,16169,868,1844,3,Very clean car.,2024-06-26 15:52:25,2024-06
12232,16170,514,436,2,,2022-07-21 14:27:14,2022-07
12233,16172,1408,121,3,"OK trip, nothing special.",2022-08-18 06:20:49,2022-08
12234,16172,121,1408,3,Super friendly and helpful.,2022-08-18 05:22:49,2022-08
12235,16176,1072,1394,5,"Great driver, very professional!",2023-08-06 17:54:09,2023-08
12236,16176,1394,1072,3,Very clean car.,2023-08-06 20:09:09,2023-08
12237,16177,1072,452,3,,2022-10-28 08:04:30,2022-10
12238,16178,1072,319,4,,2023-12-18 23:51:23,2023-12
12239,16179,1072,1700,3,Average experience.,2024-02-14 10:17:28,2024-02
12240,16180,1072,776,3,,2022-07-03 03:49:15,2022-07
12241,16181,1072,288,3,,2022-08-19 04:46:43,2022-08
12242,16181,288,1072,3,,2022-08-19 05:13:43,2022-08
12243,16185,1072,258,4,"Easy pickup, no problems.",2022-04-27 20:10:31,2022-04
12244,16185,258,1072,3,"Great driver, very professional!",2022-04-27 19:25:31,2022-04
12245,16187,1072,811,3,,2024-06-14 08:47:22,2024-06
12246,16188,1072,665,4,Loved the music selection!,2022-12-31 04:21:29,2022-12
12247,16192,1072,665,2,,2022-09-02 02:37:45,2022-09
12248,16193,1072,1841,4,,2023-08-10 12:20:46,2023-08
12249,16195,1072,782,4,,2024-04-16 11:21:59,2024-04
12250,16197,1227,1072,3,"Excellent service, will ride again.",2024-04-14 22:38:09,2024-04
12251,16198,1072,1547,4,"Great driver, very professional!",2022-01-10 10:15:01,2022-01
12252,16199,1072,1371,5,,2023-12-10 04:42:50,2023-12
12253,16199,1371,1072,3,"Excellent service, will ride again.",2023-12-10 06:25:50,2023-12
12254,16201,1072,1430,5,,2022-03-08 18:52:02,2022-03
12255,16202,1968,1072,4,,2023-01-04 19:52:57,2023-01
12256,16204,1072,539,4,Car was spotless.,2024-01-22 01:42:23,2024-01
12257,16205,1072,593,3,,2023-05-03 10:58:45,2023-05
12258,16205,593,1072,4,"Smooth ride, on time.",2023-05-03 11:41:45,2023-05
12259,16206,1072,1479,5,Car was spotless.,2024-01-21 05:57:55,2024-01
12260,16208,1072,553,4,Loved the music selection!,2023-09-11 10:57:31,2023-09
12261,16209,1072,1026,5,,2022-11-09 05:17:24,2022-11
12262,16210,549,1072,5,"Excellent service, will ride again.",2024-02-19 19:02:08,2024-02
12263,16211,1072,1607,2,Driver was late.,2024-03-05 14:41:22,2024-03
12264,16211,1607,1072,3,Very clean car.,2024-03-05 16:14:22,2024-03
12265,16212,1072,187,4,Loved the music selection!,2023-12-18 23:30:18,2023-12
12266,16212,187,1072,4,Very clean car.,2023-12-19 00:57:18,2023-12
12267,16213,1072,318,5,,2023-07-05 04:51:05,2023-07
12268,16213,318,1072,3,"Great driver, very professional!",2023-07-05 03:35:05,2023-07
12269,16214,1072,1724,5,Very courteous driver.,2022-02-17 00:55:30,2022-02
12270,16215,1072,1310,3,,2022-05-30 11:27:23,2022-05
12271,16216,1072,286,4,,2023-01-26 06:13:03,2023-01
12272,16217,690,711,2,"Excellent service, will ride again.",2022-06-30 00:44:17,2022-06
12273,16218,711,146,4,,2024-01-21 08:00:56,2024-01
12274,16219,711,1371,3,,2022-06-17 19:38:14,2022-06
12275,16222,711,1237,5,,2023-06-29 00:30:15,2023-06
12276,16224,1235,1894,3,Got there safely.,2023-02-24 00:53:24,2023-02
12277,16225,1302,124,3,Super friendly and helpful.,2023-06-08 12:25:15,2023-06
12278,16226,124,1709,3,,2023-10-16 03:18:32,2023-10
12279,16228,124,1139,4,,2024-01-16 11:19:24,2024-01
12280,16228,1139,124,4,"Smooth ride, on time.",2024-01-16 13:00:24,2024-01
12281,16229,124,1575,3,,2023-08-08 10:40:41,2023-08
12282,16230,124,736,2,,2024-03-07 10:38:41,2024-03
12283,16231,124,15,4,"Quick and efficient, thanks!",2024-04-28 23:03:16,2024-04
12284,16231,15,124,3,Super friendly and helpful.,2024-04-29 00:15:16,2024-04
12285,16232,124,736,3,,2023-11-28 10:23:32,2023-11
12286,16234,1300,89,3,Acceptable ride.,2024-02-13 19:10:19,2024-02
12287,16234,89,1300,2,,2024-02-13 21:21:19,2024-02
12288,16236,1300,1651,4,"Perfect trip, no issues.",2022-05-05 03:34:36,2022-05
12289,16237,1300,1286,4,,2022-08-03 19:06:32,2022-08
12290,16239,1300,458,3,Average experience.,2024-05-08 08:34:26,2024-05
12291,16240,1300,986,5,"Excellent service, will ride again.",2022-05-11 16:45:19,2022-05
12292,16242,1300,1060,3,,2022-01-02 11:20:15,2022-01
12293,16242,1060,1300,3,Super friendly and helpful.,2022-01-02 10:56:15,2022-01
12294,16243,1300,1889,3,,2022-03-16 10:34:32,2022-03
12295,16245,1181,1300,4,"Great driver, very professional!",2023-01-20 01:31:40,2023-01
12296,16247,1300,1623,4,"5 stars, highly recommend!",2023-06-11 00:19:36,2023-06
12297,16248,1300,1607,4,Very clean car.,2024-02-25 13:03:32,2024-02
12298,16249,860,1300,3,Super friendly and helpful.,2024-01-06 17:16:30,2024-01
12299,16251,1300,1532,4,,2023-08-12 06:20:58,2023-08
12300,16252,1300,338,4,,2022-10-13 15:52:06,2022-10
12301,16252,338,1300,4,Super friendly and helpful.,2022-10-13 16:50:06,2022-10
12302,16253,1207,1300,3,"Excellent service, will ride again.",2022-03-27 11:36:36,2022-03
12303,16254,1300,433,3,,2022-06-14 23:17:56,2022-06
12304,16255,1300,974,4,,2024-02-16 05:14:26,2024-02
12305,16257,1300,929,3,Acceptable ride.,2024-05-31 22:05:23,2024-05
12306,16258,1511,1197,3,Fine driver.,2023-12-30 15:53:03,2023-12
12307,16258,1197,1511,3,"Excellent service, will ride again.",2023-12-30 16:30:03,2023-12
12308,16259,1511,1889,3,,2024-04-13 04:09:02,2024-04
12309,16260,227,104,3,Decent experience.,2023-02-18 16:35:58,2023-02
12310,16260,104,227,2,"Smooth ride, on time.",2023-02-18 16:58:58,2023-02
12311,16261,633,925,2,,2023-02-12 20:44:04,2023-02
12312,16262,817,1881,4,Super friendly and helpful.,2023-01-04 18:06:53,2023-01
12313,16265,817,1427,4,"Excellent service, will ride again.",2024-05-26 10:53:37,2024-05
12314,16269,743,328,3,"OK trip, nothing special.",2023-04-25 10:45:46,2023-04
12315,16270,1415,1461,4,"5 stars, highly recommend!",2024-04-24 22:34:25,2024-04
12316,16270,1461,1415,2,"Great driver, very professional!",2024-04-25 00:25:25,2024-04
12317,16272,614,1450,3,,2023-05-21 14:07:17,2023-05
12318,16272,1450,614,3,Very clean car.,2023-05-21 13:54:17,2023-05
12319,16273,614,929,4,,2022-11-07 15:35:11,2022-11
12320,16274,614,1207,5,"Excellent service, will ride again.",2023-06-27 23:21:16,2023-06
12321,16274,1207,614,2,"Excellent service, will ride again.",2023-06-28 01:16:16,2023-06
12322,16275,614,1702,3,,2024-04-08 10:28:12,2024-04
12323,16278,614,1826,5,,2024-05-09 19:05:11,2024-05
12324,16279,614,1564,4,Very comfortable ride.,2022-05-12 17:55:23,2022-05
12325,16279,1564,614,2,,2022-05-12 17:10:23,2022-05
12326,16280,614,1181,5,Very comfortable ride.,2023-12-27 21:12:02,2023-12
12327,16281,614,408,4,"Quick and efficient, thanks!",2023-04-20 05:38:03,2023-04
12328,16282,256,614,1,Super friendly and helpful.,2023-04-01 15:11:01,2023-04
12329,16285,614,1564,3,Trip was okay.,2022-04-26 03:59:57,2022-04
12330,16286,614,1060,5,"Great rider, very polite.",2022-12-02 10:40:39,2022-12
12331,16286,1060,614,3,Super friendly and helpful.,2022-12-02 11:30:39,2022-12
12332,16288,1564,165,4,Very clean car.,2024-03-20 06:32:45,2024-03
12333,16289,165,351,4,Very comfortable ride.,2023-05-14 10:41:42,2023-05
12334,16290,165,1999,5,"Great rider, very polite.",2024-03-21 19:01:57,2024-03
12335,16294,1243,740,4,"Smooth ride, on time.",2023-06-07 18:47:18,2023-06
12336,16295,740,759,4,,2022-06-05 09:42:42,2022-06
12337,16296,740,570,4,,2023-12-11 06:51:52,2023-12
12338,16297,740,1890,2,Not very clean.,2022-08-09 18:21:29,2022-08
12339,16297,1890,740,3,"Smooth ride, on time.",2022-08-09 17:45:29,2022-08
12340,16298,740,1196,3,Acceptable ride.,2022-04-01 12:36:50,2022-04
12341,16299,740,677,4,"Perfect trip, no issues.",2024-04-01 15:12:54,2024-04
12342,16299,677,740,2,"Smooth ride, on time.",2024-04-01 15:08:54,2024-04
12343,16300,1841,740,4,"Smooth ride, on time.",2024-05-01 08:10:49,2024-05
12344,16301,740,1221,4,"Quick and efficient, thanks!",2022-10-09 04:19:40,2022-10
12345,16302,740,1108,4,"Easy pickup, no problems.",2023-08-12 18:33:58,2023-08
12346,16303,740,878,3,Trip was okay.,2022-02-17 14:54:41,2022-02
12347,16304,1933,740,3,,2023-01-17 17:14:43,2023-01
12348,16305,585,740,4,Very clean car.,2023-04-05 11:20:30,2023-04
12349,16306,740,1781,3,,2022-12-12 00:00:05,2022-12
12350,16307,740,1547,4,"Easy pickup, no problems.",2024-05-10 10:03:01,2024-05
12351,16308,740,1482,2,Had trouble finding the pickup spot.,2024-01-12 07:36:58,2024-01
12352,16311,740,293,4,Very courteous driver.,2022-03-23 03:54:18,2022-03
12353,16311,293,740,3,,2022-03-23 04:41:18,2022-03
12354,16313,740,1574,3,,2023-06-03 19:19:26,2023-06
12355,16314,740,125,3,Decent experience.,2023-02-07 14:17:47,2023-02
12356,16314,125,740,3,Very clean car.,2023-02-07 15:07:47,2023-02
12357,16315,740,1653,4,,2022-05-02 23:54:23,2022-05
12358,16316,740,286,4,"Perfect trip, no issues.",2022-04-16 18:05:39,2022-04
12359,16317,246,2,5,Super friendly and helpful.,2023-01-02 04:50:21,2023-01
12360,16318,258,246,3,"Smooth ride, on time.",2023-08-12 04:05:58,2023-08
12361,16319,430,980,2,"Great driver, very professional!",2022-03-20 00:45:13,2022-03
12362,16321,980,1775,3,Average experience.,2023-10-09 03:46:17,2023-10
12363,16321,1775,980,4,"Excellent service, will ride again.",2023-10-09 04:16:17,2023-10
12364,16323,953,1702,3,Nothing to complain about.,2022-10-02 02:45:45,2022-10
12365,16326,953,412,5,Very clean car.,2022-07-29 05:35:55,2022-07
12366,16330,953,919,5,Car was spotless.,2022-04-13 23:45:59,2022-04
12367,16330,919,953,2,"Excellent service, will ride again.",2022-04-14 00:31:59,2022-04
12368,16331,1437,953,2,"Excellent service, will ride again.",2023-10-06 06:54:55,2023-10
12369,16332,953,1104,3,,2023-01-13 06:14:20,2023-01
12370,16333,543,953,5,,2023-05-10 15:50:03,2023-05
12371,16336,1343,953,4,Super friendly and helpful.,2023-01-12 10:46:52,2023-01
12372,16339,496,1350,4,"Easy pickup, no problems.",2022-08-07 23:34:49,2022-08
12373,16339,1350,496,4,,2022-08-08 00:49:49,2022-08
12374,16340,496,1739,4,,2022-02-10 23:33:26,2022-02
12375,16340,1739,496,4,"Excellent service, will ride again.",2022-02-11 01:00:26,2022-02
12376,16343,891,758,4,Very clean car.,2023-06-09 11:59:37,2023-06
12377,16345,758,777,5,,2023-06-29 11:13:31,2023-06
12378,16345,777,758,3,Very clean car.,2023-06-29 11:43:31,2023-06
12379,16346,758,339,2,,2024-05-12 21:59:11,2024-05
12380,16347,758,778,3,,2022-02-12 16:53:50,2022-02
12381,16348,758,97,3,Got there safely.,2024-06-07 15:31:16,2024-06
12382,16349,758,1584,4,,2022-04-20 23:11:59,2022-04
12383,16350,969,758,2,,2022-07-14 13:27:20,2022-07
12384,16351,758,142,4,,2023-11-25 05:52:03,2023-11
12385,16355,1794,758,4,Super friendly and helpful.,2024-05-25 05:01:43,2024-05
12386,16356,758,940,4,"5 stars, highly recommend!",2022-10-23 12:08:11,2022-10
12387,16357,758,1509,5,,2022-09-02 04:55:12,2022-09
12388,16358,758,207,3,Nothing to complain about.,2023-07-11 06:58:30,2023-07
12389,16359,758,833,5,,2022-10-19 00:32:02,2022-10
12390,16360,758,1497,5,"Perfect trip, no issues.",2023-10-20 04:14:52,2023-10
12391,16361,758,542,4,"Smooth ride, on time.",2023-02-25 06:00:30,2023-02
12392,16361,542,758,3,Super friendly and helpful.,2023-02-25 06:36:30,2023-02
12393,16362,758,1472,4,"Quick and efficient, thanks!",2023-03-18 20:23:38,2023-03
12394,16363,758,995,3,,2022-02-07 05:56:40,2022-02
12395,16364,758,1889,4,,2024-06-24 11:41:24,2024-06
12396,16366,758,1702,3,,2023-03-04 03:47:06,2023-03
12397,16367,758,947,5,,2023-02-05 05:38:08,2023-02
12398,16367,947,758,3,Very clean car.,2023-02-05 06:08:08,2023-02
12399,16370,758,1968,4,"Smooth ride, on time.",2024-01-31 16:31:50,2024-01
12400,16371,758,1380,4,,2022-11-07 04:54:47,2022-11
12401,16372,758,1324,2,,2022-10-28 12:55:03,2022-10
12402,16373,1081,758,4,Super friendly and helpful.,2023-08-24 18:06:08,2023-08
12403,16375,758,782,3,Got there safely.,2023-08-14 22:02:26,2023-08
12404,16376,758,1040,4,Very comfortable ride.,2022-02-04 07:49:55,2022-02
12405,16377,758,1288,4,Car was spotless.,2024-02-17 20:52:31,2024-02
12406,16379,132,758,3,"Great driver, very professional!",2023-12-22 11:05:04,2023-12
12407,16381,758,1301,4,,2022-01-02 23:14:56,2022-01
12408,16383,758,1472,4,,2023-09-09 06:42:49,2023-09
12409,16384,758,741,3,"OK trip, nothing special.",2022-06-17 09:47:01,2022-06
12410,16384,741,758,3,Super friendly and helpful.,2022-06-17 10:37:01,2022-06
12411,16386,758,1237,4,,2022-05-04 06:37:44,2022-05
12412,16386,1237,758,2,"Great driver, very professional!",2022-05-04 07:04:44,2022-05
12413,16389,758,1775,5,"Smooth ride, on time.",2022-07-29 12:41:05,2022-07
12414,16390,758,119,4,Super friendly and helpful.,2023-01-05 16:06:48,2023-01
12415,16391,331,758,3,,2022-10-08 23:03:48,2022-10
12416,16393,758,1237,4,"5 stars, highly recommend!",2024-05-21 12:16:52,2024-05
12417,16399,758,1181,5,,2022-12-02 23:20:06,2022-12
12418,16400,758,1403,4,,2022-05-26 09:07:35,2022-05
12419,16401,758,759,4,Very courteous driver.,2022-12-03 06:42:41,2022-12
12420,16401,759,758,3,,2022-12-03 06:39:41,2022-12
12421,16403,758,1741,3,,2022-07-03 16:58:27,2022-07
12422,16404,758,1041,4,,2024-01-03 20:22:34,2024-01
12423,16405,1828,758,3,,2023-12-02 22:35:06,2023-12
12424,16406,758,125,4,,2023-12-19 12:34:42,2023-12
12425,16408,825,758,4,Very clean car.,2022-10-08 05:29:50,2022-10
12426,16409,758,458,3,,2022-07-04 18:26:57,2022-07
12427,16413,758,883,4,,2022-01-14 15:45:01,2022-01
12428,16414,758,467,3,"OK trip, nothing special.",2022-10-25 15:37:22,2022-10
12429,16415,758,1343,4,"5 stars, highly recommend!",2022-07-16 02:16:24,2022-07
12430,16416,758,1461,4,,2023-11-15 14:40:55,2023-11
12431,16417,758,121,4,,2022-10-20 04:44:46,2022-10
12432,16417,121,758,3,"Smooth ride, on time.",2022-10-20 06:39:46,2022-10
12433,16418,758,488,4,,2023-03-06 18:48:05,2023-03
12434,16420,758,1053,2,Took a longer route.,2023-01-01 19:34:53,2023-01
12435,16420,1053,758,3,"Smooth ride, on time.",2023-01-01 20:48:53,2023-01
12436,16422,758,202,4,"5 stars, highly recommend!",2022-12-03 07:29:31,2022-12
12437,16422,202,758,2,Super friendly and helpful.,2022-12-03 07:58:31,2022-12
12438,16423,758,328,3,,2022-04-17 10:22:27,2022-04
12439,16423,328,758,3,Super friendly and helpful.,2022-04-17 11:08:27,2022-04
12440,16424,1693,222,5,Super friendly and helpful.,2023-09-28 01:39:46,2023-09
12441,16426,222,643,4,Very courteous driver.,2023-04-06 13:36:24,2023-04
12442,16428,222,1526,4,"Excellent service, will ride again.",2023-01-30 18:14:36,2023-01
12443,16430,222,1999,5,"Quick and efficient, thanks!",2023-11-14 12:57:40,2023-11
12444,16430,1999,222,2,"Great driver, very professional!",2023-11-14 15:24:40,2023-11
12445,16431,222,498,4,,2022-02-23 17:07:50,2022-02
12446,16431,498,222,2,Super friendly and helpful.,2022-02-23 18:10:50,2022-02
12447,16432,222,1011,4,"Easy pickup, no problems.",2022-01-30 18:27:47,2022-01
12448,16434,222,1477,4,"Quick and efficient, thanks!",2022-04-11 15:02:32,2022-04
12449,16436,222,1328,3,,2022-12-05 14:14:03,2022-12
12450,16436,1328,222,4,Very clean car.,2022-12-05 16:58:03,2022-12
12451,16438,222,891,4,,2024-06-20 02:51:29,2024-06
12452,16439,222,959,5,"Great rider, very polite.",2022-08-02 22:59:08,2022-08
12453,16445,549,315,4,Very clean car.,2022-01-19 00:37:39,2022-01
12454,16448,1861,1608,4,,2023-10-19 07:03:56,2023-10
12455,16449,1861,508,5,Very comfortable ride.,2022-08-10 00:58:29,2022-08
12456,16449,508,1861,3,"Great driver, very professional!",2022-08-10 00:30:29,2022-08
12457,16450,1230,324,5,Car was spotless.,2023-08-20 11:00:47,2023-08
12458,16451,932,1230,3,Super friendly and helpful.,2023-09-30 23:29:27,2023-09
12459,16456,467,1426,5,"Smooth ride, on time.",2024-02-24 16:03:02,2024-02
12460,16458,1426,1001,5,,2024-04-26 20:54:21,2024-04
12461,16458,1001,1426,3,"Excellent service, will ride again.",2024-04-26 20:56:21,2024-04
12462,16460,1426,1035,5,,2023-05-20 21:40:36,2023-05
12463,16462,1426,1790,3,,2023-06-15 19:39:16,2023-06
12464,16462,1790,1426,3,"Great driver, very professional!",2023-06-15 18:29:16,2023-06
12465,16463,1426,1736,4,,2023-12-22 11:15:43,2023-12
12466,16464,1426,1763,3,,2022-05-10 11:26:22,2022-05
12467,16464,1763,1426,2,Super friendly and helpful.,2022-05-10 11:04:22,2022-05
12468,16465,1426,1091,5,,2022-03-15 12:36:31,2022-03
12469,16466,1426,1001,5,,2022-10-05 13:18:53,2022-10
12470,16468,778,1426,4,,2023-05-14 08:52:09,2023-05
12471,16469,1529,1221,4,"Quick and efficient, thanks!",2023-02-18 17:23:32,2023-02
12472,16469,1221,1529,4,"Smooth ride, on time.",2023-02-18 18:02:32,2023-02
12473,16470,1529,1302,5,,2024-04-18 10:52:20,2024-04
12474,16472,1529,1889,1,Rough driving.,2023-03-20 07:06:40,2023-03
12475,16474,1621,1492,3,Fine driver.,2024-01-29 15:14:18,2024-01
12476,16475,1295,1210,4,,2023-02-16 09:26:11,2023-02
12477,16476,1295,779,4,,2022-11-02 19:03:14,2022-11
12478,16477,1295,1099,5,,2023-07-13 00:04:00,2023-07
12479,16478,1295,187,4,Super friendly and helpful.,2023-03-12 16:27:41,2023-03
12480,16480,1708,1035,5,,2023-11-11 15:23:48,2023-11
12481,16483,1708,891,5,,2022-04-30 14:08:18,2022-04
12482,16484,1708,224,3,Acceptable ride.,2022-01-07 03:05:30,2022-01
12483,16484,224,1708,4,"Excellent service, will ride again.",2022-01-07 03:22:30,2022-01
12484,16487,1170,1708,2,Very clean car.,2023-08-07 03:00:21,2023-08
12485,16488,1708,1965,3,,2023-03-11 14:09:35,2023-03
12486,16488,1965,1708,3,Super friendly and helpful.,2023-03-11 16:13:35,2023-03
12487,16489,1708,1828,5,"Easy pickup, no problems.",2023-02-02 10:11:59,2023-02
12488,16493,113,1828,5,"Excellent service, will ride again.",2022-01-06 11:28:50,2022-01
12489,16494,113,822,3,Fine driver.,2024-04-03 04:49:44,2024-04
12490,16496,113,969,4,"Easy pickup, no problems.",2024-06-06 15:33:26,2024-06
12491,16497,113,1497,5,,2022-01-31 01:11:03,2022-01
12492,16499,113,210,4,Loved the music selection!,2023-10-18 00:07:18,2023-10
12493,16503,1532,113,3,Super friendly and helpful.,2022-10-19 17:35:40,2022-10
12494,16504,113,542,4,Very courteous driver.,2022-08-21 02:41:13,2022-08
12495,16504,542,113,2,"Excellent service, will ride again.",2022-08-21 03:26:13,2022-08
12496,16506,113,1790,4,Car was spotless.,2022-04-24 08:45:47,2022-04
12497,16506,1790,113,3,"Great driver, very professional!",2022-04-24 09:01:47,2022-04
12498,16507,113,1044,4,Very clean car.,2022-02-19 12:05:16,2022-02
12499,16507,1044,113,4,"Smooth ride, on time.",2022-02-19 12:25:16,2022-02
12500,16508,113,1187,3,,2023-02-27 06:01:12,2023-02
12501,16512,113,1001,3,Got there safely.,2024-05-14 01:34:05,2024-05
12502,16512,1001,113,4,"Smooth ride, on time.",2024-05-14 01:59:05,2024-05
12503,16514,113,1941,3,Decent experience.,2024-06-10 12:41:11,2024-06
12504,16514,1941,113,4,"Excellent service, will ride again.",2024-06-10 11:49:11,2024-06
12505,16515,113,341,3,,2023-02-28 23:48:27,2023-02
12506,16515,341,113,4,"Excellent service, will ride again.",2023-02-28 23:32:27,2023-02
12507,16517,113,1702,3,,2023-11-14 12:21:18,2023-11
12508,16517,1702,113,4,Very clean car.,2023-11-14 12:16:18,2023-11
12509,16520,1794,113,2,"Great driver, very professional!",2022-09-22 07:55:25,2022-09
12510,16521,113,1948,4,"5 stars, highly recommend!",2024-03-16 07:08:27,2024-03
12511,16522,113,1081,5,,2023-08-07 22:00:11,2023-08
12512,16523,113,2,4,Very comfortable ride.,2023-03-23 12:59:18,2023-03
12513,16527,868,113,2,"Great driver, very professional!",2024-06-27 12:52:42,2024-06
12514,16528,194,113,5,"Smooth ride, on time.",2022-09-21 19:39:16,2022-09
12515,16530,113,1309,2,Driver was rude.,2024-05-08 11:58:39,2024-05
12516,16532,113,318,4,,2024-04-17 15:19:43,2024-04
12517,16533,113,1526,4,,2022-10-16 11:39:08,2022-10
12518,16534,113,883,5,"Great driver, very professional!",2023-01-19 09:02:02,2023-01
12519,16535,113,446,5,Car was spotless.,2022-04-26 01:56:45,2022-04
12520,16537,113,40,3,Average experience.,2023-04-29 17:43:33,2023-04
12521,16538,113,1812,3,Fine driver.,2024-06-01 01:25:12,2024-06
12522,16538,1812,113,4,"Smooth ride, on time.",2024-06-01 02:02:12,2024-06
12523,16541,113,139,4,,2022-05-17 04:51:31,2022-05
12524,16543,113,1088,4,Very clean car.,2022-02-07 10:27:21,2022-02
12525,16543,1088,113,5,Very clean car.,2022-02-07 12:06:21,2022-02
12526,16544,113,677,5,"Great rider, very polite.",2024-02-19 02:14:54,2024-02
12527,16545,113,693,3,,2022-03-16 17:07:26,2022-03
12528,16545,693,113,4,Super friendly and helpful.,2022-03-16 17:08:26,2022-03
12529,16548,113,1497,4,,2023-07-11 23:26:24,2023-07
12530,16549,113,335,3,,2022-08-28 05:05:58,2022-08
12531,16551,113,176,3,,2024-06-20 00:10:05,2024-06
12532,16551,176,113,5,Very clean car.,2024-06-20 00:36:05,2024-06
12533,16552,113,1286,4,,2023-04-04 15:25:11,2023-04
12534,16553,113,286,3,,2022-04-20 19:12:11,2022-04
12535,16554,113,834,3,Nothing to complain about.,2023-02-22 11:12:04,2023-02
12536,16556,113,187,4,,2023-02-15 07:12:01,2023-02
12537,16557,113,1841,3,,2023-05-11 09:10:56,2023-05
12538,16557,1841,113,4,Very clean car.,2023-05-11 10:11:56,2023-05
12539,16559,113,1343,4,"5 stars, highly recommend!",2023-11-02 01:41:09,2023-11
12540,16561,1830,113,4,"Smooth ride, on time.",2023-09-02 23:03:57,2023-09
12541,16562,113,1472,4,,2023-05-03 07:21:11,2023-05
12542,16563,113,941,3,Got there safely.,2023-12-15 13:21:13,2023-12
12543,16563,941,113,2,Very clean car.,2023-12-15 13:25:13,2023-12
12544,16564,299,1352,4,,2024-05-15 10:36:02,2024-05
12545,16564,1352,299,3,"Smooth ride, on time.",2024-05-15 09:15:02,2024-05
12546,16565,1081,299,3,Super friendly and helpful.,2022-07-27 10:53:37,2022-07
12547,16567,1471,299,4,"Smooth ride, on time.",2022-06-08 02:03:15,2022-06
12548,16569,1702,1886,2,Very clean car.,2022-02-02 11:49:38,2022-02
12549,16571,1564,1973,2,"Smooth ride, on time.",2023-05-22 13:38:33,2023-05
12550,16572,1973,1658,4,,2024-03-16 18:29:44,2024-03
12551,16572,1658,1973,4,Very clean car.,2024-03-16 20:48:44,2024-03
12552,16575,1773,179,3,,2023-10-03 22:05:30,2023-10
12553,16576,1773,868,3,,2023-05-05 00:31:32,2023-05
12554,16577,1773,543,3,,2024-01-17 00:29:38,2024-01
12555,16579,1773,508,5,Very comfortable ride.,2023-04-28 14:06:10,2023-04
12556,16581,1590,1773,4,Super friendly and helpful.,2023-03-01 15:03:11,2023-03
12557,16582,1773,959,5,"Easy pickup, no problems.",2022-04-13 15:26:05,2022-04
12558,16584,494,1773,3,"Great driver, very professional!",2024-02-14 05:19:06,2024-02
12559,16585,1135,1773,3,,2024-01-08 14:42:22,2024-01
12560,16586,1608,1773,4,Very clean car.,2024-05-12 00:56:06,2024-05
12561,16587,1773,508,4,,2024-02-06 06:36:25,2024-02
12562,16587,508,1773,3,,2024-02-06 07:26:25,2024-02
12563,16593,1881,1773,5,"Excellent service, will ride again.",2023-08-05 10:26:26,2023-08
12564,16594,1181,1773,4,Super friendly and helpful.,2024-02-26 20:25:29,2024-02
12565,16595,1773,1091,5,,2022-03-15 04:08:29,2022-03
12566,16595,1091,1773,4,Super friendly and helpful.,2022-03-15 04:18:29,2022-03
12567,16596,1773,1210,5,"5 stars, highly recommend!",2022-02-22 14:56:06,2022-02
12568,16597,1773,1812,3,,2023-09-24 22:46:18,2023-09
12569,16600,1773,919,4,Very clean car.,2023-04-01 13:46:29,2023-04
12570,16601,1773,919,4,,2022-03-13 06:56:55,2022-03
12571,16601,919,1773,5,"Smooth ride, on time.",2022-03-13 06:33:55,2022-03
12572,16602,1773,929,4,,2023-09-21 16:05:52,2023-09
12573,16603,1773,485,5,Very clean car.,2022-03-29 19:55:33,2022-03
12574,16606,1773,1494,4,,2023-02-28 18:12:58,2023-02
12575,16606,1494,1773,4,Super friendly and helpful.,2023-02-28 18:49:58,2023-02
12576,16607,1773,765,5,,2022-02-18 01:31:48,2022-02
12577,16608,1773,120,3,"OK trip, nothing special.",2024-03-31 08:57:41,2024-03
12578,16608,120,1773,3,"Excellent service, will ride again.",2024-03-31 10:30:41,2024-03
12579,16610,1773,1948,4,"Smooth ride, on time.",2022-11-11 05:54:26,2022-11
12580,16613,1773,1197,3,Trip was okay.,2024-03-09 21:43:34,2024-03
12581,16614,1773,1413,3,Nothing to complain about.,2023-11-04 01:03:21,2023-11
12582,16614,1413,1773,3,Super friendly and helpful.,2023-11-04 02:45:21,2023-11
12583,16616,1773,1526,4,,2024-02-23 07:07:05,2024-02
12584,16616,1526,1773,4,Super friendly and helpful.,2024-02-23 07:19:05,2024-02
12585,16617,1773,1561,4,,2023-08-24 10:54:01,2023-08
12586,16618,1773,665,4,"Excellent service, will ride again.",2023-09-01 16:20:25,2023-09
12587,16621,1773,570,3,,2022-01-20 23:14:01,2022-01
12588,16622,1773,1394,4,"Perfect trip, no issues.",2022-03-06 19:44:34,2022-03
12589,16623,1773,1187,3,,2022-11-28 21:10:28,2022-11
12590,16624,1773,1479,4,Very comfortable ride.,2023-09-29 03:47:24,2023-09
12591,16628,1773,485,4,"Great rider, very polite.",2022-02-11 21:11:57,2022-02
12592,16632,1773,1011,4,,2024-06-06 16:06:16,2024-06
12593,16634,1773,1053,3,Nothing to complain about.,2022-11-27 15:46:58,2022-11
12594,16636,1400,1334,4,"Excellent service, will ride again.",2022-05-01 03:28:03,2022-05
12595,16637,1334,1574,4,"5 stars, highly recommend!",2022-02-23 08:04:49,2022-02
12596,16637,1574,1334,3,"Smooth ride, on time.",2022-02-23 08:36:49,2022-02
12597,16639,1334,14,4,,2024-03-10 18:56:14,2024-03
12598,16639,14,1334,4,"Smooth ride, on time.",2024-03-10 20:50:14,2024-03
12599,16640,1507,1334,2,Very clean car.,2022-04-13 05:29:36,2022-04
12600,16641,1334,118,4,"Smooth ride, on time.",2023-07-29 03:20:40,2023-07
12601,16641,118,1334,3,Very clean car.,2023-07-29 04:02:40,2023-07
12602,16644,1334,1941,4,"Great driver, very professional!",2022-11-24 23:07:20,2022-11
12603,16646,1334,1564,3,,2023-04-29 06:14:26,2023-04
12604,16647,1334,131,3,Fine driver.,2024-03-30 04:16:47,2024-03
12605,16650,1334,800,3,Got there safely.,2023-03-02 10:10:04,2023-03
12606,16652,168,1991,5,"Smooth ride, on time.",2022-09-18 13:59:27,2022-09
12607,16653,168,1658,3,,2022-10-17 16:20:05,2022-10
12608,16654,168,1207,2,Rough driving.,2024-01-21 11:20:03,2024-01
12609,16654,1207,168,4,Very clean car.,2024-01-21 12:28:03,2024-01
12610,16657,168,458,3,"OK trip, nothing special.",2024-05-14 16:11:09,2024-05
12611,16658,779,168,3,"Smooth ride, on time.",2023-08-29 13:57:52,2023-08
12612,16659,31,168,5,Very clean car.,2024-01-15 23:35:40,2024-01
12613,16660,139,168,3,"Smooth ride, on time.",2024-04-26 05:47:47,2024-04
12614,16661,168,776,3,,2022-05-11 02:43:46,2022-05
12615,16663,1081,168,3,"Smooth ride, on time.",2023-12-29 20:17:28,2023-12
12616,16667,42,1427,3,Trip was okay.,2023-02-23 14:41:47,2023-02
12617,16668,42,959,4,"Easy pickup, no problems.",2023-11-16 06:54:22,2023-11
12618,16672,8,1343,4,Loved the music selection!,2022-11-03 14:25:54,2022-11
12619,16673,8,341,5,,2022-10-28 10:36:22,2022-10
12620,16674,8,1356,5,,2023-02-15 00:04:39,2023-02
12621,16675,8,293,3,Fine driver.,2022-08-14 14:05:20,2022-08
12622,16678,8,147,4,Loved the music selection!,2023-07-10 09:29:44,2023-07
12623,16679,8,121,4,,2023-09-11 17:10:13,2023-09
12624,16680,8,258,4,Very courteous driver.,2022-02-25 08:39:31,2022-02
12625,16682,8,1795,3,,2022-12-17 05:18:47,2022-12
12626,16684,271,8,3,"Great driver, very professional!",2023-10-14 13:13:24,2023-10
12627,16685,8,477,5,,2022-02-21 09:14:59,2022-02
12628,16686,457,155,5,Very comfortable ride.,2023-03-18 21:46:38,2023-03
12629,16686,155,457,4,"Great driver, very professional!",2023-03-18 23:06:38,2023-03
12630,16687,457,1947,3,"OK trip, nothing special.",2024-04-27 04:00:16,2024-04
12631,16688,457,1991,4,,2022-09-03 21:01:29,2022-09
12632,16688,1991,457,3,"Excellent service, will ride again.",2022-09-03 21:48:29,2022-09
12633,16689,457,1561,5,"Great rider, very polite.",2024-06-05 14:32:12,2024-06
12634,16691,457,1170,5,,2023-02-15 07:18:42,2023-02
12635,16692,457,1741,3,Decent experience.,2024-05-07 12:28:34,2024-05
12636,16693,457,1471,4,Very courteous driver.,2023-08-20 17:48:58,2023-08
12637,16693,1471,457,3,"Smooth ride, on time.",2023-08-20 18:19:58,2023-08
12638,16694,457,1894,3,,2023-02-02 03:59:46,2023-02
12639,16695,1041,457,3,Very clean car.,2022-07-28 00:56:23,2022-07
12640,16697,457,225,3,,2022-04-26 20:29:52,2022-04
12641,16699,457,1450,4,Car was spotless.,2023-12-14 16:20:34,2023-12
12642,16700,457,1812,3,,2023-11-08 05:10:33,2023-11
12643,16702,457,1371,5,,2022-04-20 23:52:16,2022-04
12644,16702,1371,457,3,"Excellent service, will ride again.",2022-04-21 00:35:16,2022-04
12645,16703,457,1336,5,,2022-06-09 02:17:27,2022-06
12646,16704,601,457,4,Very clean car.,2023-10-25 17:28:52,2023-10
12647,16706,1081,457,5,Very clean car.,2024-01-08 13:59:37,2024-01
12648,16707,457,825,4,,2023-11-06 07:42:43,2023-11
12649,16707,825,457,4,"Smooth ride, on time.",2023-11-06 07:16:43,2023-11
12650,16709,457,866,4,"Great driver, very professional!",2022-07-07 02:07:54,2022-07
12651,16709,866,457,3,,2022-07-07 02:47:54,2022-07
12652,16711,457,1532,4,"Great rider, very polite.",2022-09-21 14:04:48,2022-09
12653,16712,457,1301,5,,2022-05-19 21:01:55,2022-05
12654,16715,457,1060,5,Fast and safe driver.,2024-04-04 22:36:56,2024-04
12655,16715,1060,457,4,"Smooth ride, on time.",2024-04-04 23:23:56,2024-04
12656,16717,1999,457,2,"Great driver, very professional!",2023-09-29 00:56:26,2023-09
12657,16719,457,258,4,,2024-02-11 01:48:39,2024-02
12658,16720,457,318,3,,2024-04-09 02:52:02,2024-04
12659,16721,1207,457,2,Very clean car.,2023-02-28 07:04:08,2023-02
12660,16722,457,883,3,,2022-07-06 01:22:23,2022-07
12661,16723,600,97,3,"OK trip, nothing special.",2024-05-02 20:51:17,2024-05
12662,16724,959,600,4,Very clean car.,2024-06-12 10:30:20,2024-06
12663,16725,506,600,5,,2023-12-16 16:17:12,2023-12
12664,16726,1403,600,4,"Great driver, very professional!",2023-09-30 13:01:12,2023-09
12665,16729,484,155,4,,2023-06-26 01:17:55,2023-06
12666,16730,484,1141,3,,2024-06-12 02:57:44,2024-06
12667,16730,1141,484,3,Very clean car.,2024-06-12 03:49:44,2024-06
12668,16731,1355,484,4,"Excellent service, will ride again.",2023-07-17 03:38:00,2023-07
12669,16733,38,766,4,Very comfortable ride.,2023-06-21 22:52:42,2023-06
12670,16734,304,1607,4,,2022-08-13 04:06:38,2022-08
12671,16738,112,1207,3,,2024-05-03 13:34:45,2024-05
12672,16740,112,389,3,Average experience.,2022-03-23 17:28:19,2022-03
12673,16740,389,112,4,,2022-03-23 16:51:19,2022-03
12674,16741,112,176,3,Trip was okay.,2023-07-28 03:05:23,2023-07
12675,16742,1658,112,5,"Smooth ride, on time.",2022-10-05 17:53:46,2022-10
12676,16744,112,1981,4,,2023-05-03 21:06:55,2023-05
12677,16745,112,1640,4,"Smooth ride, on time.",2023-03-19 11:13:11,2023-03
12678,16746,112,1267,4,,2023-10-04 17:51:34,2023-10
12679,16747,112,162,3,,2023-02-23 16:36:58,2023-02
12680,16748,112,543,4,Fast and safe driver.,2023-12-03 01:30:03,2023-12
12681,16749,112,288,3,Average experience.,2022-02-21 17:10:56,2022-02
12682,16751,112,1336,3,,2022-06-29 03:24:29,2022-06
12683,16752,112,202,4,"Great driver, very professional!",2022-02-26 22:58:48,2022-02
12684,16753,112,748,4,Fast and safe driver.,2024-01-30 19:12:40,2024-01
12685,16753,748,112,4,Very clean car.,2024-01-30 20:50:40,2024-01
12686,16755,112,1099,5,"Great driver, very professional!",2024-05-10 19:47:14,2024-05
12687,16755,1099,112,4,,2024-05-10 20:29:14,2024-05
12688,16756,112,564,5,,2022-07-15 17:21:41,2022-07
12689,16756,564,112,3,,2022-07-15 16:58:41,2022-07
12690,16759,112,932,5,"Easy pickup, no problems.",2023-02-12 20:03:12,2023-02
12691,16760,477,313,3,Super friendly and helpful.,2022-08-08 20:11:03,2022-08
12692,16761,313,293,5,,2022-11-16 19:28:56,2022-11
12693,16763,313,1356,4,,2022-07-28 02:22:13,2022-07
12694,16764,313,139,4,Fast and safe driver.,2022-12-06 08:51:35,2022-12
12695,16764,139,313,2,,2022-12-06 09:03:35,2022-12
12696,16765,65,313,2,Super friendly and helpful.,2023-12-28 00:54:40,2023-12
12697,16766,313,1237,5,"Great rider, very polite.",2024-06-24 01:03:58,2024-06
12698,16766,1237,313,4,"Excellent service, will ride again.",2024-06-24 02:26:58,2024-06
12699,16767,313,1084,2,Took too long.,2024-01-20 10:49:38,2024-01
12700,16767,1084,313,5,Super friendly and helpful.,2024-01-20 11:36:38,2024-01
12701,16769,1993,313,3,"Smooth ride, on time.",2024-05-12 17:03:12,2024-05
12702,16770,313,433,4,,2023-09-01 09:07:04,2023-09
12703,16770,433,313,1,Very clean car.,2023-09-01 09:35:04,2023-09
12704,16771,313,1477,5,"5 stars, highly recommend!",2023-11-11 22:42:19,2023-11
12705,16771,1477,313,3,"Excellent service, will ride again.",2023-11-11 23:21:19,2023-11
12706,16772,313,1281,3,Decent experience.,2022-12-03 21:52:54,2022-12
12707,16773,1955,313,3,"Great driver, very professional!",2023-08-18 22:47:09,2023-08
12708,16774,313,1830,4,,2023-06-05 09:46:19,2023-06
12709,16775,313,1826,3,,2022-12-06 12:49:41,2022-12
12710,16777,313,324,5,"Quick and efficient, thanks!",2024-03-02 00:41:13,2024-03
12711,16777,324,313,2,"Great driver, very professional!",2024-03-02 00:39:13,2024-03
12712,16778,1386,313,3,Very clean car.,2023-07-27 11:24:24,2023-07
12713,16781,313,782,3,,2023-06-11 17:39:48,2023-06
12714,16782,313,878,4,"Excellent service, will ride again.",2024-06-11 19:53:53,2024-06
12715,16782,878,313,4,Very clean car.,2024-06-11 19:39:53,2024-06
12716,16783,313,690,5,,2022-03-21 19:24:14,2022-03
12717,16787,558,571,5,"Quick and efficient, thanks!",2023-09-16 05:51:01,2023-09
12718,16790,558,647,5,"Excellent service, will ride again.",2022-05-23 18:36:50,2022-05
12719,16791,558,1702,3,,2024-05-26 18:00:50,2024-05
12720,16792,558,1526,3,Acceptable ride.,2022-12-25 02:54:32,2022-12
12721,16794,558,65,4,,2024-05-09 10:16:39,2024-05
12722,16794,65,558,4,Very clean car.,2024-05-09 11:04:39,2024-05
12723,16795,558,1477,3,Average experience.,2023-11-14 15:52:24,2023-11
12724,16798,558,898,5,"Smooth ride, on time.",2022-10-07 00:38:59,2022-10
12725,16798,898,558,3,Very clean car.,2022-10-06 23:46:59,2022-10
12726,16800,558,1975,5,"5 stars, highly recommend!",2023-10-24 12:29:52,2023-10
12727,16802,558,376,3,,2022-04-04 00:17:20,2022-04
12728,16805,558,1558,3,Trip was okay.,2022-04-13 14:13:07,2022-04
12729,16809,558,224,3,,2024-01-18 21:00:15,2024-01
12730,16810,558,647,3,,2023-10-19 04:15:26,2023-10
12731,16812,1478,997,2,Took too long.,2022-06-07 23:48:48,2022-06
12732,16812,997,1478,4,Very clean car.,2022-06-07 23:29:48,2022-06
12733,16813,1478,1413,4,"Smooth ride, on time.",2022-06-06 00:01:22,2022-06
12734,16816,1478,1355,4,,2022-05-24 01:28:30,2022-05
12735,16816,1355,1478,3,Very clean car.,2022-05-24 02:45:30,2022-05
12736,16817,129,940,5,Very clean car.,2022-04-20 23:44:30,2022-04
12737,16817,940,129,4,"Great driver, very professional!",2022-04-20 23:54:30,2022-04
12738,16819,129,1227,5,,2023-09-16 16:17:19,2023-09
12739,16820,129,104,3,,2023-02-25 14:45:18,2023-02
12740,16821,129,1693,3,,2023-08-05 11:51:42,2023-08
12741,16821,1693,129,3,"Smooth ride, on time.",2023-08-05 13:49:42,2023-08
12742,16822,129,1397,3,Decent experience.,2024-02-25 00:38:37,2024-02
12743,16823,194,129,4,,2023-09-24 00:03:49,2023-09
12744,16824,129,1741,3,Decent experience.,2022-03-15 00:47:06,2022-03
12745,16829,129,194,5,,2023-06-10 18:39:26,2023-06
12746,16831,129,155,4,Very clean car.,2022-12-08 17:48:14,2022-12
12747,16831,155,129,4,"Smooth ride, on time.",2022-12-08 19:42:14,2022-12
12748,16832,129,929,4,,2023-08-12 01:07:47,2023-08
12749,16832,929,129,4,"Smooth ride, on time.",2023-08-12 01:38:47,2023-08
12750,16833,129,1494,5,,2023-01-27 12:23:13,2023-01
12751,16833,1494,129,5,Super friendly and helpful.,2023-01-27 12:55:13,2023-01
12752,16835,129,748,5,Fast and safe driver.,2024-06-26 03:19:09,2024-06
12753,16835,748,129,5,"Smooth ride, on time.",2024-06-26 02:32:09,2024-06
12754,16839,822,129,3,"Smooth ride, on time.",2024-05-10 02:44:44,2024-05
12755,16842,129,199,3,,2024-02-24 13:26:02,2024-02
12756,16843,129,553,4,,2024-01-27 22:49:02,2024-01
12757,16844,129,929,4,,2024-06-02 06:48:53,2024-06
12758,16845,129,1099,5,,2023-02-17 05:47:09,2023-02
12759,16846,129,1558,2,Took a longer route.,2023-10-01 08:49:47,2023-10
12760,16847,129,1955,4,,2022-04-10 07:07:29,2022-04
12761,16847,1955,129,3,Very clean car.,2022-04-10 06:43:29,2022-04
12762,16848,129,1991,4,Very courteous driver.,2023-12-09 07:56:16,2023-12
12763,16849,129,1984,5,,2022-01-21 06:12:45,2022-01
12764,16851,129,1091,5,,2023-07-11 06:55:20,2023-07
12765,16852,129,544,5,"Smooth ride, on time.",2024-03-30 03:40:08,2024-03
12766,16854,129,199,4,,2023-03-18 04:59:24,2023-03
12767,16856,1840,570,4,,2022-01-05 23:00:40,2022-01
12768,16858,1320,1472,4,,2023-12-05 11:11:24,2023-12
12769,16860,1810,331,4,,2022-08-26 17:34:46,2022-08
12770,16861,1739,1810,4,"Smooth ride, on time.",2023-11-25 01:40:37,2023-11
12771,16865,406,1794,4,"Smooth ride, on time.",2023-10-04 18:50:32,2023-10
12772,16866,1091,1002,3,"Excellent service, will ride again.",2023-11-17 13:38:00,2023-11
12773,16868,351,1002,4,"Smooth ride, on time.",2022-05-14 01:57:15,2022-05
12774,16870,1002,469,3,Fine driver.,2023-09-26 07:42:54,2023-09
12775,16871,76,1104,3,,2023-06-19 04:46:54,2023-06
12776,16872,76,66,5,,2023-01-01 05:44:35,2023-01
12777,16873,76,485,3,,2024-02-09 14:51:37,2024-02
12778,16875,76,430,3,Fine driver.,2024-06-19 03:46:42,2024-06
12779,16876,76,959,4,Car was spotless.,2022-12-31 22:15:31,2022-12
12780,16880,76,119,3,Decent experience.,2023-07-31 08:30:23,2023-07
12781,16887,76,1288,3,,2023-02-24 00:09:06,2023-02
12782,16890,974,76,5,"Great driver, very professional!",2023-12-25 02:22:48,2023-12
12783,16891,1274,1472,5,,2022-12-20 01:40:59,2022-12
12784,16895,295,506,5,"Great rider, very polite.",2024-06-27 04:19:22,2024-06
12785,16896,295,1713,5,"5 stars, highly recommend!",2023-04-30 08:42:47,2023-04
12786,16899,295,1471,5,,2022-08-24 15:48:23,2022-08
12787,16900,295,860,3,Nothing to complain about.,2023-01-26 02:11:07,2023-01
12788,16901,1087,295,4,"Great driver, very professional!",2023-12-25 04:55:07,2023-12
12789,16902,295,1430,5,"Easy pickup, no problems.",2024-01-30 14:49:20,2024-01
12790,16903,1983,295,4,"Excellent service, will ride again.",2023-02-22 19:52:53,2023-02
12791,16905,295,571,4,,2022-05-12 11:25:59,2022-05
12792,16916,392,1755,4,"Quick and efficient, thanks!",2022-04-25 07:51:06,2022-04
12793,16917,392,179,3,Got there safely.,2023-07-06 05:05:50,2023-07
12794,16921,272,759,3,,2022-08-05 02:06:49,2022-08
12795,16922,272,341,5,,2023-10-04 09:02:31,2023-10
12796,16923,272,1547,5,"Smooth ride, on time.",2022-11-26 13:52:41,2022-11
12797,16923,1547,272,4,"Smooth ride, on time.",2022-11-26 15:08:41,2022-11
12798,16924,272,194,3,"OK trip, nothing special.",2022-04-19 11:13:51,2022-04
12799,16926,272,1286,3,"OK trip, nothing special.",2023-03-22 02:56:01,2023-03
12800,16927,272,1288,4,Very courteous driver.,2023-02-08 08:27:57,2023-02
12801,16927,1288,272,4,,2023-02-08 09:36:57,2023-02
12802,16929,498,1771,3,Super friendly and helpful.,2022-04-06 23:12:51,2022-04
12803,16931,620,225,4,,2023-07-26 20:45:22,2023-07
12804,16933,615,748,4,,2023-10-17 15:08:17,2023-10
12805,16933,748,615,4,Super friendly and helpful.,2023-10-17 17:46:17,2023-10
12806,16936,543,615,3,Very clean car.,2022-10-17 15:02:14,2022-10
12807,16937,615,229,4,Loved the music selection!,2022-08-04 04:03:48,2022-08
12808,16938,615,510,4,Very comfortable ride.,2022-03-15 09:51:34,2022-03
12809,16939,615,1386,5,Car was spotless.,2024-03-05 08:52:11,2024-03
12810,16942,615,1286,4,,2022-04-11 21:07:01,2022-04
12811,16943,615,1336,4,"Great driver, very professional!",2023-03-19 10:39:31,2023-03
12812,16944,615,728,4,"Quick and efficient, thanks!",2022-05-14 09:28:50,2022-05
12813,16944,728,615,4,Super friendly and helpful.,2022-05-14 09:03:50,2022-05
12814,16949,615,1981,4,,2024-01-01 11:37:23,2024-01
12815,16950,615,1438,4,,2024-01-30 15:34:55,2024-01
12816,16951,615,1373,4,,2024-05-13 23:13:39,2024-05
12817,16954,615,433,5,"Great driver, very professional!",2024-01-04 14:00:58,2024-01
12818,16957,142,615,3,"Smooth ride, on time.",2024-03-12 21:49:30,2024-03
12819,16958,1569,615,3,Very clean car.,2023-08-27 15:33:11,2023-08
12820,16959,615,1492,2,,2022-01-21 18:34:27,2022-01
12821,16960,615,1956,3,Fine driver.,2022-10-04 05:01:53,2022-10
12822,16960,1956,615,2,Very clean car.,2022-10-04 07:16:53,2022-10
12823,16962,615,324,4,,2023-01-04 04:29:29,2023-01
12824,16964,615,202,4,,2022-07-23 01:41:18,2022-07
12825,16969,615,1356,3,Acceptable ride.,2022-09-18 04:36:00,2022-09
12826,16971,615,510,3,,2023-12-05 08:30:27,2023-12
12827,16971,510,615,3,Very clean car.,2023-12-05 10:58:27,2023-12
12828,16973,615,190,3,,2022-01-06 20:55:48,2022-01
12829,16974,615,665,2,Driver was rude.,2023-10-18 04:41:59,2023-10
12830,16974,665,615,4,Super friendly and helpful.,2023-10-18 03:20:59,2023-10
12831,16975,230,615,3,Very clean car.,2024-03-25 10:58:18,2024-03
12832,16976,615,593,4,,2022-09-13 03:09:21,2022-09
12833,16977,615,1139,4,"5 stars, highly recommend!",2024-06-05 09:17:51,2024-06
12834,16977,1139,615,4,"Excellent service, will ride again.",2024-06-05 10:40:51,2024-06
12835,16978,615,1099,4,,2024-06-08 19:51:44,2024-06
12836,16978,1099,615,4,Super friendly and helpful.,2024-06-08 21:32:44,2024-06
12837,16979,615,1437,4,,2022-08-27 19:50:02,2022-08
12838,16979,1437,615,4,Super friendly and helpful.,2022-08-27 20:16:02,2022-08
12839,16980,615,1352,3,,2023-11-23 20:51:42,2023-11
12840,16983,615,1450,3,,2022-12-03 10:02:06,2022-12
12841,16984,615,1727,5,Super friendly and helpful.,2022-04-20 18:53:35,2022-04
12842,16985,615,1084,3,Average experience.,2022-01-09 02:34:24,2022-01
12843,16986,615,940,5,"5 stars, highly recommend!",2023-10-26 00:52:26,2023-10
12844,16987,615,1828,4,,2022-04-26 00:52:21,2022-04
12845,16989,615,543,5,Super friendly and helpful.,2024-04-25 02:01:34,2024-04
12846,16992,615,1564,3,,2022-03-16 00:57:08,2022-03
12847,16994,615,647,3,Acceptable ride.,2022-01-13 21:21:53,2022-01
12848,16998,615,940,5,Very courteous driver.,2022-05-25 01:22:54,2022-05
12849,16999,615,920,2,,2022-02-22 00:24:18,2022-02
12850,16999,920,615,4,"Smooth ride, on time.",2022-02-22 02:39:18,2022-02
12851,17000,615,142,4,,2024-03-17 15:16:22,2024-03
12852,17002,615,1001,4,,2023-06-12 23:05:15,2023-06
12853,17003,615,1221,4,,2022-05-24 09:33:38,2022-05
12854,17005,1507,615,3,,2024-04-01 12:47:17,2024-04
12855,17009,1060,1332,3,,2024-05-15 06:47:39,2024-05
12856,17010,1332,891,4,"Excellent service, will ride again.",2023-02-12 11:38:33,2023-02
12857,17012,52,1332,4,"Excellent service, will ride again.",2023-04-11 08:04:41,2023-04
12858,17013,1332,1492,4,Very clean car.,2023-12-07 09:48:27,2023-12
12859,17013,1492,1332,3,Super friendly and helpful.,2023-12-07 11:18:27,2023-12
12860,17014,1332,920,2,Took too long.,2022-04-13 11:05:00,2022-04
12861,17015,1332,564,4,Very clean car.,2024-04-29 19:42:03,2024-04
12862,17016,1332,323,4,"Perfect trip, no issues.",2023-02-06 21:08:07,2023-02
12863,17017,1825,420,3,Super friendly and helpful.,2022-07-10 20:39:38,2022-07
12864,17018,420,1526,3,,2022-07-26 05:56:26,2022-07
12865,17018,1526,420,4,"Excellent service, will ride again.",2022-07-26 05:22:26,2022-07
12866,17019,420,1590,4,,2024-06-12 13:50:26,2024-06
12867,17019,1590,420,3,"Excellent service, will ride again.",2024-06-12 14:55:26,2024-06
12868,17020,420,1400,4,,2023-09-10 23:26:26,2023-09
12869,17020,1400,420,2,"Great driver, very professional!",2023-09-11 00:03:26,2023-09
12870,17021,1749,119,4,,2024-02-13 17:49:55,2024-02
12871,17021,119,1749,2,Super friendly and helpful.,2024-02-13 16:56:55,2024-02
12872,17023,1749,1709,2,Not very clean.,2022-03-11 08:57:35,2022-03
12873,17023,1709,1749,4,"Great driver, very professional!",2022-03-11 10:11:35,2022-03
12874,17024,1139,1749,4,"Smooth ride, on time.",2022-01-27 11:00:51,2022-01
12875,17025,1749,1477,4,,2023-02-17 17:37:47,2023-02
12876,17027,1749,570,4,,2023-08-03 08:07:30,2023-08
12877,17028,1749,602,4,"Great driver, very professional!",2023-01-05 11:15:28,2023-01
12878,17029,1749,1983,4,,2024-03-25 05:17:25,2024-03
12879,17030,1749,1141,4,Loved the music selection!,2022-04-14 15:09:43,2022-04
12880,17030,1141,1749,3,"Excellent service, will ride again.",2022-04-14 15:39:43,2022-04
12881,17033,40,1749,4,Super friendly and helpful.,2022-12-08 15:44:45,2022-12
12882,17035,1749,1206,5,,2024-04-03 05:18:41,2024-04
12883,17038,1749,1526,4,,2022-08-26 06:54:44,2022-08
12884,17039,1749,1311,3,Fine driver.,2022-08-17 04:22:10,2022-08
12885,17042,1749,1947,3,Nothing to complain about.,2024-01-12 12:59:55,2024-01
12886,17044,1984,1518,5,Very clean car.,2023-09-26 19:14:31,2023-09
12887,17045,591,929,4,,2023-07-11 12:20:11,2023-07
12888,17046,591,1477,4,,2022-04-27 11:43:50,2022-04
12889,17048,1663,1134,2,Car smelled bad.,2023-05-22 16:12:01,2023-05
12890,17051,533,941,3,,2022-10-18 21:13:08,2022-10
12891,17054,533,1091,3,,2023-05-11 14:15:57,2023-05
12892,17055,348,825,5,,2022-12-12 16:36:58,2022-12
12893,17056,348,602,3,,2022-09-06 15:31:05,2022-09
12894,17056,602,348,3,"Smooth ride, on time.",2022-09-06 14:06:05,2022-09
12895,17057,726,348,4,"Excellent service, will ride again.",2023-03-27 02:30:44,2023-03
12896,17059,645,348,5,"Smooth ride, on time.",2022-02-25 17:55:25,2022-02
12897,17060,878,348,3,Super friendly and helpful.,2024-06-16 19:00:05,2024-06
12898,17063,348,323,3,,2022-06-27 15:12:34,2022-06
12899,17065,689,1987,5,"Excellent service, will ride again.",2022-11-15 05:36:41,2022-11
12900,17066,1962,1410,5,"Smooth ride, on time.",2022-11-28 21:29:46,2022-11
12901,17066,1410,1962,3,,2022-11-28 23:25:46,2022-11
12902,17069,1962,570,3,Average experience.,2022-06-21 18:07:01,2022-06
12903,17070,655,705,3,,2024-06-10 13:51:37,2024-06
12904,17071,655,1170,4,,2024-02-25 07:31:03,2024-02
12905,17071,1170,655,3,"Great driver, very professional!",2024-02-25 07:54:03,2024-02
12906,17072,655,256,4,,2023-12-11 20:02:01,2023-12
12907,17073,655,608,4,Very courteous driver.,2022-09-27 05:28:28,2022-09
12908,17074,655,1775,3,Nothing to complain about.,2024-06-24 23:33:36,2024-06
12909,17074,1775,655,2,Very clean car.,2024-06-24 23:34:36,2024-06
12910,17075,655,1288,4,Very comfortable ride.,2023-06-18 07:25:40,2023-06
12911,17076,655,458,5,Very comfortable ride.,2023-11-16 06:51:01,2023-11
12912,17077,655,1371,4,"Great rider, very polite.",2024-05-18 07:56:48,2024-05
12913,17078,655,549,5,,2023-02-12 12:17:07,2023-02
12914,17079,655,766,3,Trip was okay.,2024-06-20 16:22:24,2024-06
12915,17079,766,655,4,Very clean car.,2024-06-20 16:10:24,2024-06
12916,17082,655,44,3,,2023-01-18 08:41:14,2023-01
12917,17082,44,655,4,"Great driver, very professional!",2023-01-18 08:53:14,2023-01
12918,17083,655,825,3,,2024-03-08 20:48:20,2024-03
12919,17085,655,1410,5,"Perfect trip, no issues.",2022-04-02 18:18:23,2022-04
12920,17087,973,1060,4,Very clean car.,2024-03-28 00:00:16,2024-03
12921,17088,1382,147,4,,2023-09-16 17:21:49,2023-09
12922,17088,147,1382,4,Very clean car.,2023-09-16 17:58:49,2023-09
12923,17090,1382,919,5,Loved the music selection!,2023-01-26 20:34:27,2023-01
12924,17090,919,1382,4,,2023-01-26 20:16:27,2023-01
12925,17091,119,1382,2,Very clean car.,2023-12-27 03:16:46,2023-12
12926,17092,1534,136,3,,2023-10-09 06:01:12,2023-10
12927,17093,139,239,2,"Excellent service, will ride again.",2023-07-07 04:58:51,2023-07
12928,17095,239,1764,3,Acceptable ride.,2023-04-20 14:54:21,2023-04
12929,17096,239,202,4,"Easy pickup, no problems.",2023-02-10 10:18:04,2023-02
12930,17097,90,1653,3,Trip was okay.,2024-03-10 11:44:53,2024-03
12931,17097,1653,90,4,Super friendly and helpful.,2024-03-10 12:15:53,2024-03
12932,17100,963,1826,4,"Excellent service, will ride again.",2024-06-26 21:00:53,2024-06
12933,17101,963,1267,4,,2022-01-09 09:07:55,2022-01
12934,17102,229,963,2,"Smooth ride, on time.",2024-06-26 19:37:40,2024-06
12935,17108,360,65,4,,2023-11-03 21:45:54,2023-11
12936,17109,811,1745,3,"Excellent service, will ride again.",2024-05-31 11:48:30,2024-05
12937,17111,1151,1324,3,,2024-05-01 16:58:08,2024-05
12938,17112,1151,187,5,,2023-06-26 18:02:16,2023-06
12939,17115,1151,1651,5,Super friendly and helpful.,2023-03-01 07:26:13,2023-03
12940,17117,707,1099,4,,2022-11-21 11:25:40,2022-11
12941,17118,707,65,3,Average experience.,2022-04-05 12:29:45,2022-04
12942,17118,65,707,3,Super friendly and helpful.,2022-04-05 11:48:45,2022-04
12943,17119,1649,707,4,Super friendly and helpful.,2022-01-09 21:24:27,2022-01
12944,17120,707,1371,5,,2024-03-28 01:51:11,2024-03
12945,17128,1984,707,4,Very clean car.,2023-09-17 05:12:13,2023-09
12946,17129,433,707,4,"Great driver, very professional!",2022-12-24 02:06:46,2022-12
12947,17131,707,1413,4,Fast and safe driver.,2022-06-26 04:05:31,2022-06
12948,17132,707,1162,5,Fast and safe driver.,2023-04-17 11:42:55,2023-04
12949,17133,275,1547,3,Acceptable ride.,2024-04-15 01:48:18,2024-04
12950,17134,275,202,4,Car was spotless.,2024-01-21 00:54:21,2024-01
12951,17134,202,275,3,"Great driver, very professional!",2024-01-21 00:14:21,2024-01
12952,17135,275,997,4,,2023-12-04 20:01:57,2023-12
12953,17139,1226,1288,3,Average experience.,2022-01-24 16:20:26,2022-01
12954,17140,1226,376,3,Fine driver.,2023-11-26 06:22:34,2023-11
12955,17140,376,1226,2,Very clean car.,2023-11-26 07:49:34,2023-11
12956,17141,1226,1477,4,,2022-11-04 22:19:49,2022-11
12957,17142,1226,1790,4,Very comfortable ride.,2022-09-21 09:38:10,2022-09
12958,17142,1790,1226,3,"Great driver, very professional!",2022-09-21 10:28:10,2022-09
12959,17143,1226,866,4,"Easy pickup, no problems.",2023-01-29 07:38:48,2023-01
12960,17144,1226,833,3,Average experience.,2024-03-08 00:06:50,2024-03
12961,17145,1226,293,4,"5 stars, highly recommend!",2023-10-23 17:55:59,2023-10
12962,17145,293,1226,3,,2023-10-23 19:18:59,2023-10
12963,17146,1311,1226,3,"Smooth ride, on time.",2023-10-28 08:21:33,2023-10
12964,17147,1226,1081,4,Very comfortable ride.,2023-01-12 08:30:48,2023-01
12965,17148,1226,919,3,Average experience.,2024-04-18 21:00:22,2024-04
12966,17149,1226,1141,4,,2022-02-05 01:55:25,2022-02
12967,17149,1141,1226,3,,2022-02-05 04:04:25,2022-02
12968,17150,1226,1607,2,,2023-04-08 08:41:40,2023-04
12969,17151,1226,1248,3,Got there safely.,2024-06-23 16:20:46,2024-06
12970,17152,1226,1999,4,"Great driver, very professional!",2023-01-25 18:58:40,2023-01
12971,17155,1162,350,1,"Smooth ride, on time.",2022-04-10 08:06:22,2022-04
12972,17156,350,1948,3,"OK trip, nothing special.",2022-10-31 11:06:52,2022-10
12973,17156,1948,350,3,Very clean car.,2022-10-31 13:11:52,2022-10
12974,17157,811,350,4,"Great driver, very professional!",2022-05-18 17:26:35,2022-05
12975,17160,350,1623,5,Fast and safe driver.,2022-03-22 14:48:29,2022-03
12976,17162,350,957,4,Car was spotless.,2023-09-14 05:47:46,2023-09
12977,17163,1881,350,3,Super friendly and helpful.,2022-09-15 05:27:43,2022-09
12978,17164,350,1170,5,"Easy pickup, no problems.",2023-08-17 07:48:42,2023-08
12979,17165,350,1311,3,,2024-01-20 18:26:37,2024-01
12980,17167,350,1207,3,Fine driver.,2023-05-10 00:05:39,2023-05
12981,17168,350,179,4,"Easy pickup, no problems.",2022-09-20 09:32:44,2022-09
12982,17168,179,350,3,Very clean car.,2022-09-20 09:15:44,2022-09
12983,17169,350,1030,5,"5 stars, highly recommend!",2022-05-30 16:22:13,2022-05
12984,17169,1030,350,3,"Smooth ride, on time.",2022-05-30 16:33:13,2022-05
12985,17170,350,705,4,"Excellent service, will ride again.",2024-04-18 23:36:22,2024-04
12986,17171,350,323,4,Very comfortable ride.,2023-05-23 12:08:29,2023-05
12987,17172,350,995,3,Average experience.,2023-02-23 01:17:27,2023-02
12988,17173,350,1088,5,,2023-12-17 13:00:10,2023-12
12989,17174,350,868,4,,2022-08-06 23:47:59,2022-08
12990,17178,350,1477,5,,2022-05-20 12:44:15,2022-05
12991,17179,1310,350,3,,2023-09-30 00:47:44,2023-09
12992,17180,1481,1437,5,"Perfect trip, no issues.",2022-10-26 20:31:12,2022-10
12993,17181,1481,2,5,Super friendly and helpful.,2023-10-07 15:48:21,2023-10
12994,17182,1231,288,4,"Smooth ride, on time.",2023-10-28 11:41:21,2023-10
12995,17183,1231,1608,2,Took a longer route.,2022-08-18 06:28:49,2022-08
12996,17183,1608,1231,3,,2022-08-18 06:48:49,2022-08
12997,17184,1231,1227,4,"Perfect trip, no issues.",2024-02-12 13:07:05,2024-02
12998,17187,1231,782,4,,2023-04-22 06:08:43,2023-04
12999,17187,782,1231,3,Very clean car.,2023-04-22 06:15:43,2023-04
13000,17190,1231,544,5,"Excellent service, will ride again.",2022-02-17 14:38:29,2022-02
13001,17191,1231,1755,2,Rough driving.,2022-04-04 07:13:21,2022-04
13002,17191,1755,1231,3,Super friendly and helpful.,2022-04-04 07:43:21,2022-04
13003,17193,256,1231,3,"Great driver, very professional!",2022-09-29 22:22:22,2022-09
13004,17195,1231,1181,4,Car was spotless.,2023-08-19 01:04:51,2023-08
13005,17197,1162,1231,4,"Smooth ride, on time.",2022-10-01 06:20:16,2022-10
13006,17199,1231,176,4,"Easy pickup, no problems.",2023-01-31 21:42:35,2023-01
13007,17200,1231,187,4,"Smooth ride, on time.",2023-04-23 12:18:22,2023-04
13008,17201,1231,119,4,,2023-03-18 17:45:09,2023-03
13009,17202,1231,1494,4,Car was spotless.,2023-03-26 01:05:25,2023-03
13010,17203,807,867,4,,2022-08-13 11:47:35,2022-08
13011,17204,807,508,4,Very courteous driver.,2022-11-10 04:29:04,2022-11
13012,17204,508,807,2,"Great driver, very professional!",2022-11-10 03:53:04,2022-11
13013,17205,807,146,4,,2023-11-08 16:59:16,2023-11
13014,17205,146,807,4,Super friendly and helpful.,2023-11-08 18:56:16,2023-11
13015,17206,807,1477,3,,2022-12-08 08:35:39,2022-12
13016,17207,608,807,3,"Smooth ride, on time.",2023-10-16 16:35:10,2023-10
13017,17208,55,787,3,,2022-09-04 17:44:01,2022-09
13018,17213,402,15,5,,2024-05-07 16:46:31,2024-05
13019,17214,402,1091,3,Nothing to complain about.,2022-02-11 13:05:57,2022-02
13020,17214,1091,402,3,Super friendly and helpful.,2022-02-11 13:19:57,2022-02
13021,17215,1879,1562,4,,2023-02-25 08:56:36,2023-02
13022,17215,1562,1879,5,"Excellent service, will ride again.",2023-02-25 09:49:36,2023-02
13023,17219,1879,1181,5,,2024-03-26 06:30:57,2024-03
13024,17221,1741,1879,2,"Great driver, very professional!",2023-10-10 16:41:09,2023-10
13025,17223,1879,544,5,,2022-11-23 15:57:36,2022-11
13026,17223,544,1879,3,Very clean car.,2022-11-23 16:13:36,2022-11
13027,17226,1879,539,4,,2022-06-27 23:05:20,2022-06
13028,17227,1879,1479,4,Car was spotless.,2023-12-14 22:36:18,2023-12
13029,17227,1479,1879,2,Super friendly and helpful.,2023-12-14 21:27:18,2023-12
13030,17228,1879,125,3,Fine driver.,2023-12-02 17:49:27,2023-12
13031,17229,1348,1965,4,Loved the music selection!,2023-11-22 23:30:29,2023-11
13032,17233,1483,612,4,,2024-04-24 22:13:53,2024-04
13033,17234,1483,1196,4,,2023-01-23 11:33:32,2023-01
13034,17235,1483,1781,4,"5 stars, highly recommend!",2024-03-21 15:02:05,2024-03
13035,17236,1483,318,4,,2022-09-12 22:43:43,2022-09
13036,17237,1483,1684,3,,2024-03-01 02:18:07,2024-03
13037,17240,1483,1001,5,,2022-12-03 08:36:35,2022-12
13038,17242,1483,485,2,Not very clean.,2024-05-11 15:08:50,2024-05
13039,17243,1483,741,3,"OK trip, nothing special.",2022-11-05 07:20:16,2022-11
13040,17244,1483,932,5,,2024-02-23 14:00:30,2024-02
13041,17245,1267,1483,4,,2022-07-18 08:12:24,2022-07
13042,17246,1483,436,4,,2024-03-30 02:55:50,2024-03
13043,17247,117,1483,3,"Great driver, very professional!",2023-05-12 05:26:24,2023-05
13044,17248,1483,1087,3,Trip was okay.,2024-01-30 16:53:56,2024-01
13045,17251,1483,1139,2,,2023-03-29 14:03:35,2023-03
13046,17252,1483,1301,5,"Great driver, very professional!",2022-09-28 02:33:12,2022-09
13047,17252,1301,1483,3,"Smooth ride, on time.",2022-09-28 03:14:12,2022-09
13048,17253,1483,564,4,"Great driver, very professional!",2022-08-10 02:07:28,2022-08
13049,17254,1483,645,4,,2022-07-16 02:32:36,2022-07
13050,17254,645,1483,4,"Excellent service, will ride again.",2022-07-16 01:07:36,2022-07
13051,17255,1763,1483,3,,2023-11-24 13:59:49,2023-11
13052,17256,878,1483,3,"Smooth ride, on time.",2023-10-16 09:23:46,2023-10
13053,17257,1483,1775,5,"Easy pickup, no problems.",2022-12-19 21:02:05,2022-12
13054,17259,488,1598,4,Super friendly and helpful.,2023-05-03 11:01:57,2023-05
13055,17262,1598,868,4,,2023-06-01 01:23:14,2023-06
13056,17262,868,1598,3,Super friendly and helpful.,2023-06-01 02:09:14,2023-06
13057,17265,748,1598,4,Super friendly and helpful.,2024-05-01 21:47:23,2024-05
13058,17266,1598,1947,4,,2022-07-24 02:57:26,2022-07
13059,17266,1947,1598,2,Super friendly and helpful.,2022-07-24 03:57:26,2022-07
13060,17269,1598,1653,3,,2022-03-09 22:44:49,2022-03
13061,17269,1653,1598,3,Very clean car.,2022-03-09 22:41:49,2022-03
13062,17271,1598,1196,4,"Great rider, very polite.",2023-08-12 14:12:23,2023-08
13063,17274,1980,1301,5,"Easy pickup, no problems.",2024-01-11 14:47:00,2024-01
13064,17274,1301,1980,3,"Great driver, very professional!",2024-01-11 15:35:00,2024-01
13065,17275,1980,1026,4,Super friendly and helpful.,2024-04-04 01:54:19,2024-04
13066,17277,1980,448,5,"Great rider, very polite.",2023-07-24 06:55:10,2023-07
13067,17277,448,1980,3,Very clean car.,2023-07-24 05:34:10,2023-07
13068,17278,2,1980,3,"Great driver, very professional!",2023-08-05 16:30:16,2023-08
13069,17279,1980,1702,4,Very comfortable ride.,2023-07-15 12:20:10,2023-07
13070,17281,1980,1814,2,,2024-06-11 12:25:31,2024-06
13071,17281,1814,1980,4,,2024-06-11 11:24:31,2024-06
13072,17283,1980,1955,5,,2023-12-26 09:08:21,2023-12
13073,17284,1980,256,4,Car was spotless.,2022-09-23 03:21:04,2022-09
13074,17284,256,1980,3,"Great driver, very professional!",2022-09-23 04:04:04,2022-09
13075,17285,1980,66,3,,2024-06-08 12:36:57,2024-06
13076,17285,66,1980,3,Super friendly and helpful.,2024-06-08 12:39:57,2024-06
13077,17287,1980,192,5,"Great rider, very polite.",2022-01-16 15:46:22,2022-01
13078,17288,1438,1980,3,"Excellent service, will ride again.",2023-08-18 08:56:50,2023-08
13079,17289,1828,1980,3,Very clean car.,2024-04-18 17:21:17,2024-04
13080,17290,1980,1400,5,"Great driver, very professional!",2023-11-13 02:54:59,2023-11
13081,17290,1400,1980,3,Super friendly and helpful.,2023-11-13 04:25:59,2023-11
13082,17294,1980,139,4,"Quick and efficient, thanks!",2022-10-08 07:18:38,2022-10
13083,17294,139,1980,4,"Great driver, very professional!",2022-10-08 07:40:38,2022-10
13084,17295,1980,647,4,,2023-01-20 12:43:05,2023-01
13085,17296,1887,995,3,,2022-06-24 11:39:19,2022-06
13086,17297,1183,1887,3,,2022-10-10 18:48:11,2022-10
13087,17298,1887,1937,4,Car was spotless.,2023-03-07 08:41:37,2023-03
13088,17298,1937,1887,3,"Great driver, very professional!",2023-03-07 08:58:37,2023-03
13089,17300,293,661,5,"Smooth ride, on time.",2023-12-14 21:08:23,2023-12
13090,17301,661,1380,4,,2023-04-24 17:43:21,2023-04
13091,17303,1099,661,3,,2022-04-14 17:35:52,2022-04
13092,17304,661,1210,4,,2022-02-24 03:31:58,2022-02
13093,17306,789,661,3,"Smooth ride, on time.",2024-04-10 14:12:44,2024-04
13094,17307,661,5,4,,2023-08-27 22:04:47,2023-08
13095,17308,661,1649,3,,2023-05-09 08:50:01,2023-05
13096,17308,1649,661,2,Very clean car.,2023-05-09 09:31:01,2023-05
13097,17312,661,1607,3,Decent experience.,2024-02-16 03:09:12,2024-02
13098,17313,661,65,4,,2022-06-16 23:13:34,2022-06
13099,17314,661,602,3,,2022-02-03 20:01:04,2022-02
13100,17317,661,940,3,,2023-04-01 19:49:24,2023-04
13101,17317,940,661,4,"Excellent service, will ride again.",2023-04-01 21:30:24,2023-04
13102,17319,1691,1105,5,"Easy pickup, no problems.",2023-10-16 16:07:00,2023-10
13103,17319,1105,1691,4,"Smooth ride, on time.",2023-10-16 15:09:00,2023-10
13104,17322,1691,1310,3,,2022-10-25 16:32:08,2022-10
13105,17324,1987,1691,3,"Smooth ride, on time.",2022-06-18 16:56:30,2022-06
13106,17325,1691,974,4,"Smooth ride, on time.",2023-08-10 03:37:33,2023-08
13107,17327,1691,1991,3,Acceptable ride.,2023-08-08 08:56:02,2023-08
13108,17327,1991,1691,3,Very clean car.,2023-08-08 11:07:02,2023-08
13109,17329,1479,1691,4,"Smooth ride, on time.",2022-08-11 22:57:39,2022-08
13110,17330,1691,571,5,"Smooth ride, on time.",2022-02-16 02:05:25,2022-02
13111,17331,1691,782,3,,2023-05-04 11:00:15,2023-05
13112,17334,1691,1394,3,Decent experience.,2023-12-16 00:54:32,2023-12
13113,17336,1691,202,3,,2024-04-28 19:08:19,2024-04
13114,17336,202,1691,3,Very clean car.,2024-04-28 19:09:19,2024-04
13115,17342,1279,508,5,,2023-01-08 01:32:03,2023-01
13116,17342,508,1279,3,"Great driver, very professional!",2023-01-08 02:07:03,2023-01
13117,17344,1166,1794,4,"5 stars, highly recommend!",2022-09-08 14:17:10,2022-09
13118,17344,1794,1166,3,"Great driver, very professional!",2022-09-08 16:23:10,2022-09
13119,17345,947,1166,2,"Excellent service, will ride again.",2022-04-08 13:50:20,2022-04
13120,17349,1372,665,3,"OK trip, nothing special.",2024-03-18 10:09:35,2024-03
13121,17352,1372,1605,5,,2022-07-06 04:27:53,2022-07
13122,17352,1605,1372,5,,2022-07-06 03:18:53,2022-07
13123,17354,1558,1372,2,"Smooth ride, on time.",2023-07-19 02:48:42,2023-07
13124,17355,1724,1372,4,"Smooth ride, on time.",2022-03-06 01:10:51,2022-03
13125,17358,1372,1781,4,Very courteous driver.,2022-08-20 10:36:23,2022-08
13126,17359,1372,947,4,"Excellent service, will ride again.",2023-02-23 00:17:09,2023-02
13127,17361,1372,1474,4,Loved the music selection!,2023-03-16 02:54:49,2023-03
13128,17363,1131,1372,3,Very clean car.,2023-09-29 06:41:07,2023-09
13129,17365,461,1372,3,"Smooth ride, on time.",2023-02-21 01:12:01,2023-02
13130,17366,1372,593,4,,2022-10-22 10:05:59,2022-10
13131,17367,1437,1372,3,,2022-06-06 15:01:37,2022-06
13132,17369,1372,1400,4,Super friendly and helpful.,2022-04-16 17:33:52,2022-04
13133,17369,1400,1372,2,"Smooth ride, on time.",2022-04-16 18:31:52,2022-04
13134,17372,1372,585,5,,2024-05-22 01:14:47,2024-05
13135,17373,1372,1736,4,"Perfect trip, no issues.",2023-05-12 17:54:55,2023-05
13136,17375,1372,55,4,,2024-04-10 14:49:15,2024-04
13137,17376,1372,412,4,,2023-04-01 15:45:39,2023-04
13138,17377,1372,448,4,,2023-07-15 07:43:18,2023-07
13139,17378,256,1372,3,Very clean car.,2023-11-26 06:58:28,2023-11
13140,17380,1372,1825,3,,2022-05-16 14:08:31,2022-05
13141,17381,1372,1739,5,,2023-01-07 08:54:36,2023-01
13142,17382,1372,508,5,Car was spotless.,2022-04-21 07:50:15,2022-04
13143,17384,1372,176,2,Took a longer route.,2022-09-08 20:14:15,2022-09
13144,17384,176,1372,3,"Excellent service, will ride again.",2022-09-08 19:42:15,2022-09
13145,17385,1372,248,4,,2023-10-13 09:13:54,2023-10
13146,17386,1372,1561,3,"OK trip, nothing special.",2024-06-14 04:10:57,2024-06
13147,17390,1372,1288,3,,2023-01-04 00:29:23,2023-01
13148,17390,1288,1372,3,"Smooth ride, on time.",2023-01-04 01:26:23,2023-01
13149,17392,1372,318,3,,2022-01-30 20:54:10,2022-01
13150,17394,1372,1590,2,,2023-11-30 09:13:38,2023-11
13151,17394,1590,1372,4,,2023-11-30 09:04:38,2023-11
13152,17396,1372,508,4,Very courteous driver.,2023-03-15 00:06:07,2023-03
13153,17396,508,1372,3,,2023-03-15 00:49:07,2023-03
13154,17402,1372,1881,3,,2023-08-06 16:29:26,2023-08
13155,17402,1881,1372,3,Super friendly and helpful.,2023-08-06 15:16:26,2023-08
13156,17406,1509,1372,3,"Great driver, very professional!",2022-01-13 07:09:38,2022-01
13157,17407,1755,1372,3,"Excellent service, will ride again.",2023-03-27 00:58:08,2023-03
13158,17408,1372,389,4,,2022-03-14 21:57:35,2022-03
13159,17409,1372,436,4,"5 stars, highly recommend!",2022-10-20 16:53:32,2022-10
13160,17412,1372,959,4,"Excellent service, will ride again.",2023-05-05 16:32:16,2023-05
13161,17412,959,1372,5,Super friendly and helpful.,2023-05-05 17:49:16,2023-05
13162,17413,1372,1474,4,,2023-05-08 05:11:05,2023-05
13163,17415,867,1372,3,"Smooth ride, on time.",2024-03-06 03:52:07,2024-03
13164,17416,1372,1281,3,,2022-03-30 01:19:19,2022-03
13165,17416,1281,1372,4,Super friendly and helpful.,2022-03-30 02:38:19,2022-03
13166,17417,1372,1371,4,,2022-10-26 12:47:32,2022-10
13167,17418,1981,1372,4,"Great driver, very professional!",2023-09-17 22:45:38,2023-09
13168,17419,1984,1372,4,Super friendly and helpful.,2022-09-16 06:45:51,2022-09
13169,17421,1372,1547,5,,2022-05-13 11:25:28,2022-05
13170,17422,1372,339,3,,2024-01-15 18:42:01,2024-01
13171,17425,1372,1727,4,,2022-10-13 04:09:49,2022-10
13172,17426,1372,1397,2,Rough driving.,2022-03-18 16:33:28,2022-03
13173,17426,1397,1372,1,,2022-03-18 17:28:28,2022-03
13174,17428,1372,131,4,Very courteous driver.,2024-05-03 09:45:05,2024-05
13175,17433,891,1372,4,Super friendly and helpful.,2024-05-29 20:39:28,2024-05
13176,17437,1526,1372,2,"Excellent service, will ride again.",2022-12-05 23:44:22,2022-12
13177,17438,452,1372,2,Very clean car.,2024-05-13 04:31:03,2024-05
13178,17444,382,1397,4,"Smooth ride, on time.",2022-04-13 10:11:23,2022-04
13179,17444,1397,382,2,,2022-04-13 11:09:23,2022-04
13180,17446,1959,452,3,,2023-05-11 15:52:35,2023-05
13181,17446,452,1959,2,"Excellent service, will ride again.",2023-05-11 15:08:35,2023-05
13182,17447,1959,55,4,,2023-07-20 16:32:39,2023-07
13183,17447,55,1959,5,"Smooth ride, on time.",2023-07-20 17:10:39,2023-07
13184,17448,1959,1001,4,Fast and safe driver.,2024-01-16 11:30:11,2024-01
13185,17449,1959,728,4,,2024-02-26 20:23:43,2024-02
13186,17450,1959,1693,4,,2024-05-10 17:20:52,2024-05
13187,17451,1959,338,3,Fine driver.,2024-06-13 19:21:48,2024-06
13188,17452,1959,1739,3,Nothing to complain about.,2023-11-29 20:42:17,2023-11
13189,17453,1959,1776,4,,2024-04-13 20:42:51,2024-04
13190,17454,1959,974,5,Loved the music selection!,2024-03-06 04:09:49,2024-03
13191,17455,677,1959,2,"Great driver, very professional!",2023-08-18 09:35:22,2023-08
13192,17456,1959,957,2,Driver was late.,2022-08-24 00:28:16,2022-08
13193,17457,1959,1999,4,Very courteous driver.,2023-08-05 16:36:43,2023-08
13194,17459,1959,1948,2,,2024-04-08 20:01:01,2024-04
13195,17460,1527,288,4,Fast and safe driver.,2022-12-08 16:10:15,2022-12
13196,17463,1527,1410,5,,2022-07-02 10:52:24,2022-07
13197,17464,1527,338,3,,2022-06-13 17:36:43,2022-06
13198,17467,1527,1881,3,,2022-01-24 18:25:14,2022-01
13199,17468,1527,1311,3,,2023-01-24 17:08:26,2023-01
13200,17468,1311,1527,2,"Smooth ride, on time.",2023-01-24 18:32:26,2023-01
13201,17469,1764,1527,3,"Excellent service, will ride again.",2024-01-18 21:50:54,2024-01
13202,17470,1527,1099,4,Super friendly and helpful.,2023-06-26 10:55:20,2023-06
13203,17472,1527,891,3,Average experience.,2022-08-24 21:42:20,2022-08
13204,17473,1527,1227,4,,2024-02-01 18:07:23,2024-02
13205,17473,1227,1527,4,"Excellent service, will ride again.",2024-02-01 19:15:23,2024-02
13206,17477,1527,1558,4,,2024-05-02 01:15:19,2024-05
13207,17478,1527,119,4,,2022-08-15 17:06:38,2022-08
13208,17479,1527,1309,4,"Smooth ride, on time.",2023-11-14 17:33:00,2023-11
13209,17481,553,1648,2,"Smooth ride, on time.",2023-07-10 07:01:07,2023-07
13210,17483,1648,434,5,"5 stars, highly recommend!",2022-07-10 15:45:01,2022-07
13211,17485,626,318,5,"Easy pickup, no problems.",2022-05-20 00:37:23,2022-05
13212,17489,1410,821,3,"Smooth ride, on time.",2023-10-02 02:36:44,2023-10
13213,17490,155,821,4,"Great driver, very professional!",2022-06-28 05:08:56,2022-06
13214,17491,821,394,4,,2023-02-08 13:45:05,2023-02
13215,17492,821,467,4,Loved the music selection!,2024-04-01 03:34:47,2024-04
13216,17492,467,821,3,"Great driver, very professional!",2024-04-01 03:30:47,2024-04
13217,17493,821,293,5,,2023-11-03 16:19:20,2023-11
13218,17493,293,821,2,,2023-11-03 17:53:20,2023-11
13219,17495,821,339,1,Rough driving.,2022-11-29 15:47:14,2022-11
13220,17497,821,1948,4,"Easy pickup, no problems.",2022-09-08 16:32:03,2022-09
13221,17497,1948,821,4,"Excellent service, will ride again.",2022-09-08 17:50:03,2022-09
13222,17498,821,1087,3,,2022-11-30 17:45:56,2022-11
13223,17499,1131,821,4,Very clean car.,2022-04-21 15:03:34,2022-04
13224,17500,821,1288,3,Average experience.,2022-01-28 22:45:42,2022-01
13225,17501,821,997,4,"Smooth ride, on time.",2024-02-01 03:01:28,2024-02
13226,17502,821,1198,5,,2023-02-17 00:45:10,2023-02
13227,17502,1198,821,5,Super friendly and helpful.,2023-02-17 01:13:10,2023-02
13228,17503,821,1544,4,"Quick and efficient, thanks!",2024-04-16 15:40:44,2024-04
13229,17507,821,341,4,,2024-01-11 12:53:07,2024-01
13230,17507,341,821,4,Super friendly and helpful.,2024-01-11 15:25:07,2024-01
13231,17508,1717,593,4,,2023-09-13 09:20:51,2023-09
13232,17508,593,1717,4,"Excellent service, will ride again.",2023-09-13 09:05:51,2023-09
13233,17509,1717,187,4,,2022-05-28 14:48:32,2022-05
13234,17509,187,1717,2,Very clean car.,2022-05-28 15:38:32,2022-05
13235,17511,1717,331,4,"Smooth ride, on time.",2022-11-04 06:23:24,2022-11
13236,17511,331,1717,3,Very clean car.,2022-11-04 05:18:24,2022-11
13237,17514,1717,408,4,,2024-05-27 15:57:48,2024-05
13238,17514,408,1717,4,"Excellent service, will ride again.",2024-05-27 17:08:48,2024-05
13239,17515,1717,162,5,Very comfortable ride.,2024-06-01 23:44:08,2024-06
13240,17516,1717,318,4,,2023-02-27 22:37:27,2023-02
13241,17516,318,1717,2,"Great driver, very professional!",2023-02-27 21:59:27,2023-02
13242,17517,323,1717,4,"Great driver, very professional!",2022-08-17 15:29:40,2022-08
13243,17518,1717,1564,4,"Excellent service, will ride again.",2022-12-31 06:14:41,2022-12
13244,17519,1717,1088,4,Fast and safe driver.,2024-04-19 15:08:26,2024-04
13245,17519,1088,1717,4,"Great driver, very professional!",2024-04-19 15:42:26,2024-04
13246,17520,1717,728,5,Car was spotless.,2023-06-27 09:08:55,2023-06
13247,17522,1717,1569,4,,2024-04-25 03:34:36,2024-04
13248,17523,1717,1975,4,,2022-02-20 21:22:42,2022-02
13249,17525,1717,969,3,Average experience.,2022-11-09 09:23:06,2022-11
13250,17526,1717,1693,3,,2022-08-19 09:42:25,2022-08
13251,17527,1717,748,5,,2024-01-07 00:04:58,2024-01
13252,17528,1717,14,4,Super friendly and helpful.,2022-01-21 12:47:52,2022-01
13253,17531,1717,593,3,,2023-09-07 15:44:43,2023-09
13254,17533,1717,65,3,Got there safely.,2024-05-03 00:33:21,2024-05
13255,17534,1717,1293,5,,2022-06-19 17:37:41,2022-06
13256,17534,1293,1717,5,,2022-06-19 19:13:41,2022-06
13257,17537,1717,498,4,,2023-07-29 08:59:38,2023-07
13258,17538,1717,932,3,Trip was okay.,2023-01-28 03:07:21,2023-01
13259,17539,1717,1371,5,"Great rider, very polite.",2023-03-22 21:43:28,2023-03
13260,17540,1724,1717,4,"Smooth ride, on time.",2022-07-11 16:14:50,2022-07
13261,17543,327,1717,2,"Smooth ride, on time.",2022-11-24 17:02:28,2022-11
13262,17548,1717,52,5,,2023-09-02 09:05:09,2023-09
13263,17550,469,1717,3,Super friendly and helpful.,2024-04-08 02:54:23,2024-04
13264,17551,1717,2,5,Super friendly and helpful.,2022-05-26 22:17:59,2022-05
13265,17552,1717,194,4,"Easy pickup, no problems.",2022-10-22 08:05:05,2022-10
13266,17552,194,1717,4,Super friendly and helpful.,2022-10-22 10:21:05,2022-10
13267,17553,1717,1352,4,Very comfortable ride.,2023-07-25 03:34:56,2023-07
13268,17553,1352,1717,3,"Smooth ride, on time.",2023-07-25 05:09:56,2023-07
13269,17555,1561,1717,2,,2024-04-28 21:03:22,2024-04
13270,17556,1668,335,3,Acceptable ride.,2022-10-17 03:34:55,2022-10
13271,17561,1668,1653,3,Trip was okay.,2022-05-18 05:51:16,2022-05
13272,17562,1668,1651,4,,2023-09-28 06:28:17,2023-09
13273,17562,1651,1668,3,"Smooth ride, on time.",2023-09-28 07:06:17,2023-09
13274,17563,1668,920,3,Got there safely.,2023-03-28 17:59:47,2023-03
13275,17563,920,1668,3,Very clean car.,2023-03-28 18:15:47,2023-03
13276,17564,736,1668,3,,2022-02-25 07:52:02,2022-02
13277,17566,1668,995,3,,2023-02-28 15:04:40,2023-02
13278,17566,995,1668,2,Super friendly and helpful.,2023-02-28 15:38:40,2023-02
13279,17567,1755,1668,4,"Excellent service, will ride again.",2022-02-20 12:17:04,2022-02
13280,17568,1668,1653,5,"Perfect trip, no issues.",2022-06-20 18:13:53,2022-06
13281,17568,1653,1668,3,"Smooth ride, on time.",2022-06-20 17:57:53,2022-06
13282,17572,1758,1041,2,Had trouble finding the pickup spot.,2023-10-25 06:33:21,2023-10
13283,17573,1758,510,3,Acceptable ride.,2022-07-21 14:57:32,2022-07
13284,17573,510,1758,4,"Great driver, very professional!",2022-07-21 15:21:32,2022-07
13285,17574,1758,1993,3,,2023-04-15 07:15:40,2023-04
13286,17575,1758,741,4,Car was spotless.,2023-09-14 20:00:05,2023-09
13287,17576,40,1758,4,"Great driver, very professional!",2022-04-01 10:57:06,2022-04
13288,17577,1758,1237,3,Trip was okay.,2024-04-28 20:21:15,2024-04
13289,17580,1644,477,4,,2023-12-25 13:10:44,2023-12
13290,17584,1644,1181,5,"Excellent service, will ride again.",2023-05-13 20:44:17,2023-05
13291,17584,1181,1644,3,"Great driver, very professional!",2023-05-13 20:21:17,2023-05
13292,17585,1644,5,3,,2023-12-29 05:55:10,2023-12
13293,17585,5,1644,3,Super friendly and helpful.,2023-12-29 07:20:10,2023-12
13294,17587,1644,225,3,,2023-08-25 16:41:17,2023-08
13295,17587,225,1644,3,,2023-08-25 16:38:17,2023-08
13296,17591,1644,14,3,Trip was okay.,2022-11-14 02:10:08,2022-11
13297,17591,14,1644,3,Super friendly and helpful.,2022-11-14 03:09:08,2022-11
13298,17592,55,1644,4,,2022-01-04 14:04:14,2022-01
13299,17593,1644,1509,4,"Perfect trip, no issues.",2023-10-21 14:26:51,2023-10
13300,17594,1644,1011,2,Driver was late.,2022-10-19 13:31:17,2022-10
13301,17595,1644,1547,5,,2022-11-23 04:47:14,2022-11
13302,17596,1644,1995,3,Nothing to complain about.,2022-04-11 05:12:30,2022-04
13303,17599,1134,1644,3,Super friendly and helpful.,2023-01-19 07:18:06,2023-01
13304,17600,1197,1644,3,Super friendly and helpful.,2022-05-09 05:10:07,2022-05
13305,17601,1644,542,4,Very courteous driver.,2023-02-08 03:22:40,2023-02
13306,17601,542,1644,3,,2023-02-08 03:11:40,2023-02
13307,17602,39,1941,2,,2023-11-30 06:13:10,2023-11
13308,17603,39,14,3,Got there safely.,2023-02-02 10:53:57,2023-02
13309,17604,280,1026,4,Very clean car.,2022-08-14 22:34:24,2022-08
13310,17605,280,1775,5,Super friendly and helpful.,2023-06-27 19:38:27,2023-06
13311,17605,1775,280,3,"Great driver, very professional!",2023-06-27 21:55:27,2023-06
13312,17606,201,1414,1,,2022-04-08 17:19:26,2022-04
13313,17612,1153,602,4,,2024-03-23 05:44:31,2024-03
13314,17613,1153,1162,3,,2023-04-17 01:03:38,2023-04
13315,17614,1153,201,5,,2022-07-13 12:01:47,2022-07
13316,17617,1153,1111,4,"5 stars, highly recommend!",2023-05-16 02:18:06,2023-05
13317,17618,1153,1030,4,,2023-01-31 02:35:06,2023-01
13318,17620,1153,1355,4,,2023-12-24 03:41:33,2023-12
13319,17620,1355,1153,4,,2023-12-24 05:16:33,2023-12
13320,17626,572,192,5,"Excellent service, will ride again.",2022-10-21 09:39:43,2022-10
13321,17626,192,572,2,Super friendly and helpful.,2022-10-21 10:16:43,2022-10
13322,17627,822,572,4,Super friendly and helpful.,2022-06-09 22:40:42,2022-06
13323,17628,572,104,4,,2023-05-21 08:36:00,2023-05
13324,17629,572,1081,5,,2024-06-22 01:55:41,2024-06
13325,17630,1591,986,5,Loved the music selection!,2023-07-06 23:28:11,2023-07
13326,17630,986,1591,4,Very clean car.,2023-07-06 23:54:11,2023-07
13327,17634,1545,118,5,,2022-07-29 17:49:19,2022-07
13328,17635,1545,1495,4,Car was spotless.,2022-04-14 16:22:34,2022-04
13329,17635,1495,1545,4,Very clean car.,2022-04-14 18:09:34,2022-04
13330,17636,1545,192,5,,2024-05-01 11:24:27,2024-05
13331,17637,1545,125,4,,2022-08-24 14:02:08,2022-08
13332,17637,125,1545,2,Super friendly and helpful.,2022-08-24 14:32:08,2022-08
13333,17638,1545,1105,5,"Perfect trip, no issues.",2023-09-25 03:52:40,2023-09
13334,17638,1105,1545,3,Super friendly and helpful.,2023-09-25 03:00:40,2023-09
13335,17643,1545,1100,3,Acceptable ride.,2022-02-26 06:59:26,2022-02
13336,17643,1100,1545,4,Super friendly and helpful.,2022-02-26 07:23:26,2022-02
13337,17644,1545,1968,5,,2022-08-08 17:31:34,2022-08
13338,17645,1606,1545,4,Very clean car.,2024-01-15 14:12:22,2024-01
13339,17647,1545,199,4,"Perfect trip, no issues.",2024-06-14 07:55:47,2024-06
13340,17647,199,1545,4,"Excellent service, will ride again.",2024-06-14 09:26:47,2024-06
13341,17648,1545,543,4,,2022-06-17 18:05:12,2022-06
13342,17649,1545,1544,4,"Quick and efficient, thanks!",2023-01-07 12:42:37,2023-01
13343,17652,1545,1288,4,Very comfortable ride.,2023-06-13 12:20:30,2023-06
13344,17654,1545,986,4,,2023-10-13 09:51:59,2023-10
13345,17655,1545,1044,4,Car was spotless.,2024-03-20 10:10:57,2024-03
13346,17659,1545,1134,4,"Smooth ride, on time.",2024-01-04 10:00:27,2024-01
13347,17660,1545,1248,2,Driver was late.,2023-07-04 03:29:32,2023-07
13348,17661,1545,1812,5,Loved the music selection!,2023-08-24 15:42:07,2023-08
13349,17661,1812,1545,4,Very clean car.,2023-08-24 17:39:07,2023-08
13350,17662,1545,643,4,,2022-04-14 00:17:51,2022-04
13351,17664,1545,494,4,,2022-07-04 15:46:34,2022-07
13352,17665,1545,1544,4,"Smooth ride, on time.",2023-08-02 10:57:29,2023-08
13353,17665,1544,1545,4,,2023-08-02 12:50:29,2023-08
13354,17666,1545,883,4,Super friendly and helpful.,2023-04-14 15:41:28,2023-04
13355,17667,1545,542,4,"Great driver, very professional!",2022-06-16 20:49:12,2022-06
13356,17674,777,1545,4,,2023-12-01 09:29:36,2023-12
13357,17675,1545,1765,2,,2022-12-18 09:29:47,2022-12
13358,17676,1545,256,4,Very courteous driver.,2022-12-06 08:08:57,2022-12
13359,17676,256,1545,3,,2022-12-06 07:25:57,2022-12
13360,17677,1545,1394,3,Trip was okay.,2024-06-16 08:50:30,2024-06
13361,17678,1545,1825,3,Nothing to complain about.,2023-05-14 20:25:01,2023-05
13362,17680,1545,1755,3,,2023-02-15 18:35:20,2023-02
13363,17681,1545,1397,4,Car was spotless.,2023-06-17 14:22:47,2023-06
13364,17682,1386,1545,4,"Smooth ride, on time.",2022-06-08 19:02:33,2022-06
13365,17683,1545,947,3,Trip was okay.,2023-12-24 04:55:46,2023-12
13366,17684,1776,1545,3,"Great driver, very professional!",2022-01-30 09:25:56,2022-01
13367,17685,1545,477,4,,2023-11-26 16:11:24,2023-11
13368,17685,477,1545,3,"Great driver, very professional!",2023-11-26 16:03:24,2023-11
13369,17687,1755,1545,3,Super friendly and helpful.,2024-06-10 07:42:46,2024-06
13370,17688,1693,1545,3,,2023-03-10 20:10:46,2023-03
13371,17689,1545,139,3,,2023-05-18 19:07:33,2023-05
13372,17689,139,1545,3,Super friendly and helpful.,2023-05-18 20:21:33,2023-05
13373,17690,1545,118,4,,2022-04-28 16:14:49,2022-04
13374,17692,789,1545,2,,2022-02-19 09:48:06,2022-02
13375,17693,1545,202,3,,2023-08-03 20:46:37,2023-08
13376,17693,202,1545,3,Super friendly and helpful.,2023-08-03 22:31:37,2023-08
13377,17694,1545,1040,4,Fast and safe driver.,2023-06-04 14:43:43,2023-06
13378,17695,1545,224,5,,2023-07-29 07:05:38,2023-07
13379,17695,224,1545,3,"Smooth ride, on time.",2023-07-29 07:24:38,2023-07
13380,17697,1545,726,3,"OK trip, nothing special.",2022-10-12 08:40:26,2022-10
13381,17698,1545,115,3,,2022-10-17 20:58:08,2022-10
13382,17699,1545,318,4,,2023-11-29 01:55:37,2023-11
13383,17700,1545,1243,4,,2024-04-11 12:59:48,2024-04
13384,17701,1545,351,3,,2023-10-29 21:08:11,2023-10
13385,17701,351,1545,4,,2023-10-29 19:35:11,2023-10
13386,17702,286,1545,4,,2022-09-30 07:03:38,2022-09
13387,17704,1545,1755,5,"Excellent service, will ride again.",2023-09-10 08:46:35,2023-09
13388,17705,1545,1403,4,,2022-09-02 16:05:39,2022-09
13389,17705,1403,1545,3,Very clean car.,2022-09-02 15:51:39,2022-09
13390,17706,1545,271,5,,2023-05-22 23:40:59,2023-05
13391,17706,271,1545,2,,2023-05-23 02:28:59,2023-05
13392,17707,1545,1281,2,,2022-04-10 12:09:23,2022-04
13393,17708,52,1545,3,"Smooth ride, on time.",2022-07-14 23:14:06,2022-07
13394,17709,1545,1311,3,Nothing to complain about.,2023-11-09 05:43:11,2023-11
13395,17710,1545,324,4,,2022-04-02 09:54:23,2022-04
13396,17710,324,1545,3,Very clean car.,2022-04-02 10:45:23,2022-04
13397,17711,1545,147,3,Fine driver.,2023-05-24 21:43:47,2023-05
13398,17712,1545,1830,3,,2022-02-25 23:05:27,2022-02
13399,17712,1830,1545,3,"Smooth ride, on time.",2022-02-25 22:29:27,2022-02
13400,17713,1545,1443,2,Driver was rude.,2023-11-25 15:54:54,2023-11
13401,17715,1545,1564,4,,2023-10-23 02:13:02,2023-10
13402,17716,1477,1545,2,"Smooth ride, on time.",2022-11-05 16:10:50,2022-11
13403,17718,1545,1288,5,,2023-05-02 03:06:58,2023-05
13404,17722,1545,1472,3,,2023-12-04 14:16:20,2023-12
13405,17723,1545,1991,2,Took too long.,2022-10-28 04:55:07,2022-10
13406,17723,1991,1545,4,"Smooth ride, on time.",2022-10-28 05:27:07,2022-10
13407,17724,1545,120,2,,2024-01-25 13:54:44,2024-01
13408,17724,120,1545,2,"Excellent service, will ride again.",2024-01-25 14:30:44,2024-01
13409,17726,1545,1651,4,,2023-04-01 03:05:03,2023-04
13410,17727,1545,1477,4,,2022-07-02 20:51:25,2022-07
13411,17728,1545,868,4,,2023-05-19 18:54:59,2023-05
13412,17729,1545,412,4,"Smooth ride, on time.",2022-08-23 04:41:47,2022-08
13413,17730,1545,1141,3,,2022-11-28 23:27:40,2022-11
13414,17731,1545,759,3,,2023-03-19 19:42:43,2023-03
13415,17732,1545,412,3,"OK trip, nothing special.",2023-05-21 14:50:12,2023-05
13416,17733,1216,564,5,,2022-02-07 20:36:53,2022-02
13417,17736,174,1206,4,,2024-06-13 23:36:45,2024-06
13418,17737,174,833,4,,2022-11-22 19:49:42,2022-11
13419,17737,833,174,1,Super friendly and helpful.,2022-11-22 18:46:42,2022-11
13420,17738,1356,174,3,,2023-11-16 18:08:32,2023-11
13421,17740,174,825,3,,2022-08-23 12:26:10,2022-08
13422,17740,825,174,1,"Great driver, very professional!",2022-08-23 11:31:10,2022-08
13423,17741,174,1975,3,Average experience.,2023-10-27 20:05:22,2023-10
13424,17742,174,225,2,Car smelled bad.,2023-11-30 18:40:46,2023-11
13425,17743,174,1380,3,Fine driver.,2023-05-20 17:50:34,2023-05
13426,17745,174,929,3,Fine driver.,2024-06-26 14:27:05,2024-06
13427,17748,174,393,5,"Great driver, very professional!",2023-04-18 11:08:36,2023-04
13428,17749,174,488,4,Very clean car.,2022-06-13 07:36:48,2022-06
13429,17750,174,2,5,Fast and safe driver.,2023-07-11 07:38:13,2023-07
13430,17754,1762,1956,5,Very courteous driver.,2023-10-04 14:22:59,2023-10
13431,17755,922,1968,4,Loved the music selection!,2022-07-16 15:31:30,2022-07
13432,17755,1968,922,3,,2022-07-16 17:20:30,2022-07
13433,17757,1367,1141,4,,2024-02-07 11:55:37,2024-02
13434,17757,1141,1367,4,Super friendly and helpful.,2024-02-07 11:18:37,2024-02
13435,17761,1367,1790,3,Got there safely.,2024-04-07 05:22:27,2024-04
13436,17762,1367,1400,5,"Smooth ride, on time.",2022-07-10 19:32:34,2022-07
13437,17763,1367,393,4,,2022-03-26 08:16:26,2022-03
13438,17764,1367,1764,3,,2023-01-27 11:13:12,2023-01
13439,17764,1764,1367,3,,2023-01-27 10:39:12,2023-01
13440,17765,1367,664,3,,2022-12-15 18:04:34,2022-12
13441,17765,664,1367,3,Super friendly and helpful.,2022-12-15 19:20:34,2022-12
13442,17766,1367,318,4,"Quick and efficient, thanks!",2023-11-24 00:09:19,2023-11
13443,17769,1367,488,3,Decent experience.,2022-12-12 19:14:49,2022-12
13444,17770,1367,1812,3,Trip was okay.,2022-03-11 02:15:34,2022-03
13445,17772,554,1437,3,,2023-11-15 13:43:54,2023-11
13446,17773,554,986,3,,2022-10-27 05:28:44,2022-10
13447,17773,986,554,5,,2022-10-27 05:53:44,2022-10
13448,17774,1360,389,4,,2023-02-14 22:27:49,2023-02
13449,17775,1360,1727,3,Got there safely.,2023-07-07 13:10:14,2023-07
13450,17776,1360,1356,4,,2023-01-17 06:05:30,2023-01
13451,17777,1360,1548,3,,2023-07-09 07:15:09,2023-07
13452,17779,1371,141,5,,2022-05-17 07:08:58,2022-05
13453,17780,141,1403,3,,2022-09-23 03:54:57,2022-09
13454,17784,430,141,3,,2022-03-30 15:49:25,2022-03
13455,17786,141,1724,3,,2023-03-19 15:34:10,2023-03
13456,17786,1724,141,3,"Great driver, very professional!",2023-03-19 15:13:10,2023-03
13457,17788,986,141,4,Super friendly and helpful.,2022-02-14 17:09:59,2022-02
13458,17789,141,1562,5,"Quick and efficient, thanks!",2022-09-07 19:04:19,2022-09
13459,17790,141,883,3,Got there safely.,2023-12-10 10:01:37,2023-12
13460,17790,883,141,4,Very clean car.,2023-12-10 10:21:37,2023-12
13461,17791,141,1999,5,,2022-06-10 11:20:18,2022-06
13462,17792,1089,1410,5,,2024-02-26 13:43:03,2024-02
13463,17794,1089,1471,4,,2023-11-03 05:13:50,2023-11
13464,17795,1089,1894,2,Car smelled bad.,2024-03-14 00:56:38,2024-03
13465,17796,1089,1001,4,,2022-03-31 16:57:16,2022-03
13466,17797,1089,508,4,,2024-04-08 00:32:37,2024-04
13467,17803,1089,120,2,,2022-08-14 14:06:56,2022-08
13468,17804,1089,726,4,,2024-02-29 01:39:17,2024-02
13469,17805,1089,539,4,Loved the music selection!,2024-05-02 22:57:24,2024-05
13470,17805,539,1089,4,Very clean car.,2024-05-02 22:27:24,2024-05
13471,17808,1089,452,4,"Perfect trip, no issues.",2023-05-02 20:42:43,2023-05
13472,17809,1089,977,3,Average experience.,2023-11-22 14:37:04,2023-11
13473,17811,1089,1105,4,Loved the music selection!,2022-07-29 09:33:28,2022-07
13474,17814,1089,664,5,,2022-09-13 03:57:09,2022-09
13475,17817,1089,1187,3,,2024-02-03 22:41:35,2024-02
13476,17819,1380,1089,2,Very clean car.,2022-02-19 13:01:39,2022-02
13477,17820,1089,866,4,Very comfortable ride.,2024-02-12 21:04:56,2024-02
13478,17820,866,1089,3,"Smooth ride, on time.",2024-02-12 20:19:56,2024-02
13479,17821,1089,1865,3,"OK trip, nothing special.",2023-07-05 03:22:34,2023-07
13480,17823,1089,1509,4,Very clean car.,2023-10-17 06:38:08,2023-10
13481,17824,1089,726,2,Not very clean.,2023-07-26 22:15:22,2023-07
13482,17825,1089,908,3,Trip was okay.,2022-09-23 11:47:46,2022-09
13483,17825,908,1089,3,,2022-09-23 12:16:46,2022-09
13484,17827,1089,647,4,,2023-05-12 16:29:56,2023-05
13485,17831,1089,1724,5,,2022-09-25 10:34:57,2022-09
13486,17832,1089,341,3,Decent experience.,2023-03-10 06:45:36,2023-03
13487,17832,341,1089,4,Super friendly and helpful.,2023-03-10 07:21:36,2023-03
13488,17835,1089,192,4,"Smooth ride, on time.",2024-02-24 18:15:01,2024-02
13489,17835,192,1089,2,,2024-02-24 17:50:01,2024-02
13490,17836,1983,1089,3,"Smooth ride, on time.",2023-10-09 14:57:02,2023-10
13491,17837,1089,1532,3,"OK trip, nothing special.",2022-05-06 15:48:42,2022-05
13492,17837,1532,1089,3,,2022-05-06 17:17:42,2022-05
13493,17838,412,1089,2,"Excellent service, will ride again.",2023-07-11 13:44:42,2023-07
13494,17839,1089,825,3,Fine driver.,2024-03-01 00:50:48,2024-03
13495,17840,1089,977,3,Acceptable ride.,2022-01-01 18:31:20,2022-01
13496,17841,1089,1606,3,,2024-01-09 04:31:49,2024-01
13497,17841,1606,1089,2,"Great driver, very professional!",2024-01-09 04:33:49,2024-01
13498,17842,1089,1881,4,"Perfect trip, no issues.",2022-08-15 16:08:37,2022-08
13499,17843,1089,1955,3,Acceptable ride.,2024-05-29 17:35:07,2024-05
13500,17843,1955,1089,4,"Excellent service, will ride again.",2024-05-29 18:18:07,2024-05
13501,17844,1089,997,4,Very comfortable ride.,2024-01-11 01:21:26,2024-01
13502,17845,472,1089,2,"Great driver, very professional!",2023-10-09 06:18:30,2023-10
13503,17849,1089,549,4,Car was spotless.,2024-03-20 20:26:15,2024-03
13504,17850,1089,1001,5,,2022-03-17 18:38:12,2022-03
13505,17851,1089,52,4,Loved the music selection!,2023-06-01 14:27:10,2023-06
13506,17854,1089,224,3,,2022-02-14 18:39:39,2022-02
13507,17855,1089,286,5,,2022-11-26 22:55:55,2022-11
13508,17856,1089,469,2,Took a longer route.,2023-11-22 02:47:10,2023-11
13509,17856,469,1089,4,"Excellent service, will ride again.",2023-11-22 03:40:10,2023-11
13510,17858,1089,1955,4,,2022-04-18 04:10:42,2022-04
13511,17860,1089,539,3,Got there safely.,2023-10-10 02:50:17,2023-10
13512,17863,1089,190,4,"Great rider, very polite.",2023-07-28 08:50:42,2023-07
13513,17864,1089,1221,5,Very clean car.,2024-05-08 13:28:49,2024-05
13514,17864,1221,1089,2,Super friendly and helpful.,2024-05-08 13:33:49,2024-05
13515,17865,1584,1089,3,"Great driver, very professional!",2022-03-05 19:15:30,2022-03
13516,17866,1089,742,4,Very comfortable ride.,2023-05-01 08:42:27,2023-05
13517,17867,1089,1795,2,,2022-11-14 05:52:08,2022-11
13518,17868,1089,1564,5,,2022-10-30 01:49:53,2022-10
13519,17869,1089,1562,3,,2024-02-22 01:03:29,2024-02
13520,17871,1089,1413,4,,2022-01-31 22:22:22,2022-01
13521,17873,1089,323,5,,2023-05-04 03:04:27,2023-05
13522,17874,1089,1099,4,"Smooth ride, on time.",2022-01-01 08:26:22,2022-01
13523,17874,1099,1089,4,"Great driver, very professional!",2022-01-01 09:05:22,2022-01
13524,17875,1089,1561,5,Super friendly and helpful.,2023-03-29 11:43:50,2023-03
13525,17877,1089,1443,3,,2022-01-30 09:36:27,2022-01
13526,17879,1089,643,3,Nothing to complain about.,2022-11-28 22:20:58,2022-11
13527,17881,1089,1131,4,,2023-07-25 17:06:45,2023-07
13528,17881,1131,1089,4,"Smooth ride, on time.",2023-07-25 18:06:45,2023-07
13529,17883,1089,248,5,Loved the music selection!,2023-06-21 17:01:51,2023-06
13530,17884,1089,1975,5,Car was spotless.,2022-03-21 01:10:27,2022-03
13531,17884,1975,1089,4,,2022-03-21 01:44:27,2022-03
13532,17885,1089,230,3,Average experience.,2023-03-16 17:40:58,2023-03
13533,17885,230,1089,4,Super friendly and helpful.,2023-03-16 17:10:58,2023-03
13534,17888,916,1001,4,Car was spotless.,2022-03-22 11:32:20,2022-03
13535,17890,448,916,4,Super friendly and helpful.,2022-06-07 15:41:46,2022-06
13536,17891,162,916,5,"Great driver, very professional!",2023-10-13 04:13:54,2023-10
13537,17893,916,1955,4,,2022-12-26 15:47:01,2022-12
13538,17894,1087,916,4,"Smooth ride, on time.",2022-07-26 02:08:36,2022-07
13539,17895,916,224,3,Nothing to complain about.,2022-11-06 10:51:25,2022-11
13540,17899,916,1658,5,Car was spotless.,2022-01-19 21:36:28,2022-01
13541,17900,916,1141,4,,2023-03-11 05:26:37,2023-03
13542,17901,1561,1718,4,Super friendly and helpful.,2022-07-12 10:18:46,2022-07
13543,17906,1821,1649,2,Driver was rude.,2023-09-17 18:16:38,2023-09
13544,17906,1649,1821,5,"Smooth ride, on time.",2023-09-17 17:05:38,2023-09
13545,17907,1821,1702,3,,2024-01-14 06:08:22,2024-01
13546,17908,1821,1713,3,Acceptable ride.,2024-01-17 14:58:21,2024-01
13547,17910,658,1100,5,,2022-08-24 20:12:46,2022-08
13548,17911,658,759,4,,2022-12-02 11:50:01,2022-12
13549,17913,717,118,5,Very clean car.,2022-08-29 08:44:00,2022-08
13550,17914,717,1608,4,,2023-12-06 10:17:02,2023-12
13551,17917,447,120,3,,2023-04-13 11:52:49,2023-04
13552,17918,447,1654,3,,2023-02-23 02:34:35,2023-02
13553,17918,1654,447,4,"Excellent service, will ride again.",2023-02-23 01:15:35,2023-02
13554,17919,447,1889,3,,2022-11-04 18:00:03,2022-11
13555,17920,447,1776,5,,2022-11-05 16:39:12,2022-11
13556,17921,447,2,5,Very courteous driver.,2024-02-19 15:33:15,2024-02
13557,17921,2,447,4,"Excellent service, will ride again.",2024-02-19 15:49:15,2024-02
13558,17922,447,1713,2,,2022-03-25 00:22:01,2022-03
13559,17923,447,1814,5,"Excellent service, will ride again.",2023-05-08 21:41:40,2023-05
13560,17924,447,1544,2,Car smelled bad.,2023-09-18 04:21:28,2023-09
13561,17924,1544,447,4,Very clean car.,2023-09-18 03:23:28,2023-09
13562,17925,335,447,4,Very clean car.,2023-05-16 13:36:12,2023-05
13563,17926,447,324,4,,2022-03-23 16:31:31,2022-03
13564,17927,447,1088,3,Trip was okay.,2022-12-24 06:52:41,2022-12
13565,17928,447,919,5,,2022-10-13 18:24:42,2022-10
13566,17931,447,643,4,,2023-07-04 08:13:51,2023-07
13567,17931,643,447,2,Super friendly and helpful.,2023-07-04 06:57:51,2023-07
13568,17932,447,1494,4,,2024-03-04 19:16:07,2024-03
13569,17933,447,811,3,,2022-11-14 19:05:21,2022-11
13570,17934,447,318,5,Very clean car.,2023-07-15 01:37:41,2023-07
13571,17937,447,1400,5,Fast and safe driver.,2023-08-31 05:07:38,2023-08
13572,17937,1400,447,4,Super friendly and helpful.,2023-08-31 07:25:38,2023-08
13573,17939,447,1105,5,,2023-01-31 10:27:19,2023-01
13574,17940,748,447,3,"Excellent service, will ride again.",2023-08-03 02:22:41,2023-08
13575,17941,447,776,3,,2023-11-03 02:18:18,2023-11
13576,17941,776,447,4,"Smooth ride, on time.",2023-11-03 02:43:18,2023-11
13577,17942,447,868,2,,2022-01-23 08:13:25,2022-01
13578,17945,447,341,5,"Perfect trip, no issues.",2022-11-03 20:59:15,2022-11
13579,17945,341,447,2,"Excellent service, will ride again.",2022-11-03 22:03:15,2022-11
13580,17946,118,447,5,,2022-03-14 20:44:16,2022-03
13581,17947,1041,447,4,"Smooth ride, on time.",2022-09-18 22:21:58,2022-09
13582,17948,447,1427,3,Trip was okay.,2022-05-30 12:03:29,2022-05
13583,17948,1427,447,3,Super friendly and helpful.,2022-05-30 13:16:29,2022-05
13584,17949,447,647,4,,2022-10-28 05:56:13,2022-10
13585,17950,447,121,4,Very comfortable ride.,2023-09-09 13:17:37,2023-09
13586,17951,447,1331,4,,2023-11-12 10:09:48,2023-11
13587,17951,1331,447,4,Very clean car.,2023-11-12 10:11:48,2023-11
13588,17952,1479,447,5,"Excellent service, will ride again.",2022-09-16 08:22:30,2022-09
13589,17953,447,1181,4,,2022-01-11 10:56:13,2022-01
13590,17954,447,327,4,,2024-02-20 06:39:20,2024-02
13591,17957,447,510,3,Got there safely.,2023-05-01 03:28:25,2023-05
13592,17957,510,447,4,"Excellent service, will ride again.",2023-05-01 03:52:25,2023-05
13593,17958,447,394,4,"Excellent service, will ride again.",2023-01-06 00:44:51,2023-01
13594,17958,394,447,3,Very clean car.,2023-01-05 23:07:51,2023-01
13595,17959,447,1839,3,Fine driver.,2022-08-10 23:32:35,2022-08
13596,17960,447,1324,4,,2024-03-11 14:18:00,2024-03
13597,17961,447,1134,4,Loved the music selection!,2022-12-03 06:09:47,2022-12
13598,17961,1134,447,3,,2022-12-03 05:36:47,2022-12
13599,17962,447,164,4,,2022-11-20 07:27:41,2022-11
13600,17963,461,447,2,"Excellent service, will ride again.",2023-01-11 14:01:43,2023-01
13601,17964,447,1205,3,,2022-11-10 01:37:01,2022-11
13602,17964,1205,447,4,Very clean car.,2022-11-10 02:48:01,2022-11
13603,17968,447,1812,3,Trip was okay.,2024-05-06 20:55:48,2024-05
13604,17969,447,957,4,Very courteous driver.,2023-10-10 11:27:21,2023-10
13605,17969,957,447,3,Very clean car.,2023-10-10 10:55:21,2023-10
13606,17971,447,155,5,,2023-08-15 22:46:09,2023-08
13607,17972,447,1699,3,,2022-12-10 15:13:17,2022-12
13608,17973,726,447,3,Very clean car.,2024-02-20 21:21:50,2024-02
13609,17975,447,1526,4,Loved the music selection!,2022-09-08 04:50:08,2022-09
13610,17975,1526,447,2,,2022-09-08 05:11:08,2022-09
13611,17977,884,477,5,Super friendly and helpful.,2024-03-23 21:11:16,2024-03
13612,17977,477,884,2,Very clean car.,2024-03-23 21:07:16,2024-03
13613,17979,1080,920,4,Super friendly and helpful.,2023-08-14 08:31:43,2023-08
13614,17980,1080,1955,4,,2022-03-08 05:27:03,2022-03
13615,17980,1955,1080,4,"Great driver, very professional!",2022-03-08 06:31:03,2022-03
13616,17981,1080,1544,4,"Great rider, very polite.",2024-01-04 20:07:18,2024-01
13617,17982,1080,1981,5,,2024-06-27 05:49:37,2024-06
13618,17982,1981,1080,4,Super friendly and helpful.,2024-06-27 04:42:37,2024-06
13619,17984,1080,256,5,Super friendly and helpful.,2023-09-03 03:17:13,2023-09
13620,17986,1080,1699,3,Got there safely.,2023-03-17 10:05:45,2023-03
13621,17987,1080,800,4,,2022-10-13 17:50:54,2022-10
13622,17989,1080,643,5,Fast and safe driver.,2023-05-06 14:07:42,2023-05
13623,17989,643,1080,3,"Great driver, very professional!",2023-05-06 14:13:42,2023-05
13624,17991,201,1080,4,Super friendly and helpful.,2022-03-09 03:08:47,2022-03
13625,17992,1080,1752,3,Nothing to complain about.,2023-06-18 19:21:49,2023-06
13626,17992,1752,1080,3,"Smooth ride, on time.",2023-06-18 19:48:49,2023-06
13627,17993,1080,1084,4,Very courteous driver.,2023-02-19 04:46:21,2023-02
13628,17994,1080,1472,4,"5 stars, highly recommend!",2023-04-05 10:20:23,2023-04
13629,17995,1080,1736,4,,2023-01-24 13:18:40,2023-01
13630,17996,1080,104,3,Fine driver.,2022-11-16 00:15:14,2022-11
13631,17997,1080,1302,4,,2022-12-22 22:12:12,2022-12
13632,17998,1080,448,4,,2024-02-10 04:29:15,2024-02
13633,17999,1080,1607,4,"Quick and efficient, thanks!",2022-03-11 10:40:16,2022-03
13634,17999,1607,1080,4,"Excellent service, will ride again.",2022-03-11 11:28:16,2022-03
13635,18000,1394,1080,4,"Excellent service, will ride again.",2023-09-28 23:46:48,2023-09
13636,18003,697,1080,4,"Smooth ride, on time.",2023-03-14 06:00:38,2023-03
13637,18005,1080,1206,5,"Smooth ride, on time.",2024-01-25 14:26:10,2024-01
13638,18006,1080,1775,4,"Great rider, very polite.",2022-03-16 00:24:22,2022-03
13639,18006,1775,1080,2,Super friendly and helpful.,2022-03-16 01:27:22,2022-03
13640,18008,1080,825,4,"Excellent service, will ride again.",2024-01-19 21:36:36,2024-01
13641,18008,825,1080,2,"Great driver, very professional!",2024-01-19 21:44:36,2024-01
13642,18009,1080,256,4,Fast and safe driver.,2023-07-29 12:23:13,2023-07
13643,18011,1026,1080,3,"Great driver, very professional!",2022-11-13 10:15:56,2022-11
13644,18012,1080,450,4,"Excellent service, will ride again.",2022-12-04 18:48:07,2022-12
13645,18013,1080,1739,4,Loved the music selection!,2022-11-24 23:58:36,2022-11
13646,18016,1080,118,4,,2022-08-13 14:24:03,2022-08
13647,18017,1080,1410,4,,2023-06-05 08:58:45,2023-06
13648,18018,834,1080,3,Very clean car.,2023-06-08 17:13:22,2023-06
13649,18019,1080,974,4,"Great driver, very professional!",2023-06-30 14:47:11,2023-06
13650,18019,974,1080,3,"Smooth ride, on time.",2023-06-30 17:32:11,2023-06
13651,18020,1080,1472,4,,2024-05-15 11:49:03,2024-05
13652,18022,1948,1080,3,,2022-03-21 09:12:49,2022-03
13653,18023,1080,235,4,Car was spotless.,2023-12-12 09:15:38,2023-12
13654,18025,1080,2,3,Nothing to complain about.,2022-04-07 16:01:18,2022-04
13655,18026,461,1080,2,"Smooth ride, on time.",2023-05-16 06:11:11,2023-05
13656,18028,1128,1080,5,"Excellent service, will ride again.",2023-09-03 15:39:12,2023-09
13657,18029,1080,131,5,,2022-08-24 22:55:17,2022-08
13658,18030,1080,834,3,,2022-04-23 23:41:54,2022-04
13659,18030,834,1080,2,,2022-04-24 00:08:54,2022-04
13660,18032,1080,121,4,Very clean car.,2022-02-23 10:45:14,2022-02
13661,18033,1080,192,5,,2022-03-22 13:35:04,2022-03
13662,18033,192,1080,2,"Excellent service, will ride again.",2022-03-22 15:34:04,2022-03
13663,18034,1080,434,5,,2023-01-05 04:15:17,2023-01
13664,18034,434,1080,4,"Excellent service, will ride again.",2023-01-05 06:22:17,2023-01
13665,18037,1080,1841,4,,2024-02-03 02:04:33,2024-02
13666,18039,1080,1301,5,Loved the music selection!,2023-03-10 08:12:58,2023-03
13667,18040,1080,608,5,,2022-01-01 04:02:25,2022-01
13668,18048,1080,549,5,"Great driver, very professional!",2023-08-11 08:34:02,2023-08
13669,18050,1080,986,4,"Smooth ride, on time.",2023-07-30 20:30:32,2023-07
13670,18050,986,1080,3,Very clean car.,2023-07-30 22:30:32,2023-07
13671,18051,1302,1080,4,Super friendly and helpful.,2022-06-11 07:12:14,2022-06
13672,18052,1080,1739,4,,2023-10-17 23:59:01,2023-10
13673,18054,1080,1590,3,,2024-03-09 09:54:03,2024-03
13674,18055,1080,2,4,"Perfect trip, no issues.",2022-10-21 18:31:56,2022-10
13675,18057,834,1080,4,"Excellent service, will ride again.",2024-03-17 00:32:31,2024-03
13676,18060,1314,65,5,"Great rider, very polite.",2023-08-03 08:22:40,2023-08
13677,18063,1752,734,3,Super friendly and helpful.,2022-05-06 15:16:47,2022-05
13678,18064,734,860,3,Average experience.,2023-02-13 14:35:55,2023-02
13679,18065,734,66,3,Got there safely.,2022-08-17 21:20:53,2022-08
13680,18067,734,1343,3,,2022-09-06 19:19:50,2022-09
13681,18069,734,256,3,"OK trip, nothing special.",2023-09-29 04:08:55,2023-09
13682,18069,256,734,2,"Smooth ride, on time.",2023-09-29 04:38:55,2023-09
13683,18070,734,543,3,Nothing to complain about.,2023-03-03 00:28:51,2023-03
13684,18071,734,393,5,Very comfortable ride.,2023-02-19 08:09:46,2023-02
13685,18072,734,1331,3,,2024-01-08 03:59:49,2024-01
13686,18072,1331,734,4,"Excellent service, will ride again.",2024-01-08 04:31:49,2024-01
13687,18075,734,469,2,,2022-12-25 23:21:33,2022-12
13688,18076,734,1181,4,,2022-04-09 13:24:40,2022-04
13689,18077,919,734,3,,2023-03-24 03:43:46,2023-03
13690,18080,734,256,3,Decent experience.,2023-09-16 15:28:41,2023-09
13691,18081,201,734,2,Super friendly and helpful.,2023-01-17 01:21:24,2023-01
13692,18082,734,1983,4,,2022-02-07 20:17:39,2022-02
13693,18083,734,782,3,Fine driver.,2023-01-16 19:55:38,2023-01
13694,18084,55,1287,2,"Smooth ride, on time.",2022-06-08 19:03:47,2022-06
13695,18086,1287,458,4,,2024-01-19 21:27:18,2024-01
13696,18086,458,1287,3,"Great driver, very professional!",2024-01-19 23:50:18,2024-01
13697,18087,1287,1790,5,,2022-10-12 14:10:08,2022-10
13698,18087,1790,1287,3,,2022-10-12 15:59:08,2022-10
13699,18088,1287,1397,4,,2022-05-29 10:54:39,2022-05
13700,18090,1287,258,4,Very courteous driver.,2023-07-21 20:00:09,2023-07
13701,18090,258,1287,3,Super friendly and helpful.,2023-07-21 22:07:09,2023-07
13702,18091,1287,1237,3,,2024-05-11 03:14:23,2024-05
13703,18092,1287,1206,4,Loved the music selection!,2022-04-30 05:50:42,2022-04
13704,18093,1287,65,3,,2024-01-18 12:35:06,2024-01
13705,18093,65,1287,2,Super friendly and helpful.,2024-01-18 13:27:06,2024-01
13706,18094,508,1287,2,Super friendly and helpful.,2022-03-05 16:21:00,2022-03
13707,18095,1287,2,4,"Excellent service, will ride again.",2023-05-18 08:20:53,2023-05
13708,18097,1287,868,3,,2022-10-09 19:21:46,2022-10
13709,18098,1287,1286,4,,2023-08-21 11:17:12,2023-08
13710,18102,1287,539,4,"Easy pickup, no problems.",2022-09-10 07:13:01,2022-09
13711,18103,1752,1287,3,"Great driver, very professional!",2023-02-09 04:33:59,2023-02
13712,18104,1287,1437,5,,2024-04-22 18:15:52,2024-04
13713,18104,1437,1287,4,,2024-04-22 18:48:52,2024-04
13714,18105,1287,1763,3,Average experience.,2024-03-11 11:28:12,2024-03
13715,18106,1287,1438,5,"Excellent service, will ride again.",2022-02-17 11:00:51,2022-02
13716,18106,1438,1287,4,"Smooth ride, on time.",2022-02-17 11:40:51,2022-02
13717,18107,1287,728,4,,2023-02-09 17:08:41,2023-02
13718,18110,1287,1041,4,,2023-03-17 04:37:14,2023-03
13719,18112,1287,959,4,,2023-09-08 02:37:13,2023-09
13720,18113,1287,341,3,"OK trip, nothing special.",2022-02-08 23:00:27,2022-02
13721,18114,1287,1755,2,,2023-10-03 16:38:28,2023-10
13722,18114,1755,1287,3,,2023-10-03 15:54:28,2023-10
13723,18115,1287,179,4,,2023-12-19 13:48:44,2023-12
13724,18117,1287,230,3,,2023-12-09 00:22:28,2023-12
13725,18118,1287,1482,2,,2024-05-03 06:35:10,2024-05
13726,18121,1287,131,3,Decent experience.,2023-02-03 20:03:26,2023-02
13727,18122,1287,235,4,"5 stars, highly recommend!",2023-08-15 03:13:48,2023-08
13728,18123,1287,1649,2,,2024-06-04 10:53:42,2024-06
13729,18126,1948,1287,4,"Smooth ride, on time.",2022-12-09 16:21:10,2022-12
13730,18127,1287,1693,2,,2022-12-22 19:11:29,2022-12
13731,18129,1287,1041,4,Very courteous driver.,2022-08-06 03:05:19,2022-08
13732,18129,1041,1287,2,Super friendly and helpful.,2022-08-06 02:25:19,2022-08
13733,18133,1287,1135,4,Super friendly and helpful.,2023-02-25 12:17:59,2023-02
13734,18133,1135,1287,3,,2023-02-25 13:22:59,2023-02
13735,18134,1287,125,3,,2024-06-26 09:34:03,2024-06
13736,18135,1287,104,3,,2023-06-24 01:29:39,2023-06
13737,18136,1287,139,5,,2024-06-03 12:03:52,2024-06
13738,18137,1287,1605,4,Super friendly and helpful.,2024-01-05 07:48:33,2024-01
13739,18139,1812,1287,4,Super friendly and helpful.,2023-01-29 20:31:42,2023-01
13740,18140,1287,1544,4,,2022-12-05 05:21:04,2022-12
13741,18142,1287,192,5,Fast and safe driver.,2023-06-22 08:46:51,2023-06
13742,18143,1507,1287,3,Very clean car.,2022-09-12 23:04:19,2022-09
13743,18149,1287,341,4,,2023-11-05 08:47:58,2023-11
13744,18152,1287,1302,5,"Great driver, very professional!",2022-08-07 10:58:03,2022-08
13745,18153,1287,1267,2,Had trouble finding the pickup spot.,2022-03-24 23:40:41,2022-03
13746,18154,1287,433,4,"Excellent service, will ride again.",2023-02-14 18:16:09,2023-02
13747,18154,433,1287,2,"Smooth ride, on time.",2023-02-14 17:20:09,2023-02
13748,18155,1287,328,3,Got there safely.,2022-12-23 08:49:50,2022-12
13749,18156,1287,97,4,Very comfortable ride.,2023-07-08 22:48:24,2023-07
13750,18156,97,1287,2,"Excellent service, will ride again.",2023-07-08 22:19:24,2023-07
13751,18159,1214,1356,4,Very comfortable ride.,2023-07-24 23:31:01,2023-07
13752,18162,1214,612,2,,2022-02-27 00:48:42,2022-02
13753,18163,1214,62,2,Driver was rude.,2022-06-28 12:45:01,2022-06
13754,18164,1214,1162,5,Fast and safe driver.,2023-06-27 20:39:45,2023-06
13755,18166,1214,878,3,,2024-01-01 09:47:52,2024-01
13756,18166,878,1214,4,Very clean car.,2024-01-01 09:19:52,2024-01
13757,18167,1214,1221,4,"Smooth ride, on time.",2022-03-30 14:20:28,2022-03
13758,18168,1214,553,5,,2022-05-28 02:49:00,2022-05
13759,18169,1214,1492,3,,2023-12-25 11:48:57,2023-12
13760,18169,1492,1214,3,,2023-12-25 10:31:57,2023-12
13761,18170,1214,542,4,Loved the music selection!,2024-05-04 22:09:33,2024-05
13762,18172,1214,1427,4,,2024-02-19 01:03:58,2024-02
13763,18174,323,1214,4,Very clean car.,2024-02-05 13:34:25,2024-02
13764,18176,1214,908,3,Average experience.,2023-03-26 11:07:43,2023-03
13765,18177,1214,1623,4,,2023-02-22 20:30:59,2023-02
13766,18179,1214,131,5,Fast and safe driver.,2022-11-01 13:47:57,2022-11
13767,18181,1214,510,4,Very clean car.,2022-12-08 00:51:42,2022-12
13768,18182,1437,1125,4,Super friendly and helpful.,2023-02-18 22:11:56,2023-02
13769,18185,1125,1413,2,Car smelled bad.,2023-05-09 02:12:31,2023-05
13770,18186,5,1125,3,"Excellent service, will ride again.",2022-08-03 01:31:01,2022-08
13771,18187,1125,393,4,,2024-01-30 05:58:57,2024-01
13772,18188,1651,1125,3,Super friendly and helpful.,2024-06-24 11:58:41,2024-06
13773,18189,1125,162,3,Trip was okay.,2022-07-04 19:10:43,2022-07
13774,18194,593,1125,3,Very clean car.,2022-05-06 16:12:43,2022-05
13775,18197,1125,1237,3,,2023-03-31 21:15:23,2023-03
13776,18198,1125,1309,3,,2023-11-02 09:31:58,2023-11
13777,18198,1309,1125,4,"Great driver, very professional!",2023-11-02 09:23:58,2023-11
13778,18199,1125,1984,4,,2024-03-14 17:37:34,2024-03
13779,18199,1984,1125,3,"Smooth ride, on time.",2024-03-14 16:57:34,2024-03
13780,18200,1125,1654,3,Trip was okay.,2023-06-26 17:50:20,2023-06
13781,18201,1125,1091,3,,2022-12-01 03:19:00,2022-12
13782,18202,1125,192,4,"Easy pickup, no problems.",2022-08-08 05:03:47,2022-08
13783,18205,1012,187,5,"Great rider, very polite.",2023-01-07 21:34:17,2023-01
13784,18205,187,1012,4,"Excellent service, will ride again.",2023-01-07 20:39:17,2023-01
13785,18207,1012,759,3,"OK trip, nothing special.",2022-04-29 13:41:53,2022-04
13786,18208,433,1012,4,,2022-07-12 21:19:18,2022-07
13787,18209,1012,498,5,,2023-11-10 17:45:59,2023-11
13788,18211,1012,202,3,Decent experience.,2022-01-13 17:43:53,2022-01
13789,18214,1205,1012,4,"Excellent service, will ride again.",2022-02-02 21:24:09,2022-02
13790,18215,1012,1403,4,,2022-09-15 13:05:32,2022-09
13791,18216,1569,1012,3,"Excellent service, will ride again.",2022-04-01 05:15:39,2022-04
13792,18217,1012,1479,4,Fast and safe driver.,2022-04-04 05:04:16,2022-04
13793,18218,1012,1764,2,Took too long.,2023-05-27 05:26:42,2023-05
13794,18218,1764,1012,3,"Smooth ride, on time.",2023-05-27 04:36:42,2023-05
13795,18219,1012,742,4,"Excellent service, will ride again.",2022-05-14 22:32:39,2022-05
13796,18221,1012,1210,4,"Quick and efficient, thanks!",2022-09-27 09:43:39,2022-09
13797,18225,1012,125,3,"OK trip, nothing special.",2023-02-25 14:14:47,2023-02
13798,18226,1012,131,5,Fast and safe driver.,2023-09-14 00:58:40,2023-09
13799,18226,131,1012,4,Very clean car.,2023-09-14 00:53:40,2023-09
13800,18227,1012,339,4,"Perfect trip, no issues.",2024-05-19 10:59:45,2024-05
13801,18228,1012,977,2,Took too long.,2024-01-18 10:33:31,2024-01
13802,18229,1012,1397,3,Fine driver.,2023-03-30 15:18:42,2023-03
13803,18231,1012,1438,3,,2024-02-04 18:14:29,2024-02
13804,18233,1012,446,5,,2023-04-19 09:27:21,2023-04
13805,18234,1012,1564,4,,2023-06-06 23:50:09,2023-06
13806,18235,448,1012,3,Very clean car.,2023-07-24 01:09:33,2023-07
13807,18237,1012,601,2,Not very clean.,2022-10-14 05:29:08,2022-10
13808,18238,1012,1532,2,Not very clean.,2024-02-23 07:31:41,2024-02
13809,18238,1532,1012,4,,2024-02-23 09:43:41,2024-02
13810,18239,1012,741,3,Acceptable ride.,2023-01-03 04:48:17,2023-01
13811,18239,741,1012,4,Super friendly and helpful.,2023-01-03 06:13:17,2023-01
13812,18240,430,1012,3,,2022-11-28 09:05:19,2022-11
13813,18241,1833,1497,4,"Easy pickup, no problems.",2022-05-10 15:28:36,2022-05
13814,18246,182,974,5,"Quick and efficient, thanks!",2023-09-12 01:31:39,2023-09
13815,18246,974,182,4,,2023-09-12 03:45:39,2023-09
13816,18247,182,1526,5,Very clean car.,2022-08-15 05:01:33,2022-08
13817,18247,1526,182,5,"Excellent service, will ride again.",2022-08-15 05:13:33,2022-08
13818,18248,1183,182,4,Very clean car.,2023-09-13 05:36:31,2023-09
13819,18249,1315,139,5,,2022-12-05 15:27:06,2022-12
13820,18249,139,1315,2,"Smooth ride, on time.",2022-12-05 15:28:06,2022-12
13821,18250,800,273,4,Very clean car.,2024-06-25 22:01:00,2024-06
13822,18251,273,1623,4,Car was spotless.,2023-09-15 15:41:26,2023-09
13823,18251,1623,273,1,Very clean car.,2023-09-15 16:20:26,2023-09
13824,18252,273,502,4,,2023-03-01 13:44:42,2023-03
13825,18254,273,1131,3,Average experience.,2023-07-25 21:39:46,2023-07
13826,18256,273,1087,4,"Great driver, very professional!",2022-10-21 23:09:53,2022-10
13827,18256,1087,273,3,"Smooth ride, on time.",2022-10-21 21:44:53,2022-10
13828,18257,273,664,3,Decent experience.,2023-12-06 21:50:57,2023-12
13829,18257,664,273,2,,2023-12-06 22:17:57,2023-12
13830,18258,273,1035,3,"OK trip, nothing special.",2023-05-14 23:14:02,2023-05
13831,18258,1035,273,3,Very clean car.,2023-05-15 00:47:02,2023-05
13832,18259,273,1983,4,,2022-11-21 19:45:00,2022-11
13833,18259,1983,273,3,"Excellent service, will ride again.",2022-11-21 21:28:00,2022-11
13834,18261,273,602,5,,2022-09-12 05:11:52,2022-09
13835,18262,273,959,5,"Great driver, very professional!",2023-04-09 08:20:20,2023-04
13836,18263,273,1894,4,"Great driver, very professional!",2023-09-14 20:33:33,2023-09
13837,18265,273,601,4,"Great driver, very professional!",2024-04-30 19:01:20,2024-04
13838,18266,273,125,4,,2023-12-18 07:33:03,2023-12
13839,18266,125,273,3,,2023-12-18 08:38:03,2023-12
13840,18267,273,338,5,,2024-05-17 06:11:40,2024-05
13841,18267,338,273,5,,2024-05-17 04:26:40,2024-05
13842,18268,273,920,3,,2023-03-13 18:30:34,2023-03
13843,18274,271,273,3,"Great driver, very professional!",2022-11-10 16:19:33,2022-11
13844,18275,273,834,5,,2022-02-21 16:11:54,2022-02
13845,18278,1628,467,4,,2022-12-09 07:05:29,2022-12
13846,18279,1628,1702,4,,2024-05-02 10:16:36,2024-05
13847,18280,1628,1410,4,Very clean car.,2024-02-13 04:22:57,2024-02
13848,18283,1301,1628,4,Super friendly and helpful.,2023-01-31 07:34:50,2023-01
13849,18284,1796,1026,4,Very comfortable ride.,2023-07-11 12:13:12,2023-07
13850,18285,88,1081,4,,2022-03-02 03:44:21,2022-03
13851,18285,1081,88,3,,2022-03-02 04:31:21,2022-03
13852,18286,32,1001,5,"Quick and efficient, thanks!",2023-06-02 18:09:33,2023-06
13853,18287,32,1999,4,,2022-11-28 15:24:41,2022-11
13854,18288,778,32,3,Very clean car.,2022-10-22 11:39:28,2022-10
13855,18293,32,1288,3,,2022-09-10 00:59:32,2022-09
13856,18294,32,2,5,,2022-01-31 13:48:40,2022-01
13857,18299,32,1993,3,Decent experience.,2022-12-21 06:38:48,2022-12
13858,18299,1993,32,4,"Great driver, very professional!",2022-12-21 06:24:48,2022-12
13859,18301,32,199,4,,2022-05-14 13:53:03,2022-05
13860,18302,1996,485,4,,2023-03-27 06:59:34,2023-03
13861,18303,1996,697,5,,2024-03-20 13:44:02,2024-03
13862,18303,697,1996,4,,2024-03-20 14:34:02,2024-03
13863,18306,1996,842,4,"Quick and efficient, thanks!",2022-03-01 05:27:37,2022-03
13864,18308,1996,389,3,Decent experience.,2024-01-26 15:59:57,2024-01
13865,18309,1996,256,4,,2024-04-21 04:19:47,2024-04
13866,18309,256,1996,3,"Smooth ride, on time.",2024-04-21 04:49:47,2024-04
13867,18312,1996,932,5,Super friendly and helpful.,2022-11-23 15:21:54,2022-11
13868,18313,1996,1162,4,,2024-02-19 09:50:44,2024-02
13869,18316,1996,327,4,"Easy pickup, no problems.",2022-07-30 00:47:57,2022-07
13870,18316,327,1996,3,Very clean car.,2022-07-30 02:53:57,2022-07
13871,18317,1996,891,4,,2022-03-30 06:07:01,2022-03
13872,18317,891,1996,2,Super friendly and helpful.,2022-03-30 07:05:01,2022-03
13873,18324,847,467,4,Fast and safe driver.,2022-05-16 17:38:01,2022-05
13874,18325,847,66,4,"Great driver, very professional!",2022-05-03 08:05:59,2022-05
13875,18325,66,847,3,"Excellent service, will ride again.",2022-05-03 09:31:59,2022-05
13876,18326,1162,847,4,,2023-11-16 09:24:58,2023-11
13877,18328,847,62,2,Not very clean.,2022-03-09 17:32:01,2022-03
13878,18329,847,1995,3,,2023-10-20 19:58:18,2023-10
13879,18333,847,1841,2,Driver was rude.,2023-11-13 20:43:35,2023-11
13880,18334,847,585,4,"Easy pickup, no problems.",2023-09-18 20:10:00,2023-09
13881,18335,847,1651,5,,2022-09-27 08:04:43,2022-09
13882,18335,1651,847,3,"Excellent service, will ride again.",2022-09-27 08:28:43,2022-09
13883,18336,847,229,4,Very clean car.,2022-07-02 14:37:48,2022-07
13884,18337,164,847,3,"Smooth ride, on time.",2023-05-19 18:10:33,2023-05
13885,18338,847,1497,4,Car was spotless.,2022-12-16 10:12:15,2022-12
13886,18342,847,66,4,Car was spotless.,2022-04-14 17:29:30,2022-04
13887,18344,598,825,4,,2022-09-24 07:08:50,2022-09
13888,18347,598,645,5,,2023-03-27 15:40:06,2023-03
13889,18347,645,598,3,"Smooth ride, on time.",2023-03-27 16:39:06,2023-03
13890,18349,1602,1479,4,"Quick and efficient, thanks!",2022-05-08 23:03:24,2022-05
13891,18349,1479,1602,5,Very clean car.,2022-05-08 22:32:24,2022-05
13892,18354,377,1141,5,,2022-12-31 16:44:38,2022-12
13893,18354,1141,377,2,Super friendly and helpful.,2022-12-31 16:16:38,2022-12
13894,18355,377,52,3,Decent experience.,2024-01-11 03:25:41,2024-01
13895,18355,52,377,4,"Smooth ride, on time.",2024-01-11 04:29:41,2024-01
13896,18356,1282,1492,4,,2024-03-01 22:52:47,2024-03
13897,18358,1282,1623,5,Very courteous driver.,2023-11-14 13:06:26,2023-11
13898,18358,1623,1282,3,,2023-11-14 14:09:26,2023-11
13899,18359,1282,452,3,,2024-01-12 16:02:41,2024-01
13900,18362,1555,1282,4,Super friendly and helpful.,2022-06-18 13:49:54,2022-06
13901,18363,1282,224,2,,2024-04-25 04:39:45,2024-04
13902,18365,1282,1355,4,"Easy pickup, no problems.",2022-10-05 00:20:56,2022-10
13903,18366,1282,121,4,,2022-03-06 11:21:56,2022-03
13904,18366,121,1282,3,,2022-03-06 11:06:56,2022-03
13905,18369,1282,31,3,"OK trip, nothing special.",2024-03-14 23:22:03,2024-03
13906,18370,1282,1814,3,,2023-02-25 08:26:25,2023-02
13907,18371,1282,593,4,,2023-02-04 20:31:21,2023-02
13908,18374,1282,765,3,Decent experience.,2022-09-02 02:40:57,2022-09
13909,18374,765,1282,4,"Smooth ride, on time.",2022-09-02 02:25:57,2022-09
13910,18375,1282,974,4,,2022-08-25 00:00:50,2022-08
13911,18377,1282,258,4,"Great driver, very professional!",2024-01-10 20:55:20,2024-01
13912,18377,258,1282,3,"Smooth ride, on time.",2024-01-10 21:28:20,2024-01
13913,18379,1282,1700,3,"OK trip, nothing special.",2024-06-13 23:38:08,2024-06
13914,18379,1700,1282,3,"Excellent service, will ride again.",2024-06-14 00:43:08,2024-06
13915,18380,1282,1693,3,,2024-06-24 10:49:38,2024-06
13916,18380,1693,1282,3,"Excellent service, will ride again.",2024-06-24 10:44:38,2024-06
13917,18381,664,1282,4,Super friendly and helpful.,2024-01-30 02:15:12,2024-01
13918,18382,1282,1187,3,,2022-08-03 08:26:40,2022-08
13919,18383,1282,1111,1,Had trouble finding the pickup spot.,2022-12-09 19:27:07,2022-12
13920,18383,1111,1282,3,"Excellent service, will ride again.",2022-12-09 20:38:07,2022-12
13921,18384,1282,97,4,Car was spotless.,2022-03-22 13:11:46,2022-03
13922,18386,1282,1350,4,,2023-12-03 11:30:04,2023-12
13923,18387,117,1282,3,,2024-01-21 20:59:20,2024-01
13924,18389,1282,448,4,,2023-03-19 05:31:31,2023-03
13925,18391,1282,1302,5,Very clean car.,2024-06-12 10:54:29,2024-06
13926,18393,1282,1060,3,,2022-04-17 07:14:26,2022-04
13927,18393,1060,1282,3,Very clean car.,2022-04-17 06:22:26,2022-04
13928,18394,1564,1282,2,"Excellent service, will ride again.",2023-04-18 08:40:24,2023-04
13929,18395,1282,1410,5,,2023-12-03 13:05:33,2023-12
13930,18398,1482,1282,2,"Great driver, very professional!",2023-12-12 02:57:56,2023-12
13931,18399,1282,883,5,Very comfortable ride.,2024-03-23 01:22:44,2024-03
13932,18400,1282,860,3,Got there safely.,2024-03-04 19:55:45,2024-03
13933,18401,1651,1282,4,Super friendly and helpful.,2022-12-06 15:11:28,2022-12
13934,18402,1282,1853,3,,2022-08-02 22:37:09,2022-08
13935,18403,1282,542,5,Very comfortable ride.,2023-05-12 21:10:00,2023-05
13936,18404,1282,448,5,,2023-01-15 11:48:00,2023-01
13937,18405,1965,1282,2,"Great driver, very professional!",2023-09-12 08:13:58,2023-09
13938,18408,1282,31,4,,2024-05-10 06:09:44,2024-05
13939,18409,1282,777,4,,2023-04-15 23:03:59,2023-04
13940,18410,1282,1170,3,,2023-02-19 19:55:57,2023-02
13941,18411,1410,1282,3,"Smooth ride, on time.",2022-11-25 00:49:06,2022-11
13942,18412,1393,187,4,,2022-09-24 23:39:43,2022-09
13943,18413,1393,593,5,Very courteous driver.,2022-11-30 21:18:18,2022-11
13944,18415,1651,1393,3,Super friendly and helpful.,2023-01-16 17:25:25,2023-01
13945,18416,1393,825,3,Fine driver.,2024-05-06 01:44:58,2024-05
13946,18417,1393,194,4,,2022-01-31 06:17:03,2022-01
13947,18418,1393,1293,4,,2023-01-23 20:21:45,2023-01
13948,18422,1393,1170,5,"Great driver, very professional!",2022-07-11 16:11:14,2022-07
13949,18423,1393,1890,3,,2023-08-15 01:17:59,2023-08
13950,18425,1393,1087,4,"Excellent service, will ride again.",2023-06-01 18:17:13,2023-06
13951,18427,1393,1108,4,,2024-03-03 08:04:42,2024-03
13952,18428,1393,1227,5,Very clean car.,2022-07-21 11:52:35,2022-07
13953,18428,1227,1393,3,"Smooth ride, on time.",2022-07-21 13:34:35,2022-07
13954,18429,1393,1933,3,,2022-02-09 19:28:37,2022-02
13955,18432,1393,665,3,Average experience.,2022-04-14 02:46:36,2022-04
13956,18432,665,1393,2,,2022-04-14 03:35:36,2022-04
13957,18433,1393,271,4,,2022-10-13 09:19:21,2022-10
13958,18434,1393,1081,5,,2022-04-14 05:41:22,2022-04
13959,18434,1081,1393,3,"Excellent service, will ride again.",2022-04-14 07:46:22,2022-04
13960,18435,1393,1206,5,"5 stars, highly recommend!",2023-04-19 16:55:19,2023-04
13961,18436,1843,1087,4,"Quick and efficient, thanks!",2023-10-14 04:56:30,2023-10
13962,18436,1087,1843,5,,2023-10-14 04:57:30,2023-10
13963,18437,1843,1948,5,"Great rider, very polite.",2022-08-19 08:42:53,2022-08
13964,18437,1948,1843,3,,2022-08-19 08:13:53,2022-08
13965,18438,1843,139,5,Very comfortable ride.,2024-02-14 01:54:30,2024-02
13966,18439,1843,498,4,"Perfect trip, no issues.",2024-06-07 07:39:46,2024-06
13967,18440,1843,1427,3,,2023-12-02 00:58:23,2023-12
13968,18441,1843,553,5,Car was spotless.,2023-04-28 06:25:53,2023-04
13969,18443,271,1843,4,"Great driver, very professional!",2024-06-20 12:28:57,2024-06
13970,18444,1843,986,3,Nothing to complain about.,2023-11-10 03:30:11,2023-11
13971,18445,1843,932,4,"Easy pickup, no problems.",2022-01-11 20:09:10,2022-01
13972,18446,1843,1206,3,,2022-04-13 16:29:44,2022-04
13973,18447,1843,1894,3,"OK trip, nothing special.",2022-05-28 10:01:42,2022-05
13974,18448,1790,1843,3,Super friendly and helpful.,2022-05-26 08:00:39,2022-05
13975,18450,1843,506,4,"Great rider, very polite.",2024-03-16 11:30:17,2024-03
13976,18455,832,1825,5,,2022-02-15 18:49:23,2022-02
13977,18456,832,194,4,"Easy pickup, no problems.",2022-07-21 23:23:44,2022-07
13978,18456,194,832,4,"Great driver, very professional!",2022-07-21 22:16:44,2022-07
13979,18459,832,1397,4,,2022-08-29 19:32:46,2022-08
13980,18462,832,969,3,Fine driver.,2023-07-04 00:11:25,2023-07
13981,18464,599,765,4,Super friendly and helpful.,2023-04-17 00:41:01,2023-04
13982,18465,599,258,4,,2024-06-28 10:20:44,2024-06
13983,18466,1563,201,4,Super friendly and helpful.,2022-05-03 00:46:59,2022-05
13984,18467,1563,62,4,,2023-01-10 08:42:11,2023-01
13985,18468,1563,549,5,,2022-09-25 01:34:33,2022-09
13986,18469,987,822,3,,2024-01-14 05:09:14,2024-01
13987,18471,987,1700,5,"Easy pickup, no problems.",2023-04-02 10:33:15,2023-04
13988,18472,987,192,3,Acceptable ride.,2024-04-09 15:27:12,2024-04
13989,18473,82,1403,3,Trip was okay.,2023-11-07 08:11:56,2023-11
13990,18474,513,1795,4,Fast and safe driver.,2024-06-06 01:22:18,2024-06
13991,18475,14,513,2,Very clean car.,2024-06-26 16:07:35,2024-06
13992,18476,868,513,3,"Great driver, very professional!",2024-02-07 18:36:38,2024-02
13993,18478,1969,728,5,,2022-11-14 12:41:47,2022-11
13994,18478,728,1969,4,,2022-11-14 12:54:47,2022-11
13995,18479,1832,1933,3,,2022-01-28 10:34:54,2022-01
13996,18481,843,52,5,,2023-09-24 14:04:05,2023-09
13997,18481,52,843,4,"Smooth ride, on time.",2023-09-24 14:01:05,2023-09
13998,18482,843,65,4,Very courteous driver.,2024-05-01 05:20:34,2024-05
13999,18483,660,450,2,Rough driving.,2023-04-26 22:21:17,2023-04
14000,18488,1741,105,1,Super friendly and helpful.,2023-02-11 04:39:07,2023-02
14001,18490,105,1995,3,Decent experience.,2023-12-08 02:57:05,2023-12
14002,18490,1995,105,3,Very clean car.,2023-12-08 03:21:05,2023-12
14003,18492,640,389,4,Loved the music selection!,2023-02-13 14:40:12,2023-02
14004,18497,1556,1495,3,Average experience.,2022-05-13 14:25:27,2022-05
14005,18497,1495,1556,2,Very clean car.,2022-05-13 14:29:27,2022-05
14006,18499,1556,860,3,,2022-09-25 16:44:19,2022-09
14007,18500,1556,187,5,"Quick and efficient, thanks!",2024-06-08 10:47:57,2024-06
14008,18501,1556,1830,4,,2023-03-13 08:21:14,2023-03
14009,18501,1830,1556,4,"Excellent service, will ride again.",2023-03-13 09:15:14,2023-03
14010,18502,1556,1991,3,Acceptable ride.,2023-12-20 06:01:09,2023-12
14011,18505,1556,1947,4,,2022-12-20 12:01:38,2022-12
14012,18506,1556,1060,4,Very comfortable ride.,2023-02-12 11:19:27,2023-02
14013,18507,177,1187,5,,2023-12-01 15:31:30,2023-12
14014,18508,177,115,2,,2024-02-27 13:37:59,2024-02
14015,18509,177,452,5,,2024-01-24 19:53:31,2024-01
14016,18514,759,1388,3,"Smooth ride, on time.",2022-06-15 16:08:05,2022-06
14017,18515,1388,1495,5,,2024-01-15 20:50:55,2024-01
14018,18518,1388,1227,4,Car was spotless.,2023-09-03 08:09:30,2023-09
14019,18519,1388,601,3,Trip was okay.,2022-08-17 11:26:34,2022-08
14020,18521,1388,1183,5,"Great rider, very polite.",2023-06-25 09:58:33,2023-06
14021,18522,1388,986,4,,2022-09-24 23:28:31,2022-09
14022,18522,986,1388,3,"Smooth ride, on time.",2022-09-25 01:50:31,2022-09
14023,18523,1388,544,5,,2023-05-04 13:24:35,2023-05
14024,18524,1388,736,3,,2022-03-03 17:50:41,2022-03
14025,18525,782,1388,3,,2022-12-29 23:17:27,2022-12
14026,18527,1388,1781,4,,2022-08-17 21:30:09,2022-08
14027,18528,1388,393,5,,2023-04-26 08:26:02,2023-04
14028,18528,393,1388,4,,2023-04-26 09:19:02,2023-04
14029,18529,1388,506,4,,2022-05-12 06:31:36,2022-05
14030,18529,506,1388,3,"Excellent service, will ride again.",2022-05-12 06:46:36,2022-05
14031,18531,1388,883,4,,2022-06-10 21:12:43,2022-06
14032,18532,1388,974,4,,2022-08-14 12:07:41,2022-08
14033,18533,1388,434,5,"Smooth ride, on time.",2024-05-24 00:10:58,2024-05
14034,18533,434,1388,3,"Smooth ride, on time.",2024-05-24 01:57:58,2024-05
14035,18535,1388,508,5,Fast and safe driver.,2022-05-14 18:52:15,2022-05
14036,18536,1388,947,5,,2023-02-21 17:22:22,2023-02
14037,18537,1388,502,4,Very comfortable ride.,2022-02-12 17:02:03,2022-02
14038,18538,1388,389,4,,2023-11-28 05:39:08,2023-11
14039,18540,1388,1210,4,,2022-02-13 16:38:36,2022-02
14040,18540,1210,1388,4,"Great driver, very professional!",2022-02-13 19:32:36,2022-02
14041,18541,1388,1781,3,"OK trip, nothing special.",2022-11-22 15:43:18,2022-11
14042,18542,1388,1699,4,,2024-05-28 16:51:31,2024-05
14043,18542,1699,1388,4,Very clean car.,2024-05-28 18:54:31,2024-05
14044,18546,1388,224,4,"Perfect trip, no issues.",2023-04-30 12:46:27,2023-04
14045,18546,224,1388,2,,2023-04-30 12:25:27,2023-04
14046,18548,1388,867,3,Decent experience.,2022-11-25 07:50:34,2022-11
14047,18549,1388,192,3,Got there safely.,2023-05-12 22:35:09,2023-05
14048,18549,192,1388,4,Very clean car.,2023-05-13 00:16:09,2023-05
14049,18553,1388,1128,4,,2022-05-09 20:09:22,2022-05
14050,18555,986,1388,4,"Great driver, very professional!",2023-01-05 08:14:49,2023-01
14051,18556,1388,1403,3,Nothing to complain about.,2023-12-11 10:54:05,2023-12
14052,18556,1403,1388,4,"Excellent service, will ride again.",2023-12-11 11:39:05,2023-12
14053,18559,1388,1040,4,,2023-04-17 14:43:42,2023-04
14054,18560,1388,450,5,,2023-01-03 01:28:23,2023-01
14055,18561,201,1388,3,"Smooth ride, on time.",2023-03-26 20:29:36,2023-03
14056,18564,1388,469,4,,2023-09-19 20:59:31,2023-09
14057,18564,469,1388,3,,2023-09-19 23:17:31,2023-09
14058,18568,1388,258,5,Very clean car.,2023-08-07 00:49:40,2023-08
14059,18570,1388,328,4,"Great rider, very polite.",2022-02-23 05:48:00,2022-02
14060,18570,328,1388,3,"Great driver, very professional!",2022-02-23 04:32:00,2022-02
14061,18571,1388,1350,4,,2024-04-24 22:09:32,2024-04
14062,18571,1350,1388,5,"Great driver, very professional!",2024-04-24 21:50:32,2024-04
14063,18572,1288,1388,4,Very clean car.,2023-11-21 05:10:06,2023-11
14064,18573,1388,1699,2,Driver was late.,2024-05-07 02:52:49,2024-05
14065,18574,1388,1509,4,,2024-06-10 17:43:25,2024-06
14066,18574,1509,1388,3,Super friendly and helpful.,2024-06-10 18:46:25,2024-06
14067,18575,1388,996,5,,2024-05-22 00:01:20,2024-05
14068,18575,996,1388,3,"Great driver, very professional!",2024-05-21 23:55:20,2024-05
14069,18579,1388,1196,5,,2022-06-01 16:50:41,2022-06
14070,18579,1196,1388,4,,2022-06-01 15:47:41,2022-06
14071,18580,1388,1227,4,Very clean car.,2022-10-28 12:32:53,2022-10
14072,18580,1227,1388,3,,2022-10-28 13:51:53,2022-10
14073,18582,1781,1388,3,"Smooth ride, on time.",2022-10-29 17:54:02,2022-10
14074,18584,1388,1293,4,,2023-05-09 00:57:15,2023-05
14075,18584,1293,1388,3,"Great driver, very professional!",2023-05-09 03:10:15,2023-05
14076,18585,1388,24,3,Got there safely.,2023-06-22 02:59:48,2023-06
14077,18586,1388,1023,1,,2023-01-09 16:56:18,2023-01
14078,18590,33,1237,4,,2023-04-25 19:02:29,2023-04
14079,18590,1237,33,4,Very clean car.,2023-04-25 20:46:29,2023-04
14080,18593,33,147,3,Average experience.,2023-07-18 06:50:43,2023-07
14081,18595,33,467,3,,2023-09-06 20:02:59,2023-09
14082,18597,33,210,4,Car was spotless.,2024-03-21 14:15:46,2024-03
14083,18597,210,33,3,"Smooth ride, on time.",2024-03-21 14:26:46,2024-03
14084,18598,33,1288,4,,2022-06-08 05:39:43,2022-06
14085,18598,1288,33,3,Very clean car.,2022-06-08 06:47:43,2022-06
14086,18600,33,543,3,,2022-09-15 04:14:22,2022-09
14087,18603,1831,201,5,Super friendly and helpful.,2022-02-07 13:38:18,2022-02
14088,18605,903,1983,4,"Great driver, very professional!",2022-11-10 14:19:46,2022-11
14089,18607,1215,1237,5,"Great driver, very professional!",2024-05-16 16:47:31,2024-05
14090,18608,1302,1215,2,Very clean car.,2023-02-19 13:03:50,2023-02
14091,18609,1215,494,5,"Quick and efficient, thanks!",2023-11-09 07:08:44,2023-11
14092,18610,1215,571,4,Very courteous driver.,2022-02-14 12:38:27,2022-02
14093,18610,571,1215,4,"Excellent service, will ride again.",2022-02-14 12:35:27,2022-02
14094,18612,1302,193,3,"Great driver, very professional!",2024-04-30 12:00:34,2024-04
14095,18614,193,553,5,,2023-01-06 10:08:04,2023-01
14096,18615,193,929,5,,2023-08-13 14:07:28,2023-08
14097,18616,193,1584,4,,2023-06-20 20:49:53,2023-06
14098,18616,1584,193,3,Super friendly and helpful.,2023-06-20 22:19:53,2023-06
14099,18617,193,190,2,,2022-04-17 03:31:19,2022-04
14100,18618,193,24,5,,2022-01-09 11:54:39,2022-01
14101,18618,24,193,3,,2022-01-09 11:12:39,2022-01
14102,18621,248,1893,5,"Smooth ride, on time.",2023-05-07 00:04:41,2023-05
14103,18622,1893,1162,4,Very courteous driver.,2023-09-07 09:05:43,2023-09
14104,18622,1162,1893,5,Super friendly and helpful.,2023-09-07 09:13:43,2023-09
14105,18623,1893,1555,4,"5 stars, highly recommend!",2022-10-24 07:25:28,2022-10
14106,18625,1893,1948,3,Acceptable ride.,2023-04-14 16:49:19,2023-04
14107,18628,1623,1893,4,"Smooth ride, on time.",2023-10-01 23:58:33,2023-10
14108,18632,1893,1507,5,,2022-10-08 11:25:55,2022-10
14109,18633,1893,1826,4,"Perfect trip, no issues.",2023-04-28 00:25:49,2023-04
14110,18634,1893,318,5,Very clean car.,2022-10-15 13:53:01,2022-10
14111,18634,318,1893,4,"Excellent service, will ride again.",2022-10-15 14:07:01,2022-10
14112,18635,5,1893,3,"Great driver, very professional!",2023-01-14 11:39:07,2023-01
14113,18636,1893,1030,5,,2022-03-28 02:39:12,2022-03
14114,18638,1893,1653,4,Very comfortable ride.,2023-05-13 00:43:01,2023-05
14115,18639,1893,331,4,"Great rider, very polite.",2022-04-01 09:30:15,2022-04
14116,18641,1893,665,4,,2023-04-26 20:05:12,2023-04
14117,18643,1893,974,3,Trip was okay.,2023-07-03 21:19:17,2023-07
14118,18643,974,1893,2,"Smooth ride, on time.",2023-07-03 22:30:17,2023-07
14119,18645,1893,192,4,"Quick and efficient, thanks!",2024-01-29 14:24:36,2024-01
14120,18647,1756,630,4,"Excellent service, will ride again.",2022-07-28 23:37:14,2022-07
14121,18648,1756,1099,5,"Great rider, very polite.",2024-03-09 19:50:30,2024-03
14122,18649,970,1035,4,Very courteous driver.,2022-01-11 10:24:57,2022-01
14123,18650,542,970,4,Super friendly and helpful.,2023-08-22 03:36:45,2023-08
14124,18651,878,970,3,"Great driver, very professional!",2023-11-01 05:05:07,2023-11
14125,18652,970,1380,4,"5 stars, highly recommend!",2024-05-04 07:32:21,2024-05
14126,18652,1380,970,2,"Excellent service, will ride again.",2024-05-04 08:22:21,2024-05
14127,18653,970,1394,2,Took a longer route.,2022-02-28 18:23:39,2022-02
14128,18653,1394,970,2,"Excellent service, will ride again.",2022-02-28 18:21:39,2022-02
14129,18654,970,393,4,,2022-02-25 10:07:15,2022-02
14130,18655,970,515,3,"OK trip, nothing special.",2023-04-08 04:19:55,2023-04
14131,18656,970,1461,4,"5 stars, highly recommend!",2022-07-20 20:10:37,2022-07
14132,18657,970,341,3,Nothing to complain about.,2023-07-18 15:24:23,2023-07
14133,18662,970,1237,4,"Great driver, very professional!",2023-06-27 15:18:29,2023-06
14134,18662,1237,970,3,Super friendly and helpful.,2023-06-27 15:44:29,2023-06
14135,18663,970,439,3,,2023-04-08 23:39:11,2023-04
14136,18663,439,970,2,Super friendly and helpful.,2023-04-09 00:24:11,2023-04
14137,18664,1328,970,3,"Smooth ride, on time.",2022-02-06 15:43:03,2022-02
14138,18665,970,549,5,,2022-11-08 04:09:11,2022-11
14139,18666,155,970,4,"Excellent service, will ride again.",2022-01-31 15:49:38,2022-01
14140,18667,970,1562,5,"Excellent service, will ride again.",2022-09-16 02:17:14,2022-09
14141,18669,1640,970,3,Very clean car.,2022-07-16 01:05:38,2022-07
14142,18671,970,1955,5,,2022-05-28 15:21:28,2022-05
14143,18673,1030,970,4,Super friendly and helpful.,2023-06-27 07:50:31,2023-06
14144,18676,970,1658,3,Got there safely.,2022-10-14 17:44:20,2022-10
14145,18676,1658,970,3,"Excellent service, will ride again.",2022-10-14 17:14:20,2022-10
14146,18677,970,24,4,,2023-09-28 00:52:00,2023-09
14147,18679,970,1026,5,,2024-02-03 23:47:22,2024-02
14148,18680,970,570,4,Super friendly and helpful.,2023-02-11 01:49:48,2023-02
14149,18680,570,970,2,"Excellent service, will ride again.",2023-02-11 03:08:48,2023-02
14150,18681,324,970,4,"Smooth ride, on time.",2022-03-12 02:41:00,2022-03
14151,18682,970,506,3,,2023-04-21 21:25:41,2023-04
14152,18683,970,1937,4,,2022-09-03 23:23:08,2022-09
14153,18685,1547,970,4,"Excellent service, will ride again.",2023-12-25 11:38:36,2023-12
14154,18686,970,705,5,,2024-05-14 07:39:16,2024-05
14155,18687,970,860,4,"Easy pickup, no problems.",2023-06-04 23:18:08,2023-06
14156,18688,970,439,4,,2023-07-04 17:59:55,2023-07
14157,18689,970,1104,3,,2022-02-13 06:45:14,2022-02
14158,18689,1104,970,4,"Great driver, very professional!",2022-02-13 06:28:14,2022-02
14159,18691,970,593,4,"Great rider, very polite.",2022-11-15 23:31:57,2022-11
14160,18695,970,1869,2,,2023-01-14 12:12:53,2023-01
14161,18695,1869,970,3,"Excellent service, will ride again.",2023-01-14 10:49:53,2023-01
14162,18696,15,970,4,"Smooth ride, on time.",2023-09-20 16:55:35,2023-09
14163,18697,1309,970,4,,2023-03-13 01:43:18,2023-03
14164,18698,1108,970,1,Very clean car.,2023-08-13 04:37:56,2023-08
14165,18699,970,544,3,,2022-09-25 05:25:50,2022-09
14166,18699,544,970,4,,2022-09-25 07:09:50,2022-09
14167,18700,970,66,5,,2022-06-15 19:52:20,2022-06
14168,18700,66,970,4,"Smooth ride, on time.",2022-06-15 19:31:20,2022-06
14169,18701,970,1889,4,,2024-02-21 20:37:54,2024-02
14170,18702,970,1965,4,,2023-03-31 17:04:13,2023-03
14171,18703,970,412,4,,2023-11-22 12:14:31,2023-11
14172,18704,970,324,5,,2024-06-18 06:52:13,2024-06
14173,18706,970,1640,3,Trip was okay.,2023-07-22 11:31:43,2023-07
14174,18706,1640,970,2,"Excellent service, will ride again.",2023-07-22 12:21:43,2023-07
14175,18707,970,192,3,"OK trip, nothing special.",2023-03-25 16:32:07,2023-03
14176,18708,970,119,5,,2024-05-14 09:16:00,2024-05
14177,18708,119,970,3,Super friendly and helpful.,2024-05-14 09:18:00,2024-05
14178,18709,970,1243,4,Very comfortable ride.,2023-01-28 15:34:39,2023-01
14179,18711,970,24,4,"5 stars, highly recommend!",2024-06-13 23:58:51,2024-06
14180,18711,24,970,2,,2024-06-14 02:42:51,2024-06
14181,18712,970,1790,4,Fast and safe driver.,2023-09-24 21:04:57,2023-09
14182,18713,970,15,4,Super friendly and helpful.,2023-01-31 08:15:50,2023-01
14183,18713,15,970,3,Very clean car.,2023-01-31 07:17:50,2023-01
14184,18714,970,883,4,"Easy pickup, no problems.",2023-12-04 15:14:49,2023-12
14185,18715,970,5,3,Fine driver.,2024-06-01 16:06:19,2024-06
14186,18716,970,1181,5,"Perfect trip, no issues.",2024-04-19 20:45:28,2024-04
14187,18717,970,1450,2,Driver was late.,2022-04-21 22:39:29,2022-04
14188,18718,970,5,4,,2022-04-22 01:25:21,2022-04
14189,18718,5,970,4,"Great driver, very professional!",2022-04-22 00:45:21,2022-04
14190,18722,1378,412,4,"Quick and efficient, thanks!",2023-11-23 14:30:21,2023-11
14191,18725,1378,1526,4,"Great driver, very professional!",2024-05-18 18:29:19,2024-05
14192,18725,1526,1378,2,Very clean car.,2024-05-18 18:07:19,2024-05
14193,18726,1378,1790,5,Very clean car.,2024-01-11 09:53:10,2024-01
14194,18727,1378,293,5,Super friendly and helpful.,2022-12-25 04:16:09,2022-12
14195,18728,1378,412,3,,2022-05-27 12:00:09,2022-05
14196,18728,412,1378,5,,2022-05-27 14:11:09,2022-05
14197,18730,1378,645,5,Fast and safe driver.,2022-05-17 05:52:54,2022-05
14198,18730,645,1378,3,,2022-05-17 05:02:54,2022-05
14199,18731,1378,1183,5,Very courteous driver.,2022-04-07 22:36:48,2022-04
14200,18732,488,1378,3,,2022-09-01 06:58:28,2022-09
14201,18733,1378,647,4,,2024-06-12 23:03:09,2024-06
14202,18734,1378,179,4,,2022-03-14 06:50:56,2022-03
14203,18734,179,1378,3,,2022-03-14 07:25:56,2022-03
14204,18735,1378,1371,5,,2022-10-25 06:06:44,2022-10
14205,18735,1371,1378,4,"Smooth ride, on time.",2022-10-25 07:27:44,2022-10
14206,18736,1378,44,4,,2023-12-23 02:17:22,2023-12
14207,18737,1237,1378,5,"Great driver, very professional!",2022-03-23 03:30:03,2022-03
14208,18738,1378,726,3,,2024-03-12 12:55:38,2024-03
14209,18741,1378,412,3,,2022-12-21 23:33:30,2022-12
14210,18741,412,1378,4,Super friendly and helpful.,2022-12-21 22:45:30,2022-12
14211,18742,1378,1343,3,Trip was okay.,2023-09-15 23:33:06,2023-09
14212,18742,1343,1378,3,"Smooth ride, on time.",2023-09-15 22:26:06,2023-09
14213,18743,1378,1984,4,Very clean car.,2023-10-31 23:12:41,2023-10
14214,18743,1984,1378,4,,2023-10-31 23:24:41,2023-10
14215,18745,1378,1026,4,,2024-01-28 23:43:59,2024-01
14216,18746,608,1378,4,Super friendly and helpful.,2024-02-28 06:14:57,2024-02
14217,18747,1378,1839,3,,2023-05-19 16:28:16,2023-05
14218,18748,1378,132,5,,2023-02-17 15:27:13,2023-02
14219,18752,1378,118,5,,2022-09-22 09:59:40,2022-09
14220,18754,1378,1795,4,"5 stars, highly recommend!",2022-08-26 00:12:39,2022-08
14221,18756,1378,1206,5,Super friendly and helpful.,2023-02-01 00:57:59,2023-02
14222,18757,1267,1378,4,Very clean car.,2022-08-27 07:40:59,2022-08
14223,18759,1378,908,3,,2022-07-24 05:42:06,2022-07
14224,18762,1378,1575,3,Nothing to complain about.,2022-06-30 23:10:47,2022-06
14225,18763,1378,1111,4,,2023-04-24 15:20:53,2023-04
14226,18768,1378,748,5,"Great rider, very polite.",2022-04-19 04:25:52,2022-04
14227,18769,947,1378,2,Very clean car.,2024-03-25 16:01:42,2024-03
14228,18771,1378,1301,5,Very comfortable ride.,2022-06-11 02:25:56,2022-06
14229,18771,1301,1378,4,"Excellent service, will ride again.",2022-06-11 02:17:56,2022-06
14230,18772,1378,502,3,Fine driver.,2022-07-01 19:35:36,2022-07
14231,18775,1378,1035,4,,2024-02-13 04:51:31,2024-02
14232,18776,1378,1237,4,,2023-09-22 01:29:45,2023-09
14233,18777,898,1378,4,Very clean car.,2024-01-10 17:46:17,2024-01
14234,18779,1378,643,5,,2023-04-29 15:58:25,2023-04
14235,18779,643,1378,5,Super friendly and helpful.,2023-04-29 16:18:25,2023-04
14236,18781,1378,1311,4,,2023-05-16 20:32:35,2023-05
14237,18782,1378,1207,4,"Easy pickup, no problems.",2022-04-28 14:24:55,2022-04
14238,18782,1207,1378,4,Super friendly and helpful.,2022-04-28 14:13:55,2022-04
14239,18783,1001,1378,3,"Smooth ride, on time.",2022-01-07 17:20:12,2022-01
14240,18785,1378,898,3,Acceptable ride.,2023-06-19 01:28:59,2023-06
14241,18790,1775,1378,4,"Smooth ride, on time.",2023-06-10 14:31:37,2023-06
14242,18792,1378,1170,4,,2022-08-09 04:16:57,2022-08
14243,18793,1378,164,4,Loved the music selection!,2022-07-09 16:06:34,2022-07
14244,18793,164,1378,3,"Smooth ride, on time.",2022-07-09 17:08:34,2022-07
14245,18794,1378,1197,3,,2022-04-07 23:21:04,2022-04
14246,18795,1378,1091,4,,2022-03-04 16:39:03,2022-03
14247,18795,1091,1378,2,"Great driver, very professional!",2022-03-04 15:53:03,2022-03
14248,18801,1378,866,4,,2023-02-15 03:34:13,2023-02
14249,18801,866,1378,4,,2023-02-15 03:23:13,2023-02
14250,18802,1378,1739,5,"Quick and efficient, thanks!",2024-05-03 10:58:54,2024-05
14251,18804,1378,1472,4,,2023-06-03 19:42:34,2023-06
14252,18806,1378,1558,4,,2023-10-15 00:12:50,2023-10
14253,18807,1378,1474,4,,2023-09-28 17:28:57,2023-09
14254,18809,1378,412,3,,2023-06-27 16:11:01,2023-06
14255,18811,1378,748,3,,2023-04-04 11:20:36,2023-04
14256,18813,1575,1378,3,Super friendly and helpful.,2022-12-27 01:52:56,2022-12
14257,18814,1419,593,4,"Great rider, very polite.",2023-03-09 01:36:52,2023-03
14258,18814,593,1419,4,,2023-03-09 03:58:52,2023-03
14259,18816,1548,77,3,"Great driver, very professional!",2023-12-20 21:02:33,2023-12
14260,18818,440,544,5,Super friendly and helpful.,2023-01-10 10:40:54,2023-01
14261,18818,544,440,4,"Great driver, very professional!",2023-01-10 12:07:54,2023-01
14262,18819,1252,1356,5,,2022-06-21 07:14:01,2022-06
14263,18820,427,1243,5,Very comfortable ride.,2024-06-05 03:26:11,2024-06
14264,18821,1091,427,3,Very clean car.,2023-02-09 20:59:24,2023-02
14265,18823,1738,1584,4,"Excellent service, will ride again.",2022-03-21 16:54:04,2022-03
14266,18824,179,1738,4,"Smooth ride, on time.",2023-07-24 13:46:52,2023-07
14267,18825,1738,1293,5,Loved the music selection!,2022-05-12 12:50:43,2022-05
14268,18826,1738,458,4,,2023-03-13 16:02:39,2023-03
14269,18826,458,1738,3,"Great driver, very professional!",2023-03-13 15:52:39,2023-03
14270,18830,1738,1981,4,"Great driver, very professional!",2022-08-28 09:38:32,2022-08
14271,18835,1738,1170,5,"Great driver, very professional!",2024-04-21 22:51:03,2024-04
14272,18836,1738,202,3,Nothing to complain about.,2022-09-09 19:05:14,2022-09
14273,18837,1738,940,5,,2022-02-07 22:38:44,2022-02
14274,18837,940,1738,3,"Smooth ride, on time.",2022-02-08 00:01:44,2022-02
14275,18839,1738,351,4,Very courteous driver.,2024-04-08 10:33:39,2024-04
14276,18842,1738,52,5,"Smooth ride, on time.",2023-05-23 02:03:15,2023-05
14277,18842,52,1738,3,Very clean car.,2023-05-23 02:39:15,2023-05
14278,18843,1738,341,4,,2023-07-29 19:03:17,2023-07
14279,18844,1738,1709,4,Very comfortable ride.,2023-06-07 20:16:40,2023-06
14280,18845,248,1738,3,,2022-03-24 14:20:33,2022-03
14281,18846,818,1738,3,Very clean car.,2022-02-19 07:46:12,2022-02
14282,18853,1738,62,3,,2022-03-03 17:59:31,2022-03
14283,18854,293,1738,2,Very clean car.,2023-03-20 04:50:59,2023-03
14284,18857,1738,1741,4,Fast and safe driver.,2022-10-16 02:15:16,2022-10
14285,18858,1738,1547,4,,2022-05-09 17:17:01,2022-05
14286,18861,612,1738,5,"Excellent service, will ride again.",2024-06-16 12:55:49,2024-06
14287,18862,1738,162,5,,2023-06-10 16:48:55,2023-06
14288,18863,1738,1853,5,,2023-04-21 01:32:33,2023-04
14289,18863,1853,1738,3,Super friendly and helpful.,2023-04-21 01:15:33,2023-04
14290,18864,394,1738,3,"Smooth ride, on time.",2024-01-12 09:57:10,2024-01
14291,18865,1738,65,4,,2023-03-24 13:28:00,2023-03
14292,18866,789,1738,2,"Smooth ride, on time.",2023-09-28 19:51:37,2023-09
14293,18868,1738,1091,3,Fine driver.,2024-05-06 05:52:58,2024-05
14294,18869,1738,1355,3,Nothing to complain about.,2022-11-27 03:21:49,2022-11
14295,18870,1738,630,4,,2022-05-23 05:30:23,2022-05
14296,18874,1221,1643,4,Super friendly and helpful.,2024-01-16 19:23:35,2024-01
14297,18880,62,754,3,"Excellent service, will ride again.",2023-01-11 19:36:38,2023-01
14298,18881,754,1987,5,"Quick and efficient, thanks!",2022-09-25 22:37:41,2022-09
14299,18881,1987,754,4,"Great driver, very professional!",2022-09-25 23:19:41,2022-09
14300,18882,1309,1701,3,,2023-05-27 23:25:14,2023-05
14301,18883,1701,448,4,,2024-02-24 07:34:25,2024-02
14302,18884,1701,1640,2,Had trouble finding the pickup spot.,2024-02-03 20:41:06,2024-02
14303,18885,1937,1701,3,Super friendly and helpful.,2023-10-11 08:00:45,2023-10
14304,18886,1701,430,4,Very comfortable ride.,2022-01-31 05:06:53,2022-01
14305,18889,1701,408,3,,2023-06-24 02:20:33,2023-06
14306,18891,430,1701,4,"Excellent service, will ride again.",2023-12-25 12:54:48,2023-12
14307,18892,1701,318,3,,2022-05-21 12:10:30,2022-05
14308,18893,1701,544,5,Loved the music selection!,2022-05-01 22:31:13,2022-05
14309,18895,1701,327,3,Acceptable ride.,2023-03-02 11:31:48,2023-03
14310,18898,1701,176,4,,2023-06-01 03:55:57,2023-06
14311,18898,176,1701,3,Very clean car.,2023-06-01 05:17:57,2023-06
14312,18899,1128,1701,4,"Excellent service, will ride again.",2022-01-31 11:32:39,2022-01
14313,18902,1701,1087,2,,2024-02-20 16:07:56,2024-02
14314,18903,1701,1649,3,Fine driver.,2024-06-21 17:17:08,2024-06
14315,18905,1336,1701,4,Very clean car.,2023-11-06 14:40:13,2023-11
14316,18907,1701,891,5,,2024-02-19 05:08:12,2024-02
14317,18910,1701,553,4,,2023-12-02 14:45:11,2023-12
14318,18911,1701,878,4,,2022-03-18 16:01:40,2022-03
14319,18912,1701,1205,2,Took too long.,2022-01-23 10:09:57,2022-01
14320,18913,1701,286,4,,2022-02-21 10:41:31,2022-02
14321,18913,286,1701,3,"Smooth ride, on time.",2022-02-21 12:37:31,2022-02
14322,18915,1701,1987,4,,2023-01-10 16:37:22,2023-01
14323,18917,1701,1356,4,Super friendly and helpful.,2022-02-24 07:35:03,2022-02
14324,18918,1701,1794,3,,2023-07-12 08:45:26,2023-07
14325,18919,1701,643,4,Super friendly and helpful.,2023-09-25 05:53:59,2023-09
14326,18921,1701,115,2,,2024-03-16 03:45:50,2024-03
14327,18922,1701,1471,3,,2022-04-16 23:18:09,2022-04
14328,18922,1471,1701,3,"Great driver, very professional!",2022-04-17 01:01:09,2022-04
14329,18923,1701,477,2,Rough driving.,2024-02-07 07:07:40,2024-02
14330,18926,1701,1134,3,,2023-11-15 07:35:42,2023-11
14331,18928,1701,543,4,,2023-07-29 14:25:22,2023-07
14332,18929,1701,891,5,,2022-10-08 07:27:06,2022-10
14333,18933,1701,1562,5,"Easy pickup, no problems.",2024-03-24 17:37:49,2024-03
14334,18934,1701,477,4,,2023-12-29 00:53:03,2023-12
14335,18935,1701,1084,3,,2023-09-29 01:39:40,2023-09
14336,18937,1701,162,4,"Smooth ride, on time.",2022-04-06 13:29:03,2022-04
14337,18938,1701,376,4,,2023-11-19 04:05:25,2023-11
14338,18939,1701,543,3,,2022-06-24 19:31:40,2022-06
14339,18940,1701,1343,4,,2024-01-14 15:25:28,2024-01
14340,18941,1701,1606,4,Super friendly and helpful.,2024-04-09 16:39:36,2024-04
14341,18941,1606,1701,3,"Great driver, very professional!",2024-04-09 17:37:36,2024-04
14342,18942,1701,585,5,"Easy pickup, no problems.",2024-02-10 15:43:54,2024-02
14343,18945,1701,570,4,Very comfortable ride.,2024-03-07 00:53:10,2024-03
14344,18945,570,1701,4,,2024-03-07 02:04:10,2024-03
14345,18946,1701,31,4,,2024-04-17 14:07:55,2024-04
14346,18947,1701,1026,4,"Great driver, very professional!",2024-03-01 10:08:13,2024-03
14347,18947,1026,1701,3,"Excellent service, will ride again.",2024-03-01 11:02:13,2024-03
14348,18948,1701,439,5,,2022-12-21 14:34:02,2022-12
14349,18948,439,1701,2,Super friendly and helpful.,2022-12-21 16:45:02,2022-12
14350,18952,1701,199,4,Loved the music selection!,2022-05-17 14:43:48,2022-05
14351,18952,199,1701,4,"Great driver, very professional!",2022-05-17 14:09:48,2022-05
14352,18953,1701,1776,4,"Great driver, very professional!",2023-01-24 05:57:39,2023-01
14353,18954,1701,1653,4,"Excellent service, will ride again.",2024-04-14 04:51:45,2024-04
14354,18957,631,932,5,,2022-06-27 12:46:36,2022-06
14355,18957,932,631,4,"Smooth ride, on time.",2022-06-27 12:51:36,2022-06
14356,18958,631,62,3,,2024-06-14 10:23:39,2024-06
14357,18958,62,631,4,Super friendly and helpful.,2024-06-14 09:38:39,2024-06
14358,18960,271,538,4,"Excellent service, will ride again.",2022-08-21 10:11:14,2022-08
14359,18963,293,1120,4,,2024-01-11 22:01:27,2024-01
14360,18964,883,1120,3,Super friendly and helpful.,2023-04-10 23:37:27,2023-04
14361,18967,1120,1828,5,"Excellent service, will ride again.",2022-07-03 17:51:21,2022-07
14362,18967,1828,1120,5,,2022-07-03 17:07:21,2022-07
14363,18970,1120,1814,4,,2023-11-18 12:03:53,2023-11
14364,18970,1814,1120,4,"Smooth ride, on time.",2023-11-18 13:08:53,2023-11
14365,18971,1117,1120,5,"Great driver, very professional!",2024-04-01 11:36:23,2024-04
14366,18972,969,1120,3,"Excellent service, will ride again.",2022-02-12 16:23:09,2022-02
14367,18973,1120,235,3,,2023-11-17 18:01:10,2023-11
14368,18974,1120,645,5,,2024-02-02 09:24:19,2024-02
14369,18974,645,1120,3,Very clean car.,2024-02-02 08:09:19,2024-02
14370,18975,1154,919,4,,2022-01-29 14:34:01,2022-01
14371,18976,1154,1492,4,,2022-03-31 11:47:13,2022-03
14372,18977,1154,1088,4,"5 stars, highly recommend!",2023-08-11 20:50:28,2023-08
14373,18979,1154,919,4,,2023-09-14 17:23:17,2023-09
14374,18979,919,1154,4,Very clean car.,2023-09-14 16:52:17,2023-09
14375,18980,1154,1060,3,"OK trip, nothing special.",2022-06-04 18:51:56,2022-06
14376,18981,1154,1437,3,,2024-02-03 12:00:50,2024-02
14377,18984,1154,190,3,,2023-01-01 21:49:27,2023-01
14378,18986,1154,136,4,,2023-11-03 03:03:20,2023-11
14379,18988,226,132,4,"Excellent service, will ride again.",2023-04-20 16:20:52,2023-04
14380,18989,1876,331,5,Very courteous driver.,2023-05-17 00:44:59,2023-05
14381,18990,1876,1128,1,Not very clean.,2024-02-25 02:59:06,2024-02
14382,18991,1876,199,4,,2022-01-23 21:21:43,2022-01
14383,18991,199,1876,4,"Great driver, very professional!",2022-01-23 23:02:43,2022-01
14384,18994,1876,1830,4,"Excellent service, will ride again.",2023-04-09 22:12:10,2023-04
14385,18996,1876,458,3,,2022-10-06 07:50:57,2022-10
14386,18998,1876,1937,5,,2022-10-03 10:54:00,2022-10
14387,18998,1937,1876,4,Super friendly and helpful.,2022-10-03 12:24:00,2022-10
14388,18999,1876,1044,4,Fast and safe driver.,2022-05-12 02:10:32,2022-05
14389,18999,1044,1876,4,Very clean car.,2022-05-12 02:31:32,2022-05
14390,19000,1876,1814,3,Nothing to complain about.,2023-11-23 06:26:34,2023-11
14391,19003,1876,1413,4,Very comfortable ride.,2024-04-28 22:38:53,2024-04
14392,19005,1876,643,5,,2022-04-25 19:01:25,2022-04
14393,19008,1876,1087,4,"Great rider, very polite.",2022-12-17 09:02:18,2022-12
14394,19009,1876,1494,4,Very courteous driver.,2023-08-17 15:16:13,2023-08
14395,19009,1494,1876,3,Super friendly and helpful.,2023-08-17 15:08:13,2023-08
14396,19010,1104,1876,4,"Excellent service, will ride again.",2022-11-27 07:58:17,2022-11
14397,19012,1876,202,4,Super friendly and helpful.,2024-01-14 01:27:51,2024-01
14398,19013,1461,1876,1,"Great driver, very professional!",2024-01-25 04:21:41,2024-01
14399,19014,1876,1755,3,Average experience.,2023-09-10 13:18:46,2023-09
14400,19014,1755,1876,4,"Smooth ride, on time.",2023-09-10 12:50:46,2023-09
14401,19015,1876,1830,3,Got there safely.,2023-11-11 11:36:13,2023-11
14402,19015,1830,1876,4,"Excellent service, will ride again.",2023-11-11 12:25:13,2023-11
14403,19016,1876,1386,4,,2023-06-01 03:42:42,2023-06
14404,19017,1876,1544,5,"Perfect trip, no issues.",2022-03-27 06:13:08,2022-03
14405,19018,1876,1309,2,Took too long.,2023-10-07 06:34:14,2023-10
14406,19019,608,1876,4,"Smooth ride, on time.",2023-06-29 07:16:42,2023-06
14407,19020,1876,1100,5,"Perfect trip, no issues.",2023-11-24 16:27:02,2023-11
14408,19021,1876,1983,3,Nothing to complain about.,2023-08-04 22:44:18,2023-08
14409,19021,1983,1876,3,"Great driver, very professional!",2023-08-04 22:18:18,2023-08
14410,19022,1876,705,4,,2024-05-29 11:25:41,2024-05
14411,19022,705,1876,4,,2024-05-29 13:03:41,2024-05
14412,19023,1876,351,4,,2024-06-02 16:02:09,2024-06
14413,19023,351,1876,3,Super friendly and helpful.,2024-06-02 15:27:09,2024-06
14414,19026,612,1876,3,Super friendly and helpful.,2023-04-10 00:22:23,2023-04
14415,19027,1876,1933,3,Average experience.,2022-08-14 07:49:42,2022-08
14416,19029,1764,1876,3,Super friendly and helpful.,2023-10-28 18:37:29,2023-10
14417,19031,1876,1183,3,Acceptable ride.,2024-05-14 16:07:11,2024-05
14418,19032,1876,1352,4,,2022-05-12 02:50:35,2022-05
14419,19033,1876,1649,3,,2023-11-08 06:27:28,2023-11
14420,19035,1876,1343,3,,2022-04-12 10:51:56,2022-04
14421,19036,1876,571,5,"Easy pickup, no problems.",2023-08-05 23:08:41,2023-08
14422,19036,571,1876,2,Very clean car.,2023-08-05 23:04:41,2023-08
14423,19037,1876,125,4,,2024-03-29 04:23:04,2024-03
14424,19038,1876,932,4,"Excellent service, will ride again.",2022-07-06 08:27:16,2022-07
14425,19039,1876,553,4,Loved the music selection!,2022-03-26 18:14:06,2022-03
14426,19040,1608,1876,4,"Excellent service, will ride again.",2024-02-23 17:16:35,2024-02
14427,19042,1876,1812,2,Not very clean.,2024-01-22 15:41:08,2024-01
14428,19043,1876,1026,3,,2023-07-25 22:26:39,2023-07
14429,19046,1876,258,5,,2022-02-18 03:21:18,2022-02
14430,19047,1876,1041,4,"Quick and efficient, thanks!",2023-01-15 16:50:06,2023-01
14431,19048,1876,842,3,Trip was okay.,2023-04-06 14:34:46,2023-04
14432,19048,842,1876,3,"Excellent service, will ride again.",2023-04-06 14:51:46,2023-04
14433,19049,1876,1023,4,,2022-09-13 23:45:14,2022-09
14434,19050,1876,1227,5,"Great driver, very professional!",2024-05-22 08:55:27,2024-05
14435,19053,1876,1100,5,Loved the music selection!,2024-02-06 01:29:31,2024-02
14436,19053,1100,1876,4,Very clean car.,2024-02-06 03:19:31,2024-02
14437,19054,1876,1727,5,,2023-10-20 08:15:33,2023-10
14438,19056,920,1876,3,"Great driver, very professional!",2023-11-25 21:40:10,2023-11
14439,19057,1876,1336,4,,2022-07-13 22:54:11,2022-07
14440,19057,1336,1876,3,"Excellent service, will ride again.",2022-07-13 23:27:11,2022-07
14441,19058,1876,469,3,,2023-10-06 05:45:11,2023-10
14442,19059,1876,225,4,,2024-06-15 20:39:19,2024-06
14443,19061,1876,543,3,,2023-05-17 08:51:02,2023-05
14444,19062,1876,1026,5,,2023-07-21 13:18:13,2023-07
14445,19062,1026,1876,3,"Great driver, very professional!",2023-07-21 14:52:13,2023-07
14446,19064,1876,564,4,"5 stars, highly recommend!",2023-10-28 02:59:39,2023-10
14447,19065,1876,494,3,Acceptable ride.,2023-04-14 22:58:41,2023-04
14448,19066,1876,842,4,,2022-10-21 22:08:09,2022-10
14449,19067,1876,515,2,,2024-04-20 14:47:15,2024-04
14450,19068,1876,164,3,,2022-04-21 23:28:00,2022-04
14451,19073,1825,1876,2,Super friendly and helpful.,2023-11-04 02:02:13,2023-11
14452,19074,1544,1876,3,Super friendly and helpful.,2024-01-16 01:28:44,2024-01
14453,19075,24,1876,3,"Excellent service, will ride again.",2024-06-24 11:50:00,2024-06
14454,19076,1876,467,3,,2024-02-13 07:18:29,2024-02
14455,19079,125,1594,3,"Smooth ride, on time.",2023-09-08 04:46:07,2023-09
14456,19081,1748,194,5,"Excellent service, will ride again.",2023-03-31 13:21:45,2023-03
14457,19081,194,1748,4,,2023-03-31 13:04:45,2023-03
14458,19082,1748,2,4,,2024-06-03 04:42:36,2024-06
14459,19082,2,1748,4,Super friendly and helpful.,2024-06-03 06:58:36,2024-06
14460,19083,776,1748,3,"Excellent service, will ride again.",2023-04-05 23:02:04,2023-04
14461,19084,1748,1713,4,"Smooth ride, on time.",2023-09-25 18:22:30,2023-09
14462,19085,1748,1162,5,Very comfortable ride.,2024-05-16 09:17:49,2024-05
14463,19087,789,1748,2,"Great driver, very professional!",2022-07-18 15:55:57,2022-07
14464,19089,1748,1352,4,,2023-03-13 00:05:33,2023-03
14465,19090,1748,89,3,,2022-04-27 22:08:06,2022-04
14466,19090,89,1748,5,Super friendly and helpful.,2022-04-27 21:50:06,2022-04
14467,19091,1748,199,5,Fast and safe driver.,2023-11-16 08:22:17,2023-11
14468,19092,1748,1623,4,"Easy pickup, no problems.",2022-06-01 23:49:44,2022-06
14469,19092,1623,1748,3,,2022-06-02 00:49:44,2022-06
14470,19094,1748,1293,3,,2024-02-06 02:13:34,2024-02
14471,19094,1293,1748,3,Super friendly and helpful.,2024-02-06 03:18:34,2024-02
14472,19097,1748,1999,3,Average experience.,2024-01-25 12:11:41,2024-01
14473,19098,1748,1427,3,Acceptable ride.,2022-03-09 02:31:10,2022-03
14474,19098,1427,1748,3,"Smooth ride, on time.",2022-03-09 02:16:10,2022-03
14475,19100,1748,339,3,Trip was okay.,2022-01-01 10:29:01,2022-01
14476,19101,1256,1105,4,,2022-08-20 20:18:47,2022-08
14477,19101,1105,1256,2,"Smooth ride, on time.",2022-08-20 20:23:47,2022-08
14478,19102,452,1256,3,,2022-09-26 17:42:19,2022-09
14479,19105,1256,436,5,"Easy pickup, no problems.",2024-05-01 12:41:36,2024-05
14480,19106,1256,1649,3,Nothing to complain about.,2023-09-01 21:19:53,2023-09
14481,19109,1256,693,3,,2023-02-26 09:30:45,2023-02
14482,19109,693,1256,3,Super friendly and helpful.,2023-02-26 09:20:45,2023-02
14483,19110,1256,726,3,Average experience.,2022-03-18 06:19:25,2022-03
14484,19110,726,1256,3,"Great driver, very professional!",2022-03-18 05:34:25,2022-03
14485,19111,1256,822,3,,2023-07-16 16:46:53,2023-07
14486,19112,1256,997,4,,2023-10-20 16:25:49,2023-10
14487,19112,997,1256,3,"Great driver, very professional!",2023-10-20 16:14:49,2023-10
14488,19113,1256,31,5,"5 stars, highly recommend!",2023-06-26 03:58:08,2023-06
14489,19115,1763,1256,4,"Excellent service, will ride again.",2024-03-23 09:07:49,2024-03
14490,19117,908,1871,3,,2023-03-04 22:39:15,2023-03
14491,19118,1993,1871,5,,2022-04-25 10:46:55,2022-04
14492,19119,1871,1532,4,,2024-04-19 04:26:18,2024-04
14493,19120,1871,1237,4,Super friendly and helpful.,2023-01-01 00:09:34,2023-01
14494,19120,1237,1871,3,,2023-01-01 00:20:34,2023-01
14495,19122,1871,506,5,,2023-01-01 09:29:04,2023-01
14496,19123,1871,1709,4,,2022-04-10 07:36:21,2022-04
14497,19125,1286,1871,5,"Smooth ride, on time.",2022-12-23 04:13:52,2022-12
14498,19126,1871,1394,3,,2022-07-12 05:45:19,2022-07
14499,19128,1871,31,5,"Perfect trip, no issues.",2022-12-18 13:54:47,2022-12
14500,19129,142,1871,1,Super friendly and helpful.,2022-01-17 17:08:56,2022-01
14501,19130,1871,571,5,,2023-03-09 09:16:33,2023-03
14502,19134,1871,1141,5,,2024-06-04 15:33:53,2024-06
14503,19134,1141,1871,3,Very clean car.,2024-06-04 15:53:53,2024-06
14504,19138,1871,585,5,Car was spotless.,2023-06-26 06:11:02,2023-06
14505,19140,1871,40,4,"5 stars, highly recommend!",2023-07-03 08:23:15,2023-07
14506,19143,1871,192,5,"Great rider, very polite.",2023-09-28 00:23:28,2023-09
14507,19143,192,1871,3,Very clean car.,2023-09-28 01:51:28,2023-09
14508,19145,1871,187,5,Super friendly and helpful.,2022-07-19 16:58:31,2022-07
14509,19145,187,1871,4,Very clean car.,2022-07-19 16:52:31,2022-07
14510,19148,1871,1654,2,,2023-04-09 18:00:48,2023-04
14511,19149,1871,1227,5,,2022-10-09 01:40:53,2022-10
14512,19151,1871,1131,4,Loved the music selection!,2024-06-11 12:57:56,2024-06
14513,19153,1580,977,4,"Quick and efficient, thanks!",2022-11-06 11:48:49,2022-11
14514,19154,1580,1741,4,"Excellent service, will ride again.",2022-04-17 08:11:50,2022-04
14515,19155,146,1580,4,Very clean car.,2023-08-18 18:12:12,2023-08
14516,19157,728,1580,4,"Great driver, very professional!",2022-10-28 06:14:22,2022-10
14517,19158,1580,940,3,,2022-06-22 13:53:48,2022-06
14518,19159,1580,52,4,"Great driver, very professional!",2024-02-21 13:41:05,2024-02
14519,19161,1374,469,3,"OK trip, nothing special.",2022-03-19 06:05:33,2022-03
14520,19162,1374,825,4,"Easy pickup, no problems.",2023-01-26 19:16:23,2023-01
14521,19163,697,1374,2,Super friendly and helpful.,2024-01-16 06:58:14,2024-01
14522,19164,866,1374,2,"Smooth ride, on time.",2022-02-15 02:46:13,2022-02
14523,19166,40,1374,3,Very clean car.,2022-10-19 03:11:00,2022-10
14524,19167,1374,544,3,,2022-12-19 11:26:52,2022-12
14525,19169,1374,293,4,Very comfortable ride.,2023-09-01 03:06:13,2023-09
14526,19170,1374,318,4,,2023-09-02 06:31:33,2023-09
14527,19173,1374,1509,3,Average experience.,2022-11-21 16:28:02,2022-11
14528,19175,940,1374,4,"Excellent service, will ride again.",2022-02-02 21:24:34,2022-02
14529,19178,1931,1331,5,"Great rider, very polite.",2024-01-09 14:11:23,2024-01
14530,19179,1081,1931,2,Very clean car.,2023-05-18 06:40:37,2023-05
14531,19181,898,1931,2,"Smooth ride, on time.",2022-06-04 01:13:16,2022-06
14532,19184,1931,434,3,Decent experience.,2022-05-04 00:03:56,2022-05
14533,19184,434,1931,3,,2022-05-04 00:03:56,2022-05
14534,19186,1931,1023,3,Nothing to complain about.,2022-11-27 05:41:38,2022-11
14535,19188,1146,1311,4,Loved the music selection!,2024-05-27 14:48:25,2024-05
14536,19189,1041,1827,4,Very clean car.,2022-12-14 23:44:10,2022-12
14537,19191,1827,494,4,,2023-06-23 04:25:47,2023-06
14538,19192,1827,393,5,,2023-01-06 11:11:31,2023-01
14539,19193,1827,1356,4,Very comfortable ride.,2022-01-08 08:37:38,2022-01
14540,19195,1827,1881,5,,2023-07-07 01:44:16,2023-07
14541,19196,1827,1111,4,,2023-03-05 18:00:30,2023-03
14542,19198,1827,115,4,Car was spotless.,2023-04-16 09:04:57,2023-04
14543,19199,1827,194,4,"Excellent service, will ride again.",2024-03-23 17:48:34,2024-03
14544,19200,1827,1311,4,,2024-04-07 09:59:25,2024-04
14545,19202,1827,376,4,,2022-12-06 22:11:36,2022-12
14546,19202,376,1827,2,"Smooth ride, on time.",2022-12-06 22:48:36,2022-12
14547,19204,1881,400,3,,2023-02-23 23:41:16,2023-02
14548,19207,1865,400,1,"Great driver, very professional!",2024-03-22 19:23:11,2024-03
14549,19209,331,400,4,Very clean car.,2023-03-01 16:40:31,2023-03
14550,19210,400,1699,3,,2022-07-03 02:03:38,2022-07
14551,19211,509,1001,3,Average experience.,2023-01-23 13:39:18,2023-01
14552,19211,1001,509,4,Super friendly and helpful.,2023-01-23 12:54:18,2023-01
14553,19213,509,1248,5,,2023-02-10 13:12:32,2023-02
14554,19214,509,1196,3,Got there safely.,2024-02-14 02:14:11,2024-02
14555,19217,509,1562,4,Car was spotless.,2022-09-23 04:57:49,2022-09
14556,19218,509,553,5,,2022-05-10 19:31:51,2022-05
14557,19221,509,834,4,,2022-01-12 22:11:50,2022-01
14558,19222,509,1400,4,Very comfortable ride.,2023-03-19 23:44:46,2023-03
14559,19222,1400,509,3,Super friendly and helpful.,2023-03-20 00:34:46,2023-03
14560,19224,509,508,5,,2024-04-03 22:39:36,2024-04
14561,19227,509,1371,5,"Great driver, very professional!",2023-09-01 09:04:56,2023-09
14562,19229,509,142,4,Very courteous driver.,2022-03-28 02:50:09,2022-03
14563,19230,509,1700,3,Nothing to complain about.,2023-07-17 05:29:49,2023-07
14564,19230,1700,509,4,Super friendly and helpful.,2023-07-17 05:30:49,2023-07
14565,19232,509,439,4,,2023-11-17 08:41:46,2023-11
14566,19234,509,1352,4,"Easy pickup, no problems.",2022-11-02 16:07:23,2022-11
14567,19236,509,1343,4,,2022-11-13 19:00:15,2022-11
14568,19237,1099,509,3,Very clean car.,2023-02-13 23:09:00,2023-02
14569,19240,509,665,4,,2023-04-25 18:45:59,2023-04
14570,19243,1658,509,4,"Excellent service, will ride again.",2022-05-29 23:22:15,2022-05
14571,19245,509,1099,4,Very clean car.,2024-01-08 05:17:30,2024-01
14572,19245,1099,509,3,"Great driver, very professional!",2024-01-08 05:29:30,2024-01
14573,19246,509,1134,5,Very courteous driver.,2022-05-13 06:24:23,2022-05
14574,19246,1134,509,3,"Great driver, very professional!",2022-05-13 05:27:23,2022-05
14575,19247,509,1561,4,,2023-04-19 04:43:45,2023-04
14576,19248,509,210,3,,2024-02-07 15:06:47,2024-02
14577,19249,509,331,3,,2022-07-01 05:54:09,2022-07
14578,19249,331,509,3,"Smooth ride, on time.",2022-07-01 07:34:09,2022-07
14579,19251,509,1293,4,,2024-05-11 17:11:42,2024-05
14580,19252,1237,509,3,"Excellent service, will ride again.",2022-03-31 06:28:30,2022-03
14581,19254,509,52,4,"Perfect trip, no issues.",2024-03-17 18:07:07,2024-03
14582,19254,52,509,3,"Excellent service, will ride again.",2024-03-17 19:57:07,2024-03
14583,19255,509,1479,5,,2022-09-18 11:00:10,2022-09
14584,19258,1427,509,3,Super friendly and helpful.,2022-07-08 11:23:08,2022-07
14585,19259,509,1088,3,Acceptable ride.,2023-09-17 06:35:01,2023-09
14586,19259,1088,509,4,Very clean car.,2023-09-17 06:52:01,2023-09
14587,19262,509,1700,3,,2023-04-23 23:55:56,2023-04
14588,19263,509,271,5,Super friendly and helpful.,2024-05-17 05:43:40,2024-05
14589,19263,271,509,4,,2024-05-17 05:16:40,2024-05
14590,19265,509,1575,4,"Excellent service, will ride again.",2023-06-14 09:44:28,2023-06
14591,19265,1575,509,4,Very clean car.,2023-06-14 09:28:28,2023-06
14592,19268,509,1968,4,,2023-01-10 06:16:13,2023-01
14593,19268,1968,509,3,,2023-01-10 08:07:13,2023-01
14594,19270,509,131,3,Trip was okay.,2022-11-15 18:15:18,2022-11
14595,19272,509,1790,5,Very comfortable ride.,2023-05-20 03:23:40,2023-05
14596,19272,1790,509,4,"Smooth ride, on time.",2023-05-20 03:37:40,2023-05
14597,19274,509,318,5,Very comfortable ride.,2022-12-24 17:57:02,2022-12
14598,19276,509,1311,3,,2023-07-26 23:43:46,2023-07
14599,19279,509,1584,2,,2022-12-20 17:36:07,2022-12
14600,19279,1584,509,4,Very clean car.,2022-12-20 18:50:07,2022-12
14601,19280,509,1607,3,,2023-03-10 20:05:44,2023-03
14602,19280,1607,509,3,"Great driver, very professional!",2023-03-10 20:49:44,2023-03
14603,19282,509,1301,4,Fast and safe driver.,2023-07-05 00:31:34,2023-07
14604,19283,509,759,3,,2023-06-22 08:10:27,2023-06
14605,19284,509,571,4,"Excellent service, will ride again.",2024-05-21 06:10:21,2024-05
14606,19285,509,162,5,Very courteous driver.,2024-06-11 23:45:56,2024-06
14607,19286,509,553,4,"Quick and efficient, thanks!",2022-08-21 14:44:40,2022-08
14608,19287,509,1060,2,Took too long.,2024-03-31 20:35:54,2024-03
14609,19290,509,1948,4,,2022-09-11 16:49:18,2022-09
14610,19291,509,742,4,"Easy pickup, no problems.",2023-09-01 12:30:09,2023-09
14611,19292,509,833,4,,2022-07-18 00:58:50,2022-07
14612,19292,833,509,4,,2022-07-18 00:11:50,2022-07
14613,19293,1584,509,4,Super friendly and helpful.,2022-02-24 00:15:50,2022-02
14614,19295,365,1141,4,,2022-12-30 12:27:47,2022-12
14615,19296,365,1890,3,Fine driver.,2023-12-17 19:31:55,2023-12
14616,19297,365,1162,4,Car was spotless.,2024-02-26 08:07:54,2024-02
14617,19298,365,1869,2,,2024-02-03 08:04:46,2024-02
14618,19299,365,941,2,Driver was late.,2022-06-11 08:17:01,2022-06
14619,19301,974,365,4,"Smooth ride, on time.",2022-11-17 03:33:27,2022-11
14620,19302,365,408,4,,2022-03-06 12:54:15,2022-03
14621,19303,292,867,4,Fast and safe driver.,2023-06-18 15:10:20,2023-06
14622,19303,867,292,4,Super friendly and helpful.,2023-06-18 14:52:20,2023-06
14623,19305,292,608,4,,2022-04-14 13:03:40,2022-04
14624,19307,1724,205,3,"Great driver, very professional!",2023-09-22 13:09:37,2023-09
14625,19310,205,7,3,,2024-01-06 16:17:47,2024-01
14626,19311,498,205,4,"Great driver, very professional!",2022-02-16 08:38:52,2022-02
14627,19312,205,612,3,,2023-02-24 13:17:50,2023-02
14628,19316,205,842,4,Very clean car.,2023-06-07 18:10:50,2023-06
14629,19316,842,205,3,,2023-06-07 18:38:50,2023-06
14630,19319,205,602,2,,2022-08-11 13:40:13,2022-08
14631,19321,205,2,4,,2023-01-11 13:35:25,2023-01
14632,19321,2,205,4,Super friendly and helpful.,2023-01-11 15:28:25,2023-01
14633,19324,379,469,3,,2023-03-16 03:10:52,2023-03
14634,19326,379,412,4,Super friendly and helpful.,2022-06-25 08:06:08,2022-06
14635,19328,379,542,3,,2022-06-09 01:54:49,2022-06
14636,19329,131,379,4,Super friendly and helpful.,2022-10-09 05:50:27,2022-10
14637,19331,379,1309,4,"Easy pickup, no problems.",2022-04-15 16:52:29,2022-04
14638,19334,379,1869,3,,2024-06-11 23:43:04,2024-06
14639,19337,379,1386,5,Very clean car.,2023-08-01 11:49:19,2023-08
14640,19338,379,1558,3,Nothing to complain about.,2023-08-10 10:17:56,2023-08
14641,19340,430,379,4,Very clean car.,2022-07-09 19:29:56,2022-07
14642,19341,379,1011,3,,2023-06-03 15:56:33,2023-06
14643,19341,1011,379,4,,2023-06-03 16:22:33,2023-06
14644,19343,379,1044,4,"Perfect trip, no issues.",2023-06-22 18:56:44,2023-06
14645,19346,379,1081,3,,2023-05-07 13:32:51,2023-05
14646,19347,379,1336,3,Trip was okay.,2023-11-22 15:34:02,2023-11
14647,19350,1892,1492,4,"5 stars, highly recommend!",2023-06-09 01:30:08,2023-06
14648,19351,1892,1736,3,,2023-08-23 02:36:33,2023-08
14649,19352,864,498,4,Fast and safe driver.,2022-03-02 06:32:14,2022-03
14650,19354,864,1555,3,,2023-02-17 16:48:27,2023-02
14651,19357,864,1450,4,"Smooth ride, on time.",2024-04-01 02:12:51,2024-04
14652,19357,1450,864,3,"Excellent service, will ride again.",2024-04-01 02:50:51,2024-04
14653,19358,864,256,4,Very comfortable ride.,2024-04-17 12:14:00,2024-04
14654,19362,864,1248,3,Trip was okay.,2024-02-27 19:43:50,2024-02
14655,19363,864,585,3,Got there safely.,2022-10-15 13:27:43,2022-10
14656,19364,121,864,1,Super friendly and helpful.,2024-01-13 14:42:34,2024-01
14657,19365,864,1060,3,Average experience.,2022-12-22 18:20:02,2022-12
14658,19366,864,1221,4,Loved the music selection!,2023-10-27 11:34:45,2023-10
14659,19366,1221,864,3,Very clean car.,2023-10-27 09:54:45,2023-10
14660,19367,864,1105,5,,2023-03-28 11:17:54,2023-03
14661,19367,1105,864,5,"Smooth ride, on time.",2023-03-28 11:20:54,2023-03
14662,19369,864,506,3,,2023-06-29 22:13:38,2023-06
14663,19369,506,864,4,"Great driver, very professional!",2023-06-30 00:11:38,2023-06
14664,19370,864,461,3,Got there safely.,2022-04-01 18:42:17,2022-04
14665,19371,864,162,4,,2024-05-22 02:50:06,2024-05
14666,19375,1477,864,5,"Excellent service, will ride again.",2024-06-16 00:18:18,2024-06
14667,19378,864,542,4,,2024-01-04 03:08:56,2024-01
14668,19378,542,864,3,"Great driver, very professional!",2024-01-04 05:25:56,2024-01
14669,19380,864,925,4,,2022-07-01 12:20:50,2022-07
14670,19382,864,1526,2,Not very clean.,2022-12-29 21:00:41,2022-12
14671,19383,864,664,3,Decent experience.,2023-09-16 23:41:29,2023-09
14672,19384,864,1060,4,,2023-10-02 22:18:42,2023-10
14673,19385,864,1243,4,,2024-05-25 07:56:17,2024-05
14674,19385,1243,864,3,"Great driver, very professional!",2024-05-25 08:18:17,2024-05
14675,19386,864,1975,4,Very clean car.,2023-10-31 17:24:45,2023-10
14676,19388,864,1937,5,Car was spotless.,2024-02-25 09:55:23,2024-02
14677,19388,1937,864,4,"Smooth ride, on time.",2024-02-25 09:43:23,2024-02
14678,19389,777,864,2,"Smooth ride, on time.",2022-04-28 00:19:57,2022-04
14679,19390,864,1999,5,Super friendly and helpful.,2024-01-26 20:29:14,2024-01
14680,19392,864,1654,3,,2023-06-27 14:05:49,2023-06
14681,19394,864,1724,4,,2023-06-27 18:53:05,2023-06
14682,19394,1724,864,3,"Smooth ride, on time.",2023-06-27 19:01:05,2023-06
14683,19395,864,777,5,,2024-03-12 22:08:41,2024-03
14684,19399,864,139,4,,2024-03-10 16:21:38,2024-03
14685,19400,864,1355,5,,2023-12-01 10:40:08,2023-12
14686,19401,864,742,3,Decent experience.,2024-02-08 00:17:56,2024-02
14687,19401,742,864,2,Very clean car.,2024-02-08 01:38:56,2024-02
14688,19403,864,452,3,Decent experience.,2022-03-26 11:05:24,2022-03
14689,19405,408,864,4,,2023-09-25 03:26:42,2023-09
14690,19408,864,1427,5,"Smooth ride, on time.",2023-12-31 17:43:11,2023-12
14691,19409,864,1030,5,,2024-03-16 02:32:59,2024-03
14692,19410,864,544,4,"Quick and efficient, thanks!",2022-06-18 23:13:19,2022-06
14693,19410,544,864,5,"Excellent service, will ride again.",2022-06-19 00:56:19,2022-06
14694,19412,864,334,4,,2022-05-08 11:05:06,2022-05
14695,19412,334,864,3,"Excellent service, will ride again.",2022-05-08 11:29:06,2022-05
14696,19413,864,726,3,Average experience.,2023-10-06 23:13:23,2023-10
14697,19414,864,341,4,Very courteous driver.,2022-04-07 20:19:07,2022-04
14698,19415,864,736,3,,2023-11-15 17:50:14,2023-11
14699,19416,864,351,3,Acceptable ride.,2024-03-12 07:48:27,2024-03
14700,19419,864,833,3,Fine driver.,2023-05-14 06:46:38,2023-05
14701,19421,864,1653,4,,2023-05-19 01:22:18,2023-05
14702,19422,864,1403,5,Fast and safe driver.,2022-09-02 11:04:25,2022-09
14703,19423,864,1984,4,,2023-08-16 01:16:43,2023-08
14704,19424,864,1795,3,,2022-11-26 11:27:36,2022-11
14705,19424,1795,864,3,"Excellent service, will ride again.",2022-11-26 10:55:36,2022-11
14706,19425,864,1081,4,,2023-12-19 01:37:25,2023-12
14707,19427,864,7,3,,2023-01-05 04:42:20,2023-01
14708,19428,864,1651,5,,2023-08-31 07:43:35,2023-08
14709,19428,1651,864,3,,2023-08-31 09:29:35,2023-08
14710,19429,1482,1192,2,Super friendly and helpful.,2022-08-13 19:59:23,2022-08
14711,19430,1192,319,4,"Quick and efficient, thanks!",2024-01-25 07:05:50,2024-01
14712,19432,1192,1830,3,,2023-10-07 15:15:10,2023-10
14713,19433,1192,288,3,Trip was okay.,2023-03-09 20:36:18,2023-03
14714,19433,288,1192,4,,2023-03-09 22:52:18,2023-03
14715,19434,1192,65,4,,2022-09-01 19:40:46,2022-09
14716,19437,1192,1336,3,Nothing to complain about.,2023-05-04 10:22:55,2023-05
14717,19439,1192,1128,2,Took too long.,2022-12-02 01:53:32,2022-12
14718,19442,779,1670,3,"Great driver, very professional!",2024-06-03 00:19:06,2024-06
14719,19443,1670,323,4,"Excellent service, will ride again.",2023-02-03 11:25:54,2023-02
14720,19444,1128,1670,2,Super friendly and helpful.,2023-03-21 08:36:37,2023-03
14721,19446,1670,248,5,,2023-11-28 13:34:11,2023-11
14722,19447,1670,461,4,"Quick and efficient, thanks!",2022-11-21 06:25:15,2022-11
14723,19449,1482,1670,2,"Great driver, very professional!",2022-06-05 18:27:30,2022-06
14724,19453,1670,593,5,,2022-07-04 05:28:23,2022-07
14725,19456,1670,389,3,,2023-04-26 09:56:04,2023-04
14726,19458,1670,271,4,,2022-03-21 21:39:01,2022-03
14727,19459,1670,1023,3,,2023-05-01 14:43:30,2023-05
14728,19459,1023,1670,3,"Smooth ride, on time.",2023-05-01 15:05:30,2023-05
14729,19460,1670,1968,4,"Smooth ride, on time.",2023-12-19 23:04:15,2023-12
14730,19463,866,1670,2,"Great driver, very professional!",2022-05-08 19:57:17,2022-05
14731,19464,192,1670,5,"Smooth ride, on time.",2024-01-09 15:31:30,2024-01
14732,19466,1670,977,3,,2023-08-29 00:14:36,2023-08
14733,19466,977,1670,3,"Smooth ride, on time.",2023-08-29 00:16:36,2023-08
14734,19468,1670,412,3,Average experience.,2023-06-01 02:24:37,2023-06
14735,19473,1670,1948,2,Had trouble finding the pickup spot.,2022-09-09 21:30:35,2022-09
14736,19474,1670,1373,3,,2022-09-05 07:57:08,2022-09
14737,19475,1670,996,3,Fine driver.,2024-03-13 14:28:10,2024-03
14738,19478,1670,194,3,,2022-04-24 05:05:18,2022-04
14739,19480,65,1670,3,Very clean car.,2023-11-08 18:28:16,2023-11
14740,19481,1670,1825,3,,2023-06-23 10:46:37,2023-06
14741,19481,1825,1670,5,"Great driver, very professional!",2023-06-23 10:25:37,2023-06
14742,19483,1670,1331,5,Loved the music selection!,2022-10-12 20:59:51,2022-10
14743,19483,1331,1670,3,"Great driver, very professional!",2022-10-12 23:10:51,2022-10
14744,19486,1670,1606,4,"Excellent service, will ride again.",2023-04-28 22:52:41,2023-04
14745,19486,1606,1670,3,Super friendly and helpful.,2023-04-28 22:57:41,2023-04
14746,19487,1670,697,4,Very comfortable ride.,2022-09-22 11:28:31,2022-09
14747,19487,697,1670,2,Super friendly and helpful.,2022-09-22 13:03:31,2022-09
14748,19489,1670,833,4,,2024-04-05 12:33:43,2024-04
14749,19491,1670,1937,4,,2023-12-21 19:00:34,2023-12
14750,19492,1670,323,3,,2024-03-02 00:36:04,2024-03
14751,19493,822,1670,3,Very clean car.,2023-04-24 09:36:07,2023-04
14752,19494,1670,323,3,Got there safely.,2024-01-01 16:35:41,2024-01
14753,19494,323,1670,4,"Excellent service, will ride again.",2024-01-01 15:51:41,2024-01
14754,19495,1670,891,3,,2022-04-16 23:36:58,2022-04
14755,19496,1670,1302,3,Trip was okay.,2022-12-17 03:29:59,2022-12
14756,19497,1670,439,2,Rough driving.,2024-03-06 17:12:44,2024-03
14757,19497,439,1670,4,Very clean car.,2024-03-06 16:33:44,2024-03
14758,19498,1670,485,4,,2022-05-24 02:12:55,2022-05
14759,19498,485,1670,3,Very clean car.,2022-05-24 02:17:55,2022-05
14760,19500,1670,1590,3,,2023-11-24 04:20:46,2023-11
14761,19501,1670,1606,4,,2023-02-10 17:50:10,2023-02
14762,19502,1670,1564,5,,2022-06-02 17:42:33,2022-06
14763,19502,1564,1670,2,Very clean car.,2022-06-02 19:12:33,2022-06
14764,19503,1670,1724,5,,2022-05-07 03:37:27,2022-05
14765,19504,1670,446,3,Average experience.,2022-02-28 20:24:50,2022-02
14766,19505,1670,1724,5,,2023-10-06 15:56:46,2023-10
14767,19508,732,118,4,,2024-02-25 12:39:54,2024-02
14768,19511,732,1328,4,Very courteous driver.,2022-12-12 16:54:22,2022-12
14769,19511,1328,732,3,Very clean car.,2022-12-12 16:52:22,2022-12
14770,19512,732,1544,5,"Great rider, very polite.",2022-07-18 19:30:23,2022-07
14771,19513,732,1709,3,Fine driver.,2023-12-27 03:04:56,2023-12
14772,19513,1709,732,4,Super friendly and helpful.,2023-12-27 02:27:56,2023-12
14773,19518,732,1983,4,,2022-07-13 12:10:44,2022-07
14774,19519,825,732,5,,2022-05-03 18:30:11,2022-05
14775,19521,732,494,4,,2023-07-02 08:56:41,2023-07
14776,19521,494,732,3,,2023-07-02 08:52:41,2023-07
14777,19523,732,472,4,,2023-04-13 22:07:08,2023-04
14778,19524,732,66,4,,2022-02-13 15:07:36,2022-02
14779,19526,732,726,3,Acceptable ride.,2023-12-26 12:50:04,2023-12
14780,19528,732,1301,4,Very courteous driver.,2023-10-31 12:43:31,2023-10
14781,19529,434,938,3,"Excellent service, will ride again.",2022-01-23 05:57:11,2022-01
14782,19532,1671,1207,4,,2024-06-12 06:11:34,2024-06
14783,19536,1671,1654,3,,2022-12-16 02:18:34,2022-12
14784,19537,1671,776,4,,2022-05-26 09:45:30,2022-05
14785,19538,940,1671,3,Very clean car.,2022-06-30 00:14:15,2022-06
14786,19539,1671,741,2,,2024-01-30 13:51:28,2024-01
14787,19539,741,1671,3,"Great driver, very professional!",2024-01-30 15:59:28,2024-01
14788,19540,1671,1267,2,,2023-07-25 17:34:25,2023-07
14789,19541,1671,1623,4,,2023-12-27 16:07:51,2023-12
14790,19541,1623,1671,3,"Smooth ride, on time.",2023-12-27 18:23:51,2023-12
14791,19542,1671,15,4,,2023-11-07 14:54:08,2023-11
14792,19544,1671,1794,5,"Easy pickup, no problems.",2023-05-03 20:49:42,2023-05
14793,19545,1671,1001,5,,2024-04-01 19:27:26,2024-04
14794,19546,1671,697,4,,2023-05-20 16:50:33,2023-05
14795,19549,1671,1736,2,,2024-04-15 11:04:41,2024-04
14796,19550,1671,335,4,"Great rider, very polite.",2024-03-13 23:02:41,2024-03
14797,19550,335,1671,4,,2024-03-13 22:44:41,2024-03
14798,19554,1671,467,4,,2022-04-26 13:18:21,2022-04
14799,19556,1671,878,4,,2023-12-01 00:06:54,2023-12
14800,19556,878,1671,3,"Smooth ride, on time.",2023-12-01 00:26:54,2023-12
14801,19557,1671,1555,4,"Excellent service, will ride again.",2023-12-22 14:42:19,2023-12
14802,19557,1555,1671,4,,2023-12-22 16:58:19,2023-12
14803,19558,1671,1134,3,,2022-02-01 08:04:07,2022-02
14804,19559,1671,1826,3,"OK trip, nothing special.",2023-11-24 01:19:58,2023-11
14805,19562,1671,1044,3,Nothing to complain about.,2023-11-25 13:46:15,2023-11
14806,19562,1044,1671,2,"Smooth ride, on time.",2023-11-25 13:06:15,2023-11
14807,19563,1671,335,5,"Quick and efficient, thanks!",2023-10-24 21:47:16,2023-10
14808,19564,1671,1497,4,"Excellent service, will ride again.",2022-01-10 00:07:37,2022-01
14809,19565,1671,351,3,Average experience.,2022-03-14 02:22:29,2022-03
14810,19565,351,1671,3,,2022-03-14 03:49:29,2022-03
14811,19566,1671,494,4,,2023-01-17 06:30:20,2023-01
14812,19570,1328,1671,3,,2024-03-15 16:11:28,2024-03
14813,19571,351,1671,2,Super friendly and helpful.,2022-03-30 14:38:38,2022-03
14814,19572,1671,1394,3,Average experience.,2023-04-12 19:57:24,2023-04
14815,19572,1394,1671,1,Very clean car.,2023-04-12 20:29:24,2023-04
14816,19574,1671,1841,4,Super friendly and helpful.,2022-12-28 02:00:46,2022-12
14817,19576,1671,1084,2,Took a longer route.,2024-01-22 13:48:35,2024-01
14818,19577,1671,1181,5,"Perfect trip, no issues.",2022-11-19 03:55:44,2022-11
14819,19578,1671,1181,4,"Smooth ride, on time.",2023-07-01 18:27:36,2023-07
14820,19579,1671,412,4,,2023-01-04 23:10:13,2023-01
14821,19581,1671,467,2,,2024-05-18 06:01:02,2024-05
14822,19582,1671,434,4,,2023-04-27 16:21:10,2023-04
14823,19582,434,1671,3,Super friendly and helpful.,2023-04-27 18:20:10,2023-04
14824,19583,1671,1356,4,Super friendly and helpful.,2024-02-10 07:08:08,2024-02
14825,19584,1671,919,3,,2023-05-06 14:17:26,2023-05
14826,19585,1671,1839,3,"OK trip, nothing special.",2023-04-05 08:17:23,2023-04
14827,19590,1671,1790,5,"Great driver, very professional!",2022-07-22 21:31:14,2022-07
14828,19591,1671,14,4,"Quick and efficient, thanks!",2022-03-18 02:07:51,2022-03
14829,19591,14,1671,4,,2022-03-18 01:43:51,2022-03
14830,19592,1671,1956,4,"Great rider, very polite.",2024-03-08 00:06:18,2024-03
14831,19592,1956,1671,4,"Smooth ride, on time.",2024-03-08 01:16:18,2024-03
14832,19593,24,1671,3,Very clean car.,2023-03-04 05:28:15,2023-03
14833,19594,1671,125,3,,2022-07-05 17:47:07,2022-07
14834,19594,125,1671,4,Very clean car.,2022-07-05 19:02:07,2022-07
14835,19595,1671,1987,4,"5 stars, highly recommend!",2023-06-14 02:45:14,2023-06
14836,19597,1671,742,4,Super friendly and helpful.,2023-03-06 18:13:05,2023-03
14837,19598,1671,248,3,,2024-01-25 05:53:00,2024-01
14838,19600,1671,996,5,"Great driver, very professional!",2023-08-25 13:20:19,2023-08
14839,19600,996,1671,4,"Great driver, very professional!",2023-08-25 14:09:19,2023-08
14840,19601,1671,1286,4,,2023-10-06 09:41:15,2023-10
14841,19602,1111,1671,3,Super friendly and helpful.,2023-11-17 09:11:02,2023-11
14842,19603,1671,162,5,"Perfect trip, no issues.",2023-08-23 18:45:55,2023-08
14843,19604,1671,328,2,,2023-09-24 12:51:35,2023-09
14844,19608,1671,510,3,Fine driver.,2023-05-23 01:44:29,2023-05
14845,19609,1671,1477,4,,2022-09-30 05:14:40,2022-09
14846,19610,1671,1324,4,Very clean car.,2022-11-26 18:20:00,2022-11
14847,19611,293,1671,2,Very clean car.,2023-10-26 19:14:32,2023-10
14848,19612,472,1671,3,"Smooth ride, on time.",2023-11-22 00:38:23,2023-11
14849,19614,1671,1355,4,,2024-03-18 16:09:31,2024-03
14850,19615,1671,1495,3,,2023-01-04 12:27:36,2023-01
14851,19616,1671,1243,5,"Great rider, very polite.",2023-03-03 08:13:40,2023-03
14852,19618,1671,645,5,Very clean car.,2023-05-22 00:17:42,2023-05
14853,19621,1671,485,5,"5 stars, highly recommend!",2022-08-20 02:05:15,2022-08
14854,19622,1671,1841,3,"OK trip, nothing special.",2022-12-23 14:35:21,2022-12
14855,19625,786,1765,3,Average experience.,2023-12-13 03:45:44,2023-12
14856,19626,659,1564,5,,2022-09-15 03:16:36,2022-09
14857,19627,659,1100,4,"Great rider, very polite.",2023-04-10 20:23:51,2023-04
14858,19627,1100,659,3,Super friendly and helpful.,2023-04-10 19:19:51,2023-04
14859,19628,659,1764,4,Car was spotless.,2022-02-22 14:44:28,2022-02
14860,19628,1764,659,3,"Excellent service, will ride again.",2022-02-22 16:40:28,2022-02
14861,19629,659,256,5,Very courteous driver.,2022-08-02 19:15:15,2022-08
14862,19630,659,908,3,Acceptable ride.,2023-09-24 13:48:01,2023-09
14863,19633,1095,833,5,Super friendly and helpful.,2023-03-03 04:03:05,2023-03
14864,19634,1095,997,3,,2023-04-10 17:08:17,2023-04
14865,19634,997,1095,3,"Great driver, very professional!",2023-04-10 16:58:17,2023-04
14866,19635,1095,1495,3,Nothing to complain about.,2022-11-10 07:23:54,2022-11
14867,19635,1495,1095,2,,2022-11-10 07:58:54,2022-11
14868,19636,1095,1044,4,Car was spotless.,2024-05-01 09:18:02,2024-05
14869,19637,1095,461,3,,2022-10-16 14:20:51,2022-10
14870,19639,1095,957,3,Nothing to complain about.,2022-03-18 12:42:11,2022-03
14871,19639,957,1095,3,Super friendly and helpful.,2022-03-18 13:41:11,2022-03
14872,19640,1095,544,3,,2023-08-18 13:40:11,2023-08
14873,19641,1400,1095,2,Super friendly and helpful.,2023-05-07 23:31:22,2023-05
14874,19643,1095,293,4,,2023-08-25 17:33:52,2023-08
14875,19644,1095,1198,5,,2023-11-12 06:24:36,2023-11
14876,19644,1198,1095,2,"Smooth ride, on time.",2023-11-12 06:49:36,2023-11
14877,19648,1095,932,4,"Great driver, very professional!",2023-11-04 06:27:24,2023-11
14878,19649,1095,494,4,,2024-03-17 13:42:54,2024-03
14879,19652,1095,929,3,Average experience.,2022-04-06 20:11:37,2022-04
14880,19652,929,1095,3,"Great driver, very professional!",2022-04-06 21:10:37,2022-04
14881,19653,1095,1547,4,Loved the music selection!,2024-03-29 11:17:12,2024-03
14882,19654,1732,1035,4,"5 stars, highly recommend!",2022-08-01 01:47:42,2022-08
14883,19655,1111,1732,3,"Excellent service, will ride again.",2022-10-17 16:22:30,2022-10
14884,19657,1732,1853,3,,2024-04-09 18:48:07,2024-04
14885,19658,1732,1991,3,,2023-10-02 05:37:09,2023-10
14886,19658,1991,1732,3,"Excellent service, will ride again.",2023-10-02 04:06:09,2023-10
14887,19660,1732,1693,3,,2022-08-04 04:38:47,2022-08
14888,19660,1693,1732,4,"Excellent service, will ride again.",2022-08-04 05:17:47,2022-08
14889,19661,1732,1564,4,,2022-07-05 10:12:59,2022-07
14890,19663,1732,62,3,,2022-10-31 18:11:15,2022-10
14891,19666,1732,1999,4,Car was spotless.,2023-05-20 21:36:48,2023-05
14892,19668,1732,1108,4,Very comfortable ride.,2024-01-10 14:49:43,2024-01
14893,19669,1732,1702,2,,2023-09-09 06:20:54,2023-09
14894,19672,1732,1853,3,,2024-06-26 10:36:50,2024-06
14895,19672,1853,1732,4,Super friendly and helpful.,2024-06-26 11:28:50,2024-06
14896,19674,1732,1608,4,,2022-08-07 23:51:36,2022-08
14897,19674,1608,1732,2,"Smooth ride, on time.",2022-08-08 00:01:36,2022-08
14898,19675,1605,1732,3,Very clean car.,2022-07-13 03:01:39,2022-07
14899,19676,1732,1197,3,,2024-03-15 11:53:07,2024-03
14900,19677,1732,593,4,"Excellent service, will ride again.",2024-05-30 02:56:05,2024-05
14901,19681,1732,121,4,"Smooth ride, on time.",2024-06-15 01:50:34,2024-06
14902,19682,1732,1310,4,,2023-06-10 20:01:24,2023-06
14903,19682,1310,1732,4,"Great driver, very professional!",2023-06-10 18:54:24,2023-06
14904,19683,1732,1975,5,,2023-11-25 19:31:07,2023-11
14905,19684,1732,235,5,,2022-05-23 14:32:04,2022-05
14906,19685,1732,766,2,Took too long.,2022-04-15 09:05:47,2022-04
14907,19686,1732,1794,3,,2024-02-09 11:52:50,2024-02
14908,19687,1732,1955,5,Very comfortable ride.,2024-02-23 07:23:37,2024-02
14909,19690,1732,765,5,,2023-06-12 21:40:45,2023-06
14910,19690,765,1732,3,"Excellent service, will ride again.",2023-06-12 22:52:45,2023-06
14911,19691,1732,834,4,Very courteous driver.,2022-02-05 04:29:34,2022-02
14912,19692,1732,1373,2,,2023-09-24 13:21:16,2023-09
14913,19694,1732,1197,4,"Perfect trip, no issues.",2023-11-15 13:06:08,2023-11
14914,19697,1732,207,4,,2022-07-02 06:41:49,2022-07
14915,19698,1732,1606,4,"Perfect trip, no issues.",2022-02-14 01:44:32,2022-02
14916,19702,1732,394,4,,2022-12-19 08:22:49,2022-12
14917,19703,1732,677,3,,2022-02-05 02:24:35,2022-02
14918,19704,1732,1812,3,,2022-07-19 17:37:50,2022-07
14919,19704,1812,1732,3,"Excellent service, will ride again.",2022-07-19 19:14:50,2022-07
14920,19706,1732,155,4,,2022-04-12 20:24:51,2022-04
14921,19707,1732,697,4,,2024-03-23 19:02:38,2024-03
14922,19709,136,1732,3,"Great driver, very professional!",2022-06-25 04:56:58,2022-06
14923,19710,1350,1732,3,Super friendly and helpful.,2022-03-20 04:59:14,2022-03
14924,19712,1732,286,5,,2022-09-15 13:44:32,2022-09
14925,19713,117,1732,3,"Smooth ride, on time.",2023-10-26 05:19:28,2023-10
14926,19714,1732,1775,3,,2023-01-26 08:55:49,2023-01
14927,19715,1732,1995,3,,2024-06-03 23:29:51,2024-06
14928,19718,1732,494,4,,2023-05-27 02:46:52,2023-05
14929,19719,1732,1651,5,,2022-09-23 08:10:39,2022-09
14930,19721,1732,142,4,Loved the music selection!,2023-12-06 20:42:19,2023-12
14931,19723,1732,553,3,"OK trip, nothing special.",2023-01-05 02:24:45,2023-01
14932,19724,1732,162,3,Got there safely.,2023-06-22 18:40:25,2023-06
14933,19726,1732,1041,4,Very comfortable ride.,2023-10-20 20:33:51,2023-10
14934,19727,1732,1060,3,Average experience.,2023-10-25 09:20:26,2023-10
14935,19727,1060,1732,3,"Great driver, very professional!",2023-10-25 09:16:26,2023-10
14936,19729,1732,1243,4,,2022-10-09 12:49:46,2022-10
14937,19732,1732,542,4,,2023-01-26 23:33:08,2023-01
14938,19734,1732,726,2,Driver was late.,2023-05-20 03:11:45,2023-05
14939,19734,726,1732,3,Very clean car.,2023-05-20 03:16:45,2023-05
14940,19735,1732,132,4,,2024-01-14 22:34:57,2024-01
14941,19735,132,1732,5,"Great driver, very professional!",2024-01-14 23:47:57,2024-01
14942,19736,1732,271,3,Acceptable ride.,2023-05-30 20:25:23,2023-05
14943,19737,1732,439,3,,2022-10-19 05:08:56,2022-10
14944,19738,1732,1336,4,Loved the music selection!,2023-04-04 04:32:47,2023-04
14945,19738,1336,1732,4,,2023-04-04 04:03:47,2023-04
14946,19740,1732,645,5,,2023-09-04 14:48:20,2023-09
14947,19743,1732,539,4,"Excellent service, will ride again.",2022-08-23 21:05:41,2022-08
14948,19743,539,1732,3,"Great driver, very professional!",2022-08-23 21:01:41,2022-08
14949,19744,1732,1509,4,,2024-03-22 17:52:33,2024-03
14950,19746,331,1732,4,,2023-10-16 18:50:18,2023-10
14951,19747,79,338,3,,2023-04-24 16:12:48,2023-04
14952,19747,338,79,4,"Great driver, very professional!",2023-04-24 16:38:48,2023-04
14953,19748,123,1975,5,,2023-08-15 23:26:37,2023-08
14954,19749,691,458,2,Not very clean.,2024-05-29 00:43:17,2024-05
14955,19750,691,728,5,"5 stars, highly recommend!",2024-02-24 15:25:48,2024-02
14956,19750,728,691,4,"Great driver, very professional!",2024-02-24 14:01:48,2024-02
14957,19753,691,1373,4,,2023-03-22 21:11:53,2023-03
14958,19753,1373,691,3,Very clean car.,2023-03-22 21:25:53,2023-03
14959,19754,691,179,5,,2024-06-10 14:30:35,2024-06
14960,19755,691,1281,3,,2023-02-16 23:01:53,2023-02
14961,19760,691,1410,3,,2024-05-25 20:56:03,2024-05
14962,19760,1410,691,5,Super friendly and helpful.,2024-05-25 22:13:03,2024-05
14963,19763,691,1011,3,Trip was okay.,2023-11-27 01:15:33,2023-11
14964,19764,691,1794,4,,2022-11-25 10:33:59,2022-11
14965,19767,1087,691,4,"Great driver, very professional!",2023-02-11 01:36:11,2023-02
14966,19768,691,448,4,"5 stars, highly recommend!",2022-06-09 21:50:59,2022-06
14967,19768,448,691,5,"Smooth ride, on time.",2022-06-09 23:35:59,2022-06
14968,19769,691,1117,5,,2022-04-23 03:05:32,2022-04
14969,19769,1117,691,3,,2022-04-23 04:07:32,2022-04
14970,19770,691,1881,5,Fast and safe driver.,2022-06-24 01:27:01,2022-06
14971,19770,1881,691,4,Very clean car.,2022-06-24 01:18:01,2022-06
14972,19775,691,833,3,Decent experience.,2023-10-03 23:49:00,2023-10
14973,19776,691,1781,3,Acceptable ride.,2022-04-15 13:51:24,2022-04
14974,19776,1781,691,3,"Smooth ride, on time.",2022-04-15 12:52:24,2022-04
14975,19778,691,1343,3,,2023-08-17 01:05:55,2023-08
14976,19780,691,125,2,,2022-05-22 02:08:27,2022-05
14977,19781,691,1947,4,,2023-01-01 14:34:55,2023-01
14978,19782,1310,691,3,"Smooth ride, on time.",2022-03-30 07:22:36,2022-03
14979,19783,691,932,4,"Quick and efficient, thanks!",2023-11-21 11:18:03,2023-11
14980,19785,1088,691,4,Super friendly and helpful.,2024-03-21 10:13:53,2024-03
14981,19787,691,1461,4,,2022-08-11 23:12:20,2022-08
14982,19787,1461,691,4,,2022-08-11 23:18:20,2022-08
14983,19789,691,1828,4,,2023-01-06 14:45:48,2023-01
14984,19791,691,1281,2,Had trouble finding the pickup spot.,2024-05-01 23:18:04,2024-05
14985,19792,389,691,4,Super friendly and helpful.,2023-12-31 03:32:20,2023-12
14986,19794,691,1301,4,Car was spotless.,2023-04-10 04:26:40,2023-04
14987,19795,691,1135,5,,2022-11-28 14:05:28,2022-11
14988,19796,1400,691,3,"Great driver, very professional!",2023-05-26 09:45:29,2023-05
14989,19798,691,62,3,,2023-11-13 12:46:00,2023-11
14990,19800,691,319,3,,2023-09-02 08:54:10,2023-09
14991,19801,691,1380,5,,2023-03-20 18:25:32,2023-03
14992,19802,691,782,4,"Great rider, very polite.",2022-11-11 22:54:12,2022-11
14993,19803,1555,691,3,"Great driver, very professional!",2023-12-20 03:10:46,2023-12
14994,19807,691,822,2,,2023-08-21 00:59:54,2023-08
14995,19809,691,1482,3,Average experience.,2024-06-15 21:31:56,2024-06
14996,19809,1482,691,3,Very clean car.,2024-06-15 21:04:56,2024-06
14997,19813,1828,923,3,Very clean car.,2023-08-08 19:24:51,2023-08
14998,19814,656,1853,4,,2023-05-05 17:28:11,2023-05
14999,19814,1853,656,3,"Smooth ride, on time.",2023-05-05 16:24:11,2023-05
15000,19817,656,867,3,,2024-04-03 15:54:55,2024-04
15001,19817,867,656,4,"Excellent service, will ride again.",2024-04-03 14:19:55,2024-04
15002,19819,656,1187,3,,2023-11-01 22:19:06,2023-11
15003,19820,235,656,4,,2024-01-02 21:43:16,2024-01
15004,19821,1965,656,3,"Excellent service, will ride again.",2022-07-26 15:09:25,2022-07
15005,19822,1569,656,3,"Great driver, very professional!",2022-10-26 15:02:25,2022-10
15006,19823,656,1968,4,"Perfect trip, no issues.",2024-02-16 23:48:56,2024-02
15007,19823,1968,656,3,Very clean car.,2024-02-17 01:11:56,2024-02
15008,19824,656,643,3,Decent experience.,2022-12-20 03:00:14,2022-12
15009,19825,656,125,4,,2024-06-24 18:06:47,2024-06
15010,19827,199,656,5,Very clean car.,2022-08-05 10:14:10,2022-08
15011,19828,656,1555,4,Very comfortable ride.,2022-08-13 04:23:53,2022-08
15012,19830,656,1941,3,Average experience.,2023-04-23 16:01:22,2023-04
15013,19830,1941,656,3,,2023-04-23 16:45:22,2023-04
15014,19833,656,997,5,Loved the music selection!,2023-02-26 00:06:24,2023-02
15015,19838,831,1713,3,Acceptable ride.,2023-12-13 19:34:48,2023-12
15016,19839,831,1948,3,Nothing to complain about.,2023-10-02 22:30:23,2023-10
15017,19840,831,293,4,,2022-05-27 16:36:47,2022-05
15018,19841,831,1328,4,,2022-08-22 01:57:09,2022-08
15019,19842,831,256,3,"OK trip, nothing special.",2022-07-15 18:53:05,2022-07
15020,19849,831,1141,3,Fine driver.,2024-02-08 07:48:44,2024-02
15021,19850,831,1355,3,Nothing to complain about.,2024-02-22 04:34:56,2024-02
15022,19850,1355,831,3,Very clean car.,2024-02-22 05:52:56,2024-02
15023,19853,1413,831,4,Very clean car.,2022-09-07 23:33:50,2022-09
15024,19854,831,328,3,,2024-02-29 08:21:18,2024-02
15025,19855,831,31,5,,2023-05-28 17:59:52,2023-05
15026,19855,31,831,3,"Excellent service, will ride again.",2023-05-28 18:03:52,2023-05
15027,19856,831,508,4,,2022-06-27 02:23:37,2022-06
15028,19857,831,608,3,Fine driver.,2024-01-11 21:48:09,2024-01
15029,19857,608,831,3,"Smooth ride, on time.",2024-01-11 22:33:09,2024-01
15030,19858,1336,831,3,Very clean car.,2023-10-10 17:14:36,2023-10
15031,19859,831,1397,4,,2022-07-15 03:48:32,2022-07
15032,19859,1397,831,4,"Great driver, very professional!",2022-07-15 04:02:32,2022-07
15033,19861,831,1606,3,,2022-09-12 01:18:46,2022-09
15034,19862,831,544,4,Car was spotless.,2023-09-21 08:55:27,2023-09
15035,19864,831,1030,5,,2022-04-02 21:51:44,2022-04
15036,19865,831,1812,5,"Great driver, very professional!",2023-12-25 15:07:40,2023-12
15037,19866,1999,831,4,Super friendly and helpful.,2024-06-07 19:33:28,2024-06
15038,19867,831,389,4,,2024-02-27 15:33:58,2024-02
15039,19868,932,831,3,Very clean car.,2022-04-26 18:39:54,2022-04
15040,19870,831,1210,4,,2022-06-01 15:06:10,2022-06
15041,19873,831,1955,4,Fast and safe driver.,2023-04-18 15:48:35,2023-04
15042,19875,831,1105,4,Very clean car.,2022-07-17 11:34:17,2022-07
15043,19877,831,1781,3,,2022-09-26 16:35:42,2022-09
15044,19880,831,920,3,,2022-03-09 16:06:33,2022-03
15045,19882,831,571,4,,2023-08-16 15:26:56,2023-08
15046,19883,831,469,3,Decent experience.,2022-11-06 07:43:52,2022-11
15047,19888,831,1933,2,,2023-02-12 20:22:35,2023-02
15048,19889,831,818,2,,2023-03-26 05:26:13,2023-03
15049,19889,818,831,4,Super friendly and helpful.,2023-03-26 06:46:13,2023-03
15050,19891,831,842,4,,2022-09-09 17:58:34,2022-09
15051,19893,1403,831,3,"Excellent service, will ride again.",2022-02-11 02:00:27,2022-02
15052,19894,831,1210,4,,2023-06-16 14:03:54,2023-06
15053,19895,831,1397,3,Fine driver.,2024-03-23 18:35:27,2024-03
15054,19895,1397,831,3,Super friendly and helpful.,2024-03-23 18:30:27,2024-03
15055,19896,831,1605,4,"5 stars, highly recommend!",2022-10-08 21:34:22,2022-10
15056,19897,831,1562,4,Fast and safe driver.,2022-10-25 07:04:15,2022-10
15057,19898,831,1471,4,,2024-06-11 23:20:30,2024-06
15058,19901,831,1035,4,,2023-04-26 04:27:07,2023-04
15059,19901,1035,831,4,,2023-04-26 04:28:07,2023-04
15060,19904,831,1410,3,,2022-05-05 05:36:40,2022-05
15061,19904,1410,831,4,,2022-05-05 04:54:40,2022-05
15062,19905,831,677,3,Decent experience.,2023-01-12 11:38:13,2023-01
15063,19908,831,1438,3,,2023-11-20 12:20:57,2023-11
15064,19909,831,1713,4,,2024-03-05 12:17:13,2024-03
15065,19910,831,1987,3,Acceptable ride.,2022-10-14 10:08:27,2022-10
15066,19910,1987,831,3,Super friendly and helpful.,2022-10-14 12:01:27,2022-10
15067,19917,1775,831,2,"Smooth ride, on time.",2023-05-08 21:42:46,2023-05
15068,19918,831,1890,2,,2023-03-13 01:39:09,2023-03
15069,19920,831,1981,5,"Excellent service, will ride again.",2023-10-13 22:37:03,2023-10
15070,19921,831,139,5,Very clean car.,2022-01-15 13:37:12,2022-01
15071,19921,139,831,4,,2022-01-15 14:59:12,2022-01
15072,19922,831,104,4,"Quick and efficient, thanks!",2022-10-23 08:12:33,2022-10
15073,19923,831,1410,5,,2022-11-18 14:48:17,2022-11
15074,19923,1410,831,4,,2022-11-18 14:36:17,2022-11
15075,19924,1509,831,3,"Smooth ride, on time.",2022-08-30 12:41:18,2022-08
15076,19925,831,564,4,,2023-02-24 16:48:19,2023-02
15077,19925,564,831,4,"Great driver, very professional!",2023-02-24 17:26:19,2023-02
15078,19926,1283,1243,4,,2022-03-28 10:56:11,2022-03
15079,19926,1243,1283,4,"Excellent service, will ride again.",2022-03-28 10:07:11,2022-03
15080,19927,1283,1981,4,,2023-10-18 16:04:03,2023-10
15081,19927,1981,1283,4,Super friendly and helpful.,2023-10-18 16:12:03,2023-10
15082,19928,1283,977,3,Trip was okay.,2023-04-13 03:26:08,2023-04
15083,19929,1283,1352,4,"Great rider, very polite.",2022-08-23 00:19:06,2022-08
15084,19931,1283,1141,3,Nothing to complain about.,2023-02-08 12:28:47,2023-02
15085,19933,1283,1371,4,"Great rider, very polite.",2023-06-03 21:14:55,2023-06
15086,19934,142,1283,3,"Smooth ride, on time.",2024-02-29 09:59:02,2024-02
15087,19935,461,1283,3,,2023-08-02 01:19:39,2023-08
15088,19939,1283,271,5,"5 stars, highly recommend!",2023-12-24 16:50:38,2023-12
15089,19939,271,1283,5,"Excellent service, will ride again.",2023-12-24 16:30:38,2023-12
15090,19940,1283,898,4,Fast and safe driver.,2023-06-08 02:51:48,2023-06
15091,19941,1283,705,5,"5 stars, highly recommend!",2022-03-30 17:17:19,2022-03
15092,19942,1283,115,4,Car was spotless.,2023-07-26 23:18:14,2023-07
15093,19944,1283,1736,4,Very courteous driver.,2024-05-31 13:38:46,2024-05
15094,19944,1736,1283,4,Very clean car.,2024-05-31 15:19:46,2024-05
15095,19945,1283,1134,2,Driver was late.,2023-04-14 01:49:41,2023-04
15096,19947,1283,571,5,"Smooth ride, on time.",2024-05-15 18:38:54,2024-05
15097,19949,1283,1309,3,Nothing to complain about.,2022-03-22 05:19:47,2022-03
15098,19951,1283,601,4,"Easy pickup, no problems.",2022-04-16 08:14:59,2022-04
15099,19951,601,1283,4,,2022-04-16 09:34:59,2022-04
15100,19952,1283,1380,5,"Great rider, very polite.",2022-04-04 06:15:43,2022-04
15101,19955,607,335,3,Trip was okay.,2024-05-26 20:53:54,2024-05
15102,19959,607,1561,4,Loved the music selection!,2022-01-10 17:21:55,2022-01
15103,19959,1561,607,3,Very clean car.,2022-01-10 19:23:55,2022-01
15104,19962,607,932,5,,2022-03-03 12:29:40,2022-03
15105,19964,607,1324,3,,2024-06-19 09:59:10,2024-06
15106,19965,607,502,4,Very comfortable ride.,2022-05-26 00:07:33,2022-05
15107,19966,811,607,3,"Great driver, very professional!",2022-02-07 21:33:59,2022-02
15108,19967,607,452,3,,2023-11-16 20:52:50,2023-11
15109,19968,607,1443,2,Car smelled bad.,2022-05-29 00:24:13,2022-05
15110,19970,607,553,5,,2022-06-23 01:20:57,2022-06
15111,19970,553,607,3,"Smooth ride, on time.",2022-06-23 00:00:57,2022-06
15112,19971,607,1001,4,"Easy pickup, no problems.",2024-01-19 11:06:01,2024-01
15113,19972,643,607,3,Very clean car.,2024-05-05 22:35:44,2024-05
15114,19975,778,607,3,,2023-01-13 09:37:29,2023-01
15115,19976,179,607,4,,2023-06-12 22:04:20,2023-06
15116,19978,607,868,3,,2023-07-01 17:54:57,2023-07
15117,19978,868,607,2,Super friendly and helpful.,2023-07-01 19:54:57,2023-07
15118,19979,607,1356,4,,2022-11-18 18:42:09,2022-11
15119,19980,607,1937,4,"Easy pickup, no problems.",2023-04-04 08:48:25,2023-04
15120,19981,607,132,4,Very comfortable ride.,2022-02-17 21:32:06,2022-02
15121,19983,607,1795,4,,2022-04-16 01:38:01,2022-04
15122,19984,607,1495,3,,2023-10-27 21:52:57,2023-10
15123,19984,1495,607,4,Very clean car.,2023-10-27 23:06:57,2023-10
15124,19985,607,155,5,,2022-02-16 10:07:28,2022-02
15125,19987,607,1206,5,,2023-01-06 14:23:32,2023-01
15126,19987,1206,607,4,Super friendly and helpful.,2023-01-06 14:58:32,2023-01
15127,19988,607,488,3,Fine driver.,2024-02-15 00:57:36,2024-02
15128,19988,488,607,3,Super friendly and helpful.,2024-02-15 01:45:36,2024-02
15129,19989,607,1243,5,"Perfect trip, no issues.",2024-03-17 03:19:57,2024-03
15130,19993,607,986,3,,2024-04-15 06:47:20,2024-04
15131,19994,818,607,2,"Great driver, very professional!",2024-02-16 12:30:37,2024-02
15132,19995,1917,1709,4,"Quick and efficient, thanks!",2023-02-24 08:35:14,2023-02
15133,19995,1709,1917,3,,2023-02-24 08:32:14,2023-02
15134,19996,1780,201,5,"Great rider, very polite.",2024-06-05 08:26:15,2024-06
15135,19997,327,1780,3,Super friendly and helpful.,2022-04-14 09:07:13,2022-04
15136,19999,1780,319,3,,2022-06-22 15:20:28,2022-06
